Time,SensorName,5G Availability (%),5G_DL_Data_Volume,5G_Num_of_User,Pkt_Loss_rate (%),5g_dl_throughput,5G_UL_Data_Volume,5g_ul_throughput
01-Mar-20,Z78NJ853B,100,0,1,0,83,0.0004,0
01-Mar-20,Z78JD823B,100,192.26,0,0,2.5,0.0382,15.9
01-Mar-20,Z78RI674A,100,277.22,1,0.02,97.52,7.69,38.8
01-Mar-20,Z78NJ853C,100,74.17,1,0.16,7.8,0.1685,4.8
01-Mar-20,Z78RI674B,100,196.57,1,0.04,3.25,240.19,219.1
01-Mar-20,Z78JD823A,100,176.08,1,0.27,8.71,191.93,6.9
01-Mar-20,Z78RI674C,100,292.61,1,0.1,23.66,0.6436,14
01-Mar-20,Z78NJ720C,100,206,2,0,40.98,701.03,7.9
01-Mar-20,Z78NJ720B,100,75.74,0,0,153.02,0.1349,52.5
01-Mar-20,Z78RY069A,100,129.42,1,20.83,552.72,11.53,10.8
01-Mar-20,Z78RI794A,100,134.35,1,0.76,750.58,0.483,64.7
01-Mar-20,Z78NJ350C,100,74.51,0,100,62.69,2.12,171.4
01-Mar-20,Z78NJ853A,100,0,1,0,2.15,0.0304,2.93
01-Mar-20,Z78RI661A,100,213.84,1,0.02,72.38,0.5721,1.3
01-Mar-20,Z78RY069B,100,123.78,1,12.39,81.36,1.35,17.7
01-Mar-20,Z78NJ720A,100,190.16,1,17.58,2.26,1.73,23.3
01-Mar-20,Z78RI794B,100,197.38,1,0.05,34.93,0.6244,860
01-Mar-20,Z78MD977C,100,31.03,0,3.07,15.79,0.2116,158.8
01-Mar-20,Z78NJ746B,100,185.73,1,0,14.62,0.6383,1.9
01-Mar-20,Z78NJ626C,100,235.4,0,0,5.19,6.47,2.84
02-Mar-20,Z78NJ853B,100,0,0,0,0,0,0
02-Mar-20,Z78JD823B,100,0,0,0,87,0,0
02-Mar-20,Z78RI674A,100,243.6,1,0.04,29.84,1.43,6.5
02-Mar-20,Z78NJ853C,100,278.85,1,0.03,48.56,7.81,75.5
02-Mar-20,Z78RI674B,100,166.88,1,0,1.85,62.57,15.6
02-Mar-20,Z78JD823A,100,139.95,1,0.06,11.1,299.04,6.9
02-Mar-20,Z78RI674C,100,593.24,1,0,9.33,0.2345,5.8
02-Mar-20,Z78NJ720C,100,153.18,1,0.01,38.34,999.85,10.3
02-Mar-20,Z78NJ720B,100,72.86,0,0,30.36,3.32,7.55
02-Mar-20,Z78RY069A,100,89.17,1,20,351.81,6.02,6.5
02-Mar-20,Z78RI794A,100,248.99,1,35.83,15.48,2.68,29.4
02-Mar-20,Z78NJ350C,100,145.1,0,3.17,23.79,0.9023,21.1
02-Mar-20,Z78NJ853A,100,126.46,1,0,7.91,0.4597,13.6
02-Mar-20,Z78RI661A,100,258.37,1,12.28,137.08,2.56,7.3
02-Mar-20,Z78RY069B,100,110.1,1,100,121.2,2.07,19.9
02-Mar-20,Z78NJ720A,100,179.73,1,8.94,4.09,4.9,24.5
02-Mar-20,Z78RI794B,100,124.5,1,0,9.85,2.88,140.4
02-Mar-20,Z78MD977C,100,310.29,0,1.12,122.78,2.88,225.9
02-Mar-20,Z78NJ746B,100,72.64,1,0,3.99,0.0809,2.93
02-Mar-20,Z78NJ626C,100,241.3,0,0.47,5.25,0.0965,2
03-Mar-20,Z78NJ853B,100,0,1,0,344.8,0.0082,0
03-Mar-20,Z78JD823B,100,0,0,0,122.9,0,0
03-Mar-20,Z78RI674A,100,55.94,1,0.21,23.79,0.5207,4
03-Mar-20,Z78NJ853C,100,684.93,1,0,1.01,62.06,5.62
03-Mar-20,Z78RI674B,100,155.41,1,0.01,700.96,25.62,16.4
03-Mar-20,Z78JD823A,100,106.75,1,0.08,15.72,316.76,17.1
03-Mar-20,Z78RI674C,100,128.12,1,0.11,24.72,0.5668,1.5
03-Mar-20,Z78NJ720C,100,191.94,2,0.06,41.27,809.94,67.9
03-Mar-20,Z78NJ720B,100,408.14,0,0,3.35,45.04,3.12
03-Mar-20,Z78RY069A,100,91.28,1,54.94,395.33,9.3,16.3
03-Mar-20,Z78RI794A,100,255.94,1,19.54,24.43,3.38,485
03-Mar-20,Z78NJ350C,100,185.28,0,0,23.86,0.6104,3
03-Mar-20,Z78NJ853A,100,56.08,1,0,3.42,0.0381,2.93
03-Mar-20,Z78RI661A,100,92.13,1,0.83,19.51,0.5218,4.9
03-Mar-20,Z78RY069B,100,117.58,1,45.83,45.28,1.05,13.1
03-Mar-20,Z78NJ720A,100,150.72,0,6.53,609.61,0.4089,15.6
03-Mar-20,Z78RI794B,100,171.66,1,0.11,32.76,0.5201,904
03-Mar-20,Z78MD977C,100,26.85,0,0.39,32.66,1.18,267.9
03-Mar-20,Z78NJ746B,100,499.75,1,0,3.84,0.1272,978
03-Mar-20,Z78NJ626C,100,232.26,0,0.13,10.72,0.3204,23
04-Mar-20,Z78NJ853B,100,0,1,0,924.6,0.0166,0
04-Mar-20,Z78JD823B,100,0,0,0,242.5,0.0034,2.93
04-Mar-20,Z78RI674A,100,160.76,1,0.02,65.49,1.19,4.2
04-Mar-20,Z78NJ853C,100,267.35,1,0.02,123.3,3.38,1.3
04-Mar-20,Z78RI674B,100,158.41,1,0.02,1.4,31.36,2.3
04-Mar-20,Z78JD823A,100,126.88,1,0.01,14.38,447.92,1.6
04-Mar-20,Z78RI674C,100,213.15,1,0,364.76,9.25,31.1
04-Mar-20,Z78NJ720C,100,195.8,1,0,51.59,797.94,19.4
04-Mar-20,Z78NJ720B,100,79.17,0,0.94,9.89,0.23,3.4
04-Mar-20,Z78RY069A,100,121.02,1,10.87,550.44,18.16,16.2
04-Mar-20,Z78RI794A,100,164.25,1,29.96,17.23,3.59,13.7
04-Mar-20,Z78NJ350C,100,369.44,0,0,7.15,0.0944,1.7
04-Mar-20,Z78NJ853A,100,118.68,1,0.14,15.55,0.5591,705
04-Mar-20,Z78RI661A,100,275.45,1,0.31,154.79,2.84,5.6
04-Mar-20,Z78RY069B,100,79.76,1,100,119.53,2.63,33.5
04-Mar-20,Z78NJ720A,100,148.17,0,42.74,5.26,2.36,26.4
04-Mar-20,Z78RI794B,100,457.55,1,0,14.89,0.3354,833
04-Mar-20,Z78MD977C,100,355.83,0,0.14,49.03,1.24,264
04-Mar-20,Z78NJ746B,100,201.47,1,0,24.96,0.0593,2.93
04-Mar-20,Z78NJ626C,100,30.67,0,0.19,4.05,0.0702,285
05-Mar-20,Z78NJ853B,100,0,0,0,0,0,0
05-Mar-20,Z78JD823B,100,403.53,0,100,297.97,0.099,2.06
05-Mar-20,Z78RI674A,100,147.5,1,0.01,12.58,405.71,288
05-Mar-20,Z78NJ853C,100,81.55,1,0.09,11.71,0.2798,2.7
05-Mar-20,Z78RI674B,100,151.45,1,0.05,5.22,111.74,9.1
05-Mar-20,Z78JD823A,100,227.26,1,0.28,40.42,1157.12,158.2
05-Mar-20,Z78RI674C,100,413.23,1,0.58,2,132.92,1.04
05-Mar-20,Z78NJ720C,100,113.88,1,0,28.48,993.2,12.8
05-Mar-20,Z78NJ720B,100,0,0,0,210.5,0.002,0
05-Mar-20,Z78RY069A,100,179.34,1,19.29,303.17,8.78,19.3
05-Mar-20,Z78RI794A,100,256.66,1,1.21,23.47,3.81,44.6
05-Mar-20,Z78NJ350C,100,0,0,0,5.55,0.0671,2.7
05-Mar-20,Z78NJ853A,100,0,1,0,734.1,0.0002,0
05-Mar-20,Z78RI661A,100,149.24,1,0.03,48.55,0.8181,2.3
05-Mar-20,Z78RY069B,100,71.2,1,100,28.85,1.23,11
05-Mar-20,Z78NJ720A,100,102.35,0,0,1.52,1.18,1.28
05-Mar-20,Z78RI794B,100,152.28,1,0.02,12.85,2.21,161.4
05-Mar-20,Z78MD977C,100,1628.16,1,0.73,65.45,9.22,222.7
05-Mar-20,Z78NJ746B,100,192.49,1,0.01,45.04,17.76,8.88
05-Mar-20,Z78NJ626C,100,171.37,0,0.33,8.21,0.2082,14
06-Mar-20,Z78NJ853B,100,0,1,0,134.3,0.0032,0
06-Mar-20,Z78JD823B,100,283.43,0,0,308.43,0.5287,7.9
06-Mar-20,Z78RI674A,100,139.75,1,0.01,5.96,156.81,85.1
06-Mar-20,Z78NJ853C,100,144.05,1,0,49.26,0.546,8.2
06-Mar-20,Z78RI674B,100,446.9,1,0,1.85,242.26,1.02
06-Mar-20,Z78JD823A,100,194.52,1,0.02,16.14,401.01,2
06-Mar-20,Z78RI674C,100,157.96,1,0.08,676.17,24.47,5
06-Mar-20,Z78NJ720C,100,152.97,1,0.01,12.98,508.51,39.3
06-Mar-20,Z78NJ720B,100,0,0,16.67,1.09,0.0011,0
06-Mar-20,Z78RY069A,100,174.71,1,24.91,18.54,0.4492,17.8
06-Mar-20,Z78RI794A,100,190.9,1,4.76,21.74,2.64,9.4
06-Mar-20,Z78NJ350C,100,86.82,0,0.84,53.24,0.9166,36.3
06-Mar-20,Z78NJ853A,100,133.45,1,3.4,67.27,2.14,13
06-Mar-20,Z78RI661A,100,243.32,1,0.35,1.59,45.14,17.3
06-Mar-20,Z78RY069B,100,120.89,1,8.53,46.57,0.5607,11.9
06-Mar-20,Z78NJ720A,100,132.41,0,0.05,1.23,225.93,838.7
06-Mar-20,Z78RI794B,100,356.27,1,0,50.13,1.26,4.4
06-Mar-20,Z78MD977C,100,302.8,0,0.41,54.28,2.43,182.6
06-Mar-20,Z78NJ746B,100,248.72,1,0.02,633.39,4.71,1
06-Mar-20,Z78NJ626C,100,89.77,0,0.49,5.49,0.4602,8.2
07-Mar-20,Z78NJ853B,100,0,1,0,155.6,0,0
07-Mar-20,Z78JD823B,100,0,0,0,0,0,0
07-Mar-20,Z78RI674A,100,140.52,1,0.2,295.17,78.11,1.72
07-Mar-20,Z78NJ853C,100,444.09,1,0,5.4,0.1133,495
07-Mar-20,Z78RI674B,100,442.66,1,0.74,16.72,2007.04,5.23
07-Mar-20,Z78JD823A,100,220.65,1,0,16.08,938.38,30.2
07-Mar-20,Z78RI674C,100,125.87,1,0.08,59.31,1.35,37
07-Mar-20,Z78NJ720C,100,123.46,1,0.01,20.39,979.12,73.8
07-Mar-20,Z78NJ720B,100,167.71,0,0.12,6.8,0.1575,21.1
07-Mar-20,Z78RY069A,100,111.04,1,100,12.36,0.2426,18.1
07-Mar-20,Z78RI794A,100,198.29,1,100,16.91,2.57,9.5
07-Mar-20,Z78NJ350C,100,303.35,0,18.71,19.21,0.3736,94.3
07-Mar-20,Z78NJ853A,100,174.9,1,0,5.5,0.176,1.6
07-Mar-20,Z78RI661A,100,231.11,1,3.09,97.05,12.12,543.1
07-Mar-20,Z78RY069B,100,165.93,1,22.17,83.5,2.27,6.7
07-Mar-20,Z78NJ720A,100,235.02,0,0.02,425.24,37.24,211.6
07-Mar-20,Z78RI794B,100,101.51,1,0,5.2,0.0428,2.86
07-Mar-20,Z78MD977C,100,0.3979,0,6.1,15.25,0.0604,154.3
07-Mar-20,Z78NJ746B,100,18.52,1,1.09,4.43,31.91,18.41
07-Mar-20,Z78NJ626C,100,106.98,0,0.14,10.64,0.1669,153.7
08-Mar-20,Z78NJ853B,100,0,0,0,0,0,0
08-Mar-20,Z78JD823B,100,83.49,0,0,1.44,0.02,2.78
08-Mar-20,Z78RI674A,100,407.18,1,0.9,29.22,4638.72,30.79
08-Mar-20,Z78NJ853C,100,1146.88,1,0.2,7.09,0.3455,13
08-Mar-20,Z78RI674B,100,133.86,1,0.05,57.66,1.36,689
08-Mar-20,Z78JD823A,100,218.84,1,0.41,13.05,1007.46,207.1
08-Mar-20,Z78RI674C,100,145.13,1,0.69,394.21,95.86,5.1
08-Mar-20,Z78NJ720C,100,146.86,1,0.01,17.15,828.77,64.7
08-Mar-20,Z78NJ720B,100,0,0,0,87.8,0,0
08-Mar-20,Z78RY069A,100,264.26,1,100,231.53,1.37,12.5
08-Mar-20,Z78RI794A,100,165.94,1,34.44,21.93,5.08,4.1
08-Mar-20,Z78NJ350C,100,36.14,0,0,6.95,0.0854,12.6
08-Mar-20,Z78NJ853A,100,427.13,1,0,7,0.0198,0
08-Mar-20,Z78RI661A,100,41.71,1,0.19,44.25,224.21,17
08-Mar-20,Z78RY069B,100,84.13,1,38.53,45.08,0.6188,3.9
08-Mar-20,Z78NJ720A,100,141.54,0,0.09,554.57,2.32,22.9
08-Mar-20,Z78RI794B,100,184.2,1,0,40.3,2.28,4.7
08-Mar-20,Z78MD977C,100,13.71,0,0.72,21.85,15.41,339.8
08-Mar-20,Z78NJ746B,100,190.12,1,0.02,41.38,1.07,8.8
08-Mar-20,Z78NJ626C,100,244.96,0,0.36,9.21,0.0905,1.7
09-Mar-20,Z78NJ853B,100,0,0,0,0,0,0
09-Mar-20,Z78JD823B,100,0,0,0.19,809.8,16.07,28.98
09-Mar-20,Z78RI674A,100,365.33,1,0.03,116.2,4.99,2.2
09-Mar-20,Z78NJ853C,100,20.91,1,0,1.28,0.072,675
09-Mar-20,Z78RI674B,100,201.27,1,2.15,140.26,1.1,20.1
09-Mar-20,Z78JD823A,100,200.98,1,0.01,19.18,243.44,4.6
09-Mar-20,Z78RI674C,100,337.63,1,0.08,353.36,4.28,978
09-Mar-20,Z78NJ720C,100,130.52,1,0,22.15,700.99,35.6
09-Mar-20,Z78NJ720B,100,0,0,0,421,0.0064,12.4
09-Mar-20,Z78RY069A,100,0,1,0,1.76,0.0057,3.5
09-Mar-20,Z78RI794A,100,163.26,1,0.12,2.11,0.5031,2.91
09-Mar-20,Z78NJ350C,100,101.04,0,0,30.45,48.14,13.87
09-Mar-20,Z78NJ853A,100,0,1,0,514.3,0.0004,0
09-Mar-20,Z78RI661A,100,248.32,1,0.02,46.04,1.14,6.9
09-Mar-20,Z78RY069B,100,59.22,1,100,95.36,1.02,17.8
09-Mar-20,Z78NJ720A,100,151.78,1,9.36,4.15,4.52,31.3
09-Mar-20,Z78RI794B,100,205.99,1,0.02,33.91,0.8866,15.1
09-Mar-20,Z78MD977C,100,36.45,0,0.73,30.89,2.17,257
09-Mar-20,Z78NJ746B,100,72.44,1,0,3.26,0.0351,2.9
09-Mar-20,Z78NJ626C,100,446.47,0,0,2.74,0.0156,2.93
10-Mar-20,Z78NJ853B,100,21.29,1,0,163.7,0.0002,0
10-Mar-20,Z78JD823B,100,0,0,0,175,0.0086,5.18
10-Mar-20,Z78RI674A,100,140.69,1,0.05,28.75,0.8175,5.3
10-Mar-20,Z78NJ853C,100,538.98,1,0.02,34.83,0.8408,2.1
10-Mar-20,Z78RI674B,100,503.85,1,4.74,1.77,1.47,5.7
10-Mar-20,Z78JD823A,100,228.97,1,0.01,23.63,280.49,5.7
10-Mar-20,Z78RI674C,100,338.18,1,0.21,1.04,19.12,48.6
10-Mar-20,Z78NJ720C,100,107.64,1,0,32.98,601.48,5.7
10-Mar-20,Z78NJ720B,100,0,0,0,80.8,0,0
10-Mar-20,Z78RY069A,100,0,1,36.67,997.4,0.0279,13.8
10-Mar-20,Z78RI794A,100,238.36,1,0,14.66,0.3972,3.1
10-Mar-20,Z78NJ350C,100,376.45,0,0,647.84,0.0089,0
10-Mar-20,Z78NJ853A,100,402.06,1,0,2.64,0.0243,2.91
10-Mar-20,Z78RI661A,100,494.24,1,0,38.13,0.8235,2
10-Mar-20,Z78RY069B,100,151.18,1,100,4.67,0.2598,18.2
10-Mar-20,Z78NJ720A,100,136.76,1,2.09,6.11,47.87,1.49
10-Mar-20,Z78RI794B,100,215.62,1,1.73,59.35,0.5774,3.4
10-Mar-20,Z78MD977C,100,121.41,0,0.36,46.95,3.09,271.4
10-Mar-20,Z78NJ746B,100,368.83,1,0,129.87,0.6992,509
10-Mar-20,Z78NJ626C,100,36.98,0,0.21,3.37,0.0427,47.4
11-Mar-20,Z78NJ853B,100,0,0,0,0,0,0
11-Mar-20,Z78JD823B,100,408.59,0,0,733,0.0203,0
11-Mar-20,Z78RI674A,100,76.3,1,0.05,37.57,0.5218,2.9
11-Mar-20,Z78NJ853C,100,101.23,1,0,8.33,0.3487,2.9
11-Mar-20,Z78RI674B,100,251.29,1,0.02,62.51,1.05,2.1
11-Mar-20,Z78JD823A,100,308.85,1,0,23.33,359.69,11.7
11-Mar-20,Z78RI674C,100,187.78,1,0.3,28.14,0.3026,928
11-Mar-20,Z78NJ720C,100,172.54,1,0.03,66.61,475.12,6.4
11-Mar-20,Z78NJ720B,100,0,0,0,362.9,0.0002,0
11-Mar-20,Z78RY069A,99.99,246.34,1,28.2,1.53,16.06,522.3
11-Mar-20,Z78RI794A,100,318.51,1,1.95,4.96,177.61,11.82
11-Mar-20,Z78NJ350C,100,49.14,0,0,5.15,0.0265,2.93
11-Mar-20,Z78NJ853A,100,418.41,1,0,13.59,0.1789,4.1
11-Mar-20,Z78RI661A,100,249.81,1,0.29,296.9,110.98,20.59
11-Mar-20,Z78RY069B,100,222.04,1,69.63,2.02,22.31,98
11-Mar-20,Z78NJ720A,100,117.88,1,2.18,4.71,27.87,11.9
11-Mar-20,Z78RI794B,100,596.03,1,0.21,2.85,231.47,3.78
11-Mar-20,Z78MD977C,100,38.69,0,0.9,83.55,1.03,238.5
11-Mar-20,Z78NJ746B,100,162.82,1,0,21.77,0.1173,3.1
11-Mar-20,Z78NJ626C,100,87.33,0,0.1,10.83,0.1909,10.1
12-Mar-20,Z78NJ853B,100,0,0,0,0,0,0
12-Mar-20,Z78JD823B,100,72.64,0,1.33,6.53,3.83,3.77
12-Mar-20,Z78RI674A,100,152.41,1,0.01,300.72,39.69,685.2
12-Mar-20,Z78NJ853C,100,154.1,1,0.19,158.04,94.16,7.16
12-Mar-20,Z78RI674B,100,185.69,1,0,1.02,41.56,5.4
12-Mar-20,Z78JD823A,100,257.07,1,0.02,5.72,250.08,1.3
12-Mar-20,Z78RI674C,100,206.55,1,0.06,428.38,19.46,230.3
12-Mar-20,Z78NJ720C,100,134.72,2,0.14,51.79,891.43,31.5
12-Mar-20,Z78NJ720B,100,78.6,0,0,1.32,0.0144,1.2
12-Mar-20,Z78RY069A,100,265.57,0,53.4,686.83,7.42,268.6
12-Mar-20,Z78RI794A,100,277.52,1,0,2.47,3645.44,73.47
12-Mar-20,Z78NJ350C,100,6.75,0,0,1.45,0.0005,0
12-Mar-20,Z78NJ853A,100,0,1,0,386.8,0.0011,0
12-Mar-20,Z78RI661A,100,126.67,1,0,19.81,0.6345,1.7
12-Mar-20,Z78RY069B,100,262.32,0,10.85,3.01,76.86,1.82
12-Mar-20,Z78NJ720A,100,101.21,1,0.74,7.86,68.6,12.7
12-Mar-20,Z78RI794B,100,323.4,1,0.05,11.52,0.2663,843
12-Mar-20,Z78MD977C,100,19.3,0,0.14,48.18,1.39,275.9
12-Mar-20,Z78NJ746B,100,289.98,1,0.17,24.02,0.427,3.6
12-Mar-20,Z78NJ626C,100,270.67,0,0,6.95,0.1491,10.2
13-Mar-20,Z78NJ853B,100,0,0,0,0,0,0
13-Mar-20,Z78JD823B,100,0,0,2,891.1,0.0047,0
13-Mar-20,Z78RI674A,100,187.68,1,0.7,5.86,342.6,303.6
13-Mar-20,Z78NJ853C,100,158.84,1,0.22,139.27,1.95,7.5
13-Mar-20,Z78RI674B,100,173.08,1,1.31,563.6,17.71,7.1
13-Mar-20,Z78JD823A,100,214.74,1,0.01,8.55,195.97,7
13-Mar-20,Z78RI674C,100,236.12,1,0.85,1.39,34.08,11.8
13-Mar-20,Z78NJ720C,100,134.38,2,0.33,56.12,3850.24,537.2
13-Mar-20,Z78NJ720B,99.87,167.82,0,0,329.8,3.5,586.6
13-Mar-20,Z78RY069A,100,230.33,0,92.46,282.11,10.7,402.5
13-Mar-20,Z78RI794A,100,136.94,1,0.35,35.14,0.3778,8.1
13-Mar-20,Z78NJ350C,100,0,0,0,568.2,0.0049,0
13-Mar-20,Z78NJ853A,100,732.16,1,0,4.36,0.1079,516
13-Mar-20,Z78RI661A,100,79.73,1,1.13,3.89,0.0414,4.4
13-Mar-20,Z78RY069B,100,0,0,100,343.9,0.0019,776
13-Mar-20,Z78NJ720A,99.87,91.37,1,0.1,13.68,197.59,174.7
13-Mar-20,Z78RI794B,100,326.66,1,0.05,13.16,0.183,3
13-Mar-20,Z78MD977C,100,21.34,0,0.62,58.56,0.7428,272.2
13-Mar-20,Z78NJ746B,100,0,1,0,1.15,0.0127,0
13-Mar-20,Z78NJ626C,100,106.64,0,0.23,5.03,0.1789,3.8
14-Mar-20,Z78NJ853B,100,0,0,0,0,0,0
14-Mar-20,Z78JD823B,100,0,0,0,0,0,0
14-Mar-20,Z78RI674A,100,187.64,1,0.34,2.94,335.74,83.5
14-Mar-20,Z78NJ853C,100,267.78,1,0.91,377.65,0.5103,717
14-Mar-20,Z78RI674B,100,159.28,1,8.73,2.74,3.4,3.4
14-Mar-20,Z78JD823A,100,337.56,1,0,22.83,1012.82,152.2
14-Mar-20,Z78RI674C,100,257.78,1,0.24,1.17,23.74,5.2
14-Mar-20,Z78NJ720C,100,123.92,1,0.01,36.87,1361.92,61.9
14-Mar-20,Z78NJ720B,100,81.78,0,0,6.46,0.3258,5
14-Mar-20,Z78RY069A,100,48.97,0,100,8.43,0.1778,12.1
14-Mar-20,Z78RI794A,100,178.11,1,14.93,86.74,2.16,6.4
14-Mar-20,Z78NJ350C,100,275.87,0,0.06,9.71,0.2338,9.6
14-Mar-20,Z78NJ853A,100,243.52,1,0,15.09,0.3779,1.1
14-Mar-20,Z78RI661A,100,107.24,1,0,6.83,0.224,28.5
14-Mar-20,Z78RY069B,100,191.46,0,32.01,474.72,46.33,42.1
14-Mar-20,Z78NJ720A,100,119.77,1,0.13,7.92,21,237.5
14-Mar-20,Z78RI794B,100,102.65,1,0.05,8.99,0.5042,60.4
14-Mar-20,Z78MD977C,100,2775.04,1,0.19,122.73,370.32,985.9
14-Mar-20,Z78NJ746B,100,25.75,1,0,2.8,0.0356,3
14-Mar-20,Z78NJ626C,100,52.13,0,0,5,0.137,3.6
15-Mar-20,Z78NJ853B,100,0,0,0,0,0,0
15-Mar-20,Z78JD823B,100,195.22,0,3.99,21.71,12.79,9.87
15-Mar-20,Z78RI674A,100,185.56,1,0.12,32.98,0.3807,3.1
15-Mar-20,Z78NJ853C,100,243.48,1,0.38,88.97,0.4058,4.8
15-Mar-20,Z78RI674B,100,474.59,1,0.28,651.48,5.81,2.7
15-Mar-20,Z78JD823A,100,211.02,0,0.01,3.11,157.85,70.2
15-Mar-20,Z78RI674C,100,471.63,1,0.41,2.32,54.1,72.9
15-Mar-20,Z78NJ720C,100,134.4,1,0,42.02,1576.96,141.3
15-Mar-20,Z78NJ720B,100,187.01,0,0.29,3.24,0.1971,2.3
15-Mar-20,Z78RY069A,100,770.94,0,11.34,3.94,78.89,3.33
15-Mar-20,Z78RI794A,100,286.61,1,0,12.9,0.2981,813
15-Mar-20,Z78NJ350C,100,75.59,0,0,12.84,0.439,592
15-Mar-20,Z78NJ853A,100,671.29,1,0.05,1.3,109.42,2.86
15-Mar-20,Z78RI661A,100,803.6,1,0,6.25,0.1188,1.3
15-Mar-20,Z78RY069B,100,571.37,0,16.11,28.74,1177.6,5.61
15-Mar-20,Z78NJ720A,100,116.55,1,1.86,5.56,2.87,2.1
15-Mar-20,Z78RI794B,100,159.13,1,0.07,31.68,1.06,7.6
15-Mar-20,Z78MD977C,100,13537.28,1,0.12,119.66,605.75,621.7
15-Mar-20,Z78NJ746B,100,179.48,1,0,4.01,0.0519,1.6
15-Mar-20,Z78NJ626C,100,0,0,0,2.69,0.0341,2.93
16-Mar-20,Z78NJ853B,100,0,0,0,0,0,0
16-Mar-20,Z78JD823B,100,0,0,0,0,0,0
16-Mar-20,Z78RI674A,100,171.53,1,2.25,2.09,133.61,298.9
16-Mar-20,Z78NJ853C,100,585.48,1,0,573.64,1.86,121.7
16-Mar-20,Z78RI674B,100,127.79,1,0.02,67,0.8097,3.6
16-Mar-20,Z78JD823A,100,177.49,0,0,646.35,90.11,321
16-Mar-20,Z78RI674C,100,136.62,1,0.33,305.84,21.47,251.5
16-Mar-20,Z78NJ720C,100,126.36,2,0.06,54.83,2887.68,330.6
16-Mar-20,Z78NJ720B,100,98.18,0,0,1.86,0.0178,2.3
16-Mar-20,Z78RY069A,100,30.28,0,10.42,721.4,0.0089,223.6
16-Mar-20,Z78RI794A,100,0,1,0,2.36,0.0466,0
16-Mar-20,Z78NJ350C,100,110.82,0,0,6.74,0.0794,942
16-Mar-20,Z78NJ853A,100,619.6,1,0,442,1.59,97.4
16-Mar-20,Z78RI661A,100,145.32,1,0,1.55,0.0227,0
16-Mar-20,Z78RY069B,100,69.3,0,100,24.86,1.18,20
16-Mar-20,Z78NJ720A,100,91.88,0,0.81,6.96,3.85,3.1
16-Mar-20,Z78RI794B,100,405.12,1,0,24.32,0.2656,1.2
16-Mar-20,Z78MD977C,100,17377.28,0,0.09,361.86,86.48,711.3
16-Mar-20,Z78NJ746B,100,0,1,0,4.23,0.1238,17.5
16-Mar-20,Z78NJ626C,100,161.53,0,0.1,17.03,0.2389,4.6
17-Mar-20,Z78NJ853B,100,0,0,0,0,0,0
17-Mar-20,Z78JD823B,100,0,0,0,357.3,0.0117,11.2
17-Mar-20,Z78RI674A,100,227.37,1,0.12,1.64,174.68,498.6
17-Mar-20,Z78NJ853C,100,305.07,1,5.11,126.62,2.58,2.3
17-Mar-20,Z78RI674B,100,163.98,1,0.07,64.25,0.5788,1.8
17-Mar-20,Z78JD823A,100,247.35,1,0,22.1,613.91,19.8
17-Mar-20,Z78RI674C,100,478.77,1,1.96,24.36,237.57,5
17-Mar-20,Z78NJ720C,100,116.32,2,0.08,72.21,1198.08,70.5
17-Mar-20,Z78NJ720B,100,0,0,0,0,0,0
17-Mar-20,Z78RY069A,100,307.64,0,100,4.28,0.1955,14.5
17-Mar-20,Z78RI794A,100,147.18,1,0.21,92.38,2.38,12.3
17-Mar-20,Z78NJ350C,100,413.07,0,0,12.04,0.1578,11.2
17-Mar-20,Z78NJ853A,100,450.54,1,0.16,9.57,0.1238,5.9
17-Mar-20,Z78RI661A,100,0,1,0,1.51,0.0112,40
17-Mar-20,Z78RY069B,100,269.39,0,100,6.34,0.4408,8.3
17-Mar-20,Z78NJ720A,100,118.37,0,0,13.39,0.1146,3.1
17-Mar-20,Z78RI794B,100,113.87,1,0,11.1,0.4225,8
17-Mar-20,Z78MD977C,100,4638.72,1,0.14,52.61,146.78,328.9
17-Mar-20,Z78NJ746B,100,174.35,1,0.04,17.86,0.4099,9.4
17-Mar-20,Z78NJ626C,100,329.28,0,0.21,7.61,0.0743,1.7
18-Mar-20,Z78NJ853B,100,0,0,0,0,0,0
18-Mar-20,Z78JD823B,100,15.83,0,0,299.5,0.0012,0
18-Mar-20,Z78RI674A,100,199.14,1,0.33,1.23,75.31,154.2
18-Mar-20,Z78NJ853C,100,0,1,0,3.43,0.0615,20.1
18-Mar-20,Z78RI674B,100,162.03,1,0.01,2.25,137.79,31.2
18-Mar-20,Z78JD823A,100,256.81,0,0.3,8.64,0.3004,870
18-Mar-20,Z78RI674C,100,249.73,1,1.17,4.5,58.13,16.4
18-Mar-20,Z78NJ720C,100,96.25,2,0.13,120.75,2181.12,61.9
18-Mar-20,Z78NJ720B,100,0,0,0,78.1,0,0
18-Mar-20,Z78RY069A,100,277.04,0,48.83,4.68,46.57,425.5
18-Mar-20,Z78RI794A,100,409.88,1,0,10.65,0.2183,3.1
18-Mar-20,Z78NJ350C,100,142.35,0,0.12,55.42,0.5092,4.3
18-Mar-20,Z78NJ853A,100,0,1,0,1.13,0.0191,0
18-Mar-20,Z78RI661A,100,235.79,1,0,2.42,0.0231,2.93
18-Mar-20,Z78RY069B,100,269.18,0,100,6.38,70.47,230.8
18-Mar-20,Z78NJ720A,100,101.96,0,7.38,2.5,0.9147,215.1
18-Mar-20,Z78RI794B,100,404.83,1,0,22.51,2.26,17.1
18-Mar-20,Z78MD977C,100,5150.72,1,0.08,58.87,345.56,405.9
18-Mar-20,Z78NJ746B,100,400.9,1,0,9.68,0.0861,27.2
18-Mar-20,Z78NJ626C,100,254.92,0,0.48,5.03,0.1146,3
19-Mar-20,Z78NJ853B,100,0,0,0,0,0,0
19-Mar-20,Z78JD823B,100,0,0,0,0,0,0
19-Mar-20,Z78RI674A,100,156.75,1,0.16,1.19,45.44,470.5
19-Mar-20,Z78NJ853C,100,386.63,1,0.04,62.52,1.08,5.1
19-Mar-20,Z78RI674B,100,199.12,1,0.25,5.6,527.34,316.9
19-Mar-20,Z78JD823A,100,119.5,0,0,1.17,23.94,421
19-Mar-20,Z78RI674C,100,126.14,1,0.13,2.2,4.98,4.5
19-Mar-20,Z78NJ720C,100,164.45,2,0.02,316.04,2375.68,23.3
19-Mar-20,Z78NJ720B,100,548.32,0,0.24,3.1,0.0557,2.88
19-Mar-20,Z78RY069A,100,126.85,0,41.85,16.28,0.174,4
19-Mar-20,Z78RI794A,100,59.54,1,18.83,15.28,0.4918,9.7
19-Mar-20,Z78NJ350C,100,155.36,0,15.68,41.51,0.3279,10
19-Mar-20,Z78NJ853A,100,13.23,1,0,836.7,0.0344,675
19-Mar-20,Z78RI661A,100,0,1,0,103.6,0.0036,2.9
19-Mar-20,Z78RY069B,100,117.73,0,100,1.92,0.0463,24.8
19-Mar-20,Z78NJ720A,100,76.77,0,1.15,14.17,0.1135,1.2
19-Mar-20,Z78RI794B,100,215.71,1,0,11.15,0.4279,11.8
19-Mar-20,Z78MD977C,100,4413.44,1,0.07,61.22,636.13,678.2
19-Mar-20,Z78NJ746B,100,161.32,1,0,6.19,0.0931,51.5
19-Mar-20,Z78NJ626C,100,49.53,0,0,1.07,0.056,25.1
20-Mar-20,Z78NJ853B,100,0,0,0,0,0,0
20-Mar-20,Z78JD823B,100,22.89,0,0,432.8,0.0007,0
20-Mar-20,Z78RI674A,100,144.88,1,1.44,3.77,77.38,6.9
20-Mar-20,Z78NJ853C,100,13.06,1,0,1.68,0.0227,2.93
20-Mar-20,Z78RI674B,100,287.56,1,0,1.56,153.31,543.5
20-Mar-20,Z78JD823A,100,184.88,0,0,12.08,456.86,6.6
20-Mar-20,Z78RI674C,100,305.51,1,0.05,375.85,90.29,6.74
20-Mar-20,Z78NJ720C,100,96.01,2,1.02,56.13,1904.64,102
20-Mar-20,Z78NJ720B,100,0,0,0,0,0,0
20-Mar-20,Z78RY069A,100,166.34,0,100,24.47,0.4762,20.6
20-Mar-20,Z78RI794A,100,156.66,1,6.47,404.18,4.7,20.2
20-Mar-20,Z78NJ350C,100,117.78,0,0.11,356.19,9.45,1.5
20-Mar-20,Z78NJ853A,100,108.93,1,0.18,8.49,0.2002,425
20-Mar-20,Z78RI661A,100,0,1,0,130.1,0,0
20-Mar-20,Z78RY069B,100,0,0,100,428.6,0.0352,5.3
20-Mar-20,Z78NJ720A,100,169.54,0,0.6,1.86,0.0356,2.93
20-Mar-20,Z78RI794B,100,360.27,1,0,9.69,0.1711,10.8
20-Mar-20,Z78MD977C,100,6696.96,1,0.45,47.41,154.21,325.6
20-Mar-20,Z78NJ746B,100,0,1,0,1.18,0.0128,0
20-Mar-20,Z78NJ626C,100,214.52,0,0,2.85,0.0299,2.93
21-Mar-20,Z78NJ853B,100,0,0,0,0,0,0
21-Mar-20,Z78JD823B,100,0,0,0,0,0,0
21-Mar-20,Z78RI674A,100,216.88,1,0.98,1.87,207.5,425.7
21-Mar-20,Z78NJ853C,100,163.64,1,8.33,7.98,0.3068,469
21-Mar-20,Z78RI674B,100,227.42,1,0,519.26,18.99,2.1
21-Mar-20,Z78JD823A,100,221.04,0,0.04,2.55,110.08,1.6
21-Mar-20,Z78RI674C,100,162.31,1,0.03,128.59,3.03,17.4
21-Mar-20,Z78NJ720C,100,127.87,3,0.23,91.08,5980.16,234.9
21-Mar-20,Z78NJ720B,100,85.84,0,0,6.66,0.0435,12.3
21-Mar-20,Z78RY069A,100,38.43,0,100,27.61,1.1,15
21-Mar-20,Z78RI794A,100,61.16,1,0,17.06,0.1453,11.9
21-Mar-20,Z78NJ350C,100,86.82,0,0,15.91,0.1361,13.4
21-Mar-20,Z78NJ853A,100,1075.2,1,0,4.25,0.081,0
21-Mar-20,Z78RI661A,100,0,1,0,45.2,0,0
21-Mar-20,Z78RY069B,100,102.97,0,100,4.7,1.13,41.3
21-Mar-20,Z78NJ720A,100,106.05,0,0.93,10.62,0.0619,1.4
21-Mar-20,Z78RI794B,100,0,1,0.3,5.11,0.1145,2.58
21-Mar-20,Z78MD977C,100,916.64,0,0.25,55.87,65.57,417
21-Mar-20,Z78NJ746B,100,558.74,1,0,3.37,0.0599,686
21-Mar-20,Z78NJ626C,100,115.33,0,0.05,23.24,0.509,27.5
22-Mar-20,Z78NJ853B,100,0,0,0,0,0,0
22-Mar-20,Z78JD823B,100,91.72,0,0,793.1,0.0192,2.9
22-Mar-20,Z78RI674A,100,367.6,1,2.31,1.65,70.31,384.6
22-Mar-20,Z78NJ853C,100,90.49,1,0,2.46,0.0605,2.91
22-Mar-20,Z78RI674B,100,210.97,1,0.01,935.91,37.68,34.8
22-Mar-20,Z78JD823A,100,128.33,1,0.05,19.21,701.26,15.2
22-Mar-20,Z78RI674C,100,67.82,1,0.24,7.72,0.1615,2.92
22-Mar-20,Z78NJ720C,100,93.42,3,0.15,94.87,4587.52,181.5
22-Mar-20,Z78NJ720B,100,23.28,0,0,1.22,0.0505,79.7
22-Mar-20,Z78RY069A,100,73,0,100,17.21,0.196,5.7
22-Mar-20,Z78RI794A,100,0,1,0,427.4,0.0111,15.8
22-Mar-20,Z78NJ350C,100,312.11,0,1.94,40.99,0.4038,8
22-Mar-20,Z78NJ853A,100,209.08,1,0,2.15,0.0813,4.7
22-Mar-20,Z78RI661A,100,775.74,1,0,3.29,0.0407,6.1
22-Mar-20,Z78RY069B,100,41.7,0,100,17.22,0.1973,20
22-Mar-20,Z78NJ720A,100,306.28,0,0.09,36.35,0.2953,8.4
22-Mar-20,Z78RI794B,100,214.79,1,0,2.02,0.0511,806
22-Mar-20,Z78MD977C,100,2816,0,0.27,104.91,759.57,1.41
22-Mar-20,Z78NJ746B,100,169,1,0,8.67,0.1072,21.4
22-Mar-20,Z78NJ626C,100,0,0,0,251.1,0,0
23-Mar-20,Z78NJ853B,100,0,0,0,0,0,0
23-Mar-20,Z78JD823B,100,31.42,0,5.99,1.76,0.0438,21.6
23-Mar-20,Z78RI674A,100,252.33,1,0.69,526.23,19.74,51
23-Mar-20,Z78NJ853C,100,155.7,1,0,1.63,0.0397,11.4
23-Mar-20,Z78RI674B,100,320.71,1,0.06,132.8,3.66,22.4
23-Mar-20,Z78JD823A,100,147.62,1,0.25,19.91,563.34,9.7
23-Mar-20,Z78RI674C,100,66.21,1,0,8.56,0.0948,20.9
23-Mar-20,Z78NJ720C,100,103.5,3,0.16,76.26,1925.12,71.4
23-Mar-20,Z78NJ720B,100,587.44,0,0,7.74,618.84,14.48
23-Mar-20,Z78RY069A,100,327.64,0,100,11.01,0.2453,5.4
23-Mar-20,Z78RI794A,100,162.99,1,0,2.11,0.0728,609
23-Mar-20,Z78NJ350C,100,330.2,0,0.79,1.72,6.47,63.2
23-Mar-20,Z78NJ853A,100,243.3,1,0,4.92,0.1969,1.4
23-Mar-20,Z78RI661A,100,0,1,0,580.9,0.0048,0
23-Mar-20,Z78RY069B,100,267.17,0,100,25.6,0.7055,8.6
23-Mar-20,Z78NJ720A,100,122.52,0,0.6,76.66,4.19,4.8
23-Mar-20,Z78RI794B,100,272.76,1,0,41.34,0.8312,1
23-Mar-20,Z78MD977C,100,3911.68,1,0.48,110.72,194.46,518.7
23-Mar-20,Z78NJ746B,100,0,1,0,2.2,0.0268,2.92
23-Mar-20,Z78NJ626C,100,28.93,0,0,1.15,0.1077,4.1
24-Mar-20,Z78NJ853B,100,0,0,0,0,0,0
24-Mar-20,Z78JD823B,100,149.44,0,0.01,79.02,1.31,1.2
24-Mar-20,Z78RI674A,100,115.06,1,1.39,26.91,4352,2.9
24-Mar-20,Z78NJ853C,100,0,1,0,1.33,0.051,4.5
24-Mar-20,Z78RI674B,100,171.91,1,0,10.33,0.1289,846
24-Mar-20,Z78JD823A,100,272.86,1,0.07,31.64,1146.88,133.2
24-Mar-20,Z78RI674C,100,127.26,1,0.33,7.27,0.0426,668
24-Mar-20,Z78NJ720C,100,147.73,4,0.02,153.29,1996.8,90.2
24-Mar-20,Z78NJ720B,100,0,0,0,0,0,0
24-Mar-20,Z78RY069A,100,363.03,0,0,2.35,4.47,6
24-Mar-20,Z78RI794A,100,345.37,1,0,4.71,0.0802,1.8
24-Mar-20,Z78NJ350C,100,211.7,0,0.37,10.86,2.22,3.9
24-Mar-20,Z78NJ853A,100,163.66,1,0,717.8,0.016,2.93
24-Mar-20,Z78RI661A,100,253.2,1,0,6.54,0.087,1
24-Mar-20,Z78RY069B,100,215.89,0,0.03,253,0.7816,11.8
24-Mar-20,Z78NJ720A,100,148.9,1,6.36,12.94,5.18,532.3
24-Mar-20,Z78RI794B,100,274.81,1,0,25.38,0.2229,642
24-Mar-20,Z78MD977C,100,1720.32,1,0.66,77.24,65.83,327.2
24-Mar-20,Z78NJ746B,100,101.14,1,0,7.89,0.3156,1.8
24-Mar-20,Z78NJ626C,100,332.96,0,0,1.56,0.0769,13.1
25-Mar-20,Z78NJ853B,100,159.81,1,0,8.62,0.4916,376
25-Mar-20,Z78JD823B,100,290.22,0,0.19,14.37,745.64,1.83
25-Mar-20,Z78RI674A,100,348.83,1,0.12,442.84,10.27,2.7
25-Mar-20,Z78NJ853C,100,0,1,0,1.2,0.0277,0
25-Mar-20,Z78RI674B,100,214.27,1,9.8,30.39,7.06,1.9
25-Mar-20,Z78JD823A,100,73.66,0,0.49,5.15,147.18,3.3
25-Mar-20,Z78RI674C,100,137.19,1,0,8.7,0.0794,4.5
25-Mar-20,Z78NJ720C,100,134.19,3,0.06,137.07,1843.2,35
25-Mar-20,Z78NJ720B,100,121.47,0,0,2.43,0.0068,0
25-Mar-20,Z78RY069A,100,358.14,0,0,36.31,0.5246,702
25-Mar-20,Z78RI794A,100,570.88,1,0,115.58,0.7184,1.4
25-Mar-20,Z78NJ350C,100,125.54,0,0.08,484.55,1.9,20
25-Mar-20,Z78NJ853A,100,479.89,1,0.04,16.19,0.5285,503
25-Mar-20,Z78RI661A,100,0,1,0,701.8,0.0039,2.93
25-Mar-20,Z78RY069B,100,26.38,0,0,569.9,0.0066,2.93
25-Mar-20,Z78NJ720A,100,199.23,0,1.86,3.48,7.95,186.9
25-Mar-20,Z78RI794B,100,366.5,1,0,256.97,3.49,1.3
25-Mar-20,Z78MD977C,99.57,10618.88,1,0.06,75.99,947.77,660.6
25-Mar-20,Z78NJ746B,100,70.97,1,0,22.31,0.573,10.1
25-Mar-20,Z78NJ626C,100,128.3,0,0.27,1.53,0.038,2.88
26-Mar-20,Z78NJ853B,100,401.43,1,0,1.24,0.0753,2.4
26-Mar-20,Z78JD823B,100,415.35,0,0.04,15.14,323.7,1.69
26-Mar-20,Z78RI674A,100,319.94,1,0.01,3.07,60.15,1.8
26-Mar-20,Z78NJ853C,100,324.81,1,0,46.38,1.04,3.8
26-Mar-20,Z78RI674B,100,268.4,1,0,70.25,1.61,2.2
26-Mar-20,Z78JD823A,100,121.91,0,0.21,87.09,2.04,3.2
26-Mar-20,Z78RI674C,100,134.05,1,0.05,61.88,0.7862,1.7
26-Mar-20,Z78NJ720C,100,86.31,3,0.41,153.35,4229.12,41.3
26-Mar-20,Z78NJ720B,100,0,0,0,1.03,0.0109,2.93
26-Mar-20,Z78RY069A,100,114.89,0,2.46,62.54,0.0661,1
26-Mar-20,Z78RI794A,100,19.33,1,0,4.64,2.92,1.46
26-Mar-20,Z78NJ350C,100,129.17,0,0.15,8.68,1.21,9
26-Mar-20,Z78NJ853A,100,177.83,1,0,67.67,1.83,3.7
26-Mar-20,Z78RI661A,100,0,1,100,242.7,0.0001,0
26-Mar-20,Z78RY069B,100,0,0,0,0,0,0
26-Mar-20,Z78NJ720A,100,113.56,0,39.74,3.56,2.05,208.3
26-Mar-20,Z78RI794B,100,0,1,0,3.49,0.0182,0
26-Mar-20,Z78MD977C,100,60.74,0,8.16,28.15,0.3263,65.4
26-Mar-20,Z78NJ746B,100,196.19,1,0,27.6,0.512,12.6
26-Mar-20,Z78NJ626C,100,251.92,0,0,1.09,0.0083,2.93
27-Mar-20,Z78NJ853B,100,0,1,0,25.6,0.0001,0
27-Mar-20,Z78JD823B,100,227.87,1,0.07,53.25,112.79,84.3
27-Mar-20,Z78RI674A,100,291.15,1,0.03,8.62,354.21,5
27-Mar-20,Z78NJ853C,100,187.62,1,0,10.24,0.2895,585
27-Mar-20,Z78RI674B,100,399.24,1,0,3.76,0.1265,1.2
27-Mar-20,Z78JD823A,100,207.08,1,0.23,30.58,668.53,18.3
27-Mar-20,Z78RI674C,100,93.24,1,0.04,60.3,0.7897,861
27-Mar-20,Z78NJ720C,100,94.64,3,0.3,81,982.76,11.6
27-Mar-20,Z78NJ720B,100,0,0,0,0,0,0
27-Mar-20,Z78RY069A,100,152.7,0,14.27,24.28,0.41,7.2
27-Mar-20,Z78RI794A,100,126.39,1,0,58.94,1.6,10.4
27-Mar-20,Z78NJ350C,100,92.13,0,4.12,6.63,6.63,3.8
27-Mar-20,Z78NJ853A,100,672.43,1,0,8.1,771.98,15.52
27-Mar-20,Z78RI661A,100,28.33,1,0,551.3,0.0193,11.2
27-Mar-20,Z78RY069B,100,42.92,0,0,12.19,5.57,591.4
27-Mar-20,Z78NJ720A,100,111.87,1,1.74,4.52,1.62,10.4
27-Mar-20,Z78RI794B,100,638.48,1,0,3.32,0.6361,18.1
27-Mar-20,Z78MD977C,100,4290.56,1,0.49,64.87,63.23,276
27-Mar-20,Z78NJ746B,100,364.16,1,0.17,2,0.1655,3.3
27-Mar-20,Z78NJ626C,100,57.61,0,0,449.2,0.003,2.9
28-Mar-20,Z78NJ853B,100,0,0,0,0,0,0
28-Mar-20,Z78JD823B,100,217.85,1,0.34,77.67,383.75,17.6
28-Mar-20,Z78RI674A,100,353.58,1,4.88,2.4,104.69,53.8
28-Mar-20,Z78NJ853C,100,473.31,1,0,588.83,78.6,8.14
28-Mar-20,Z78RI674B,100,159.34,1,0.71,20.01,1.83,15.5
28-Mar-20,Z78JD823A,100,254.07,1,0.22,29.85,724.85,8.8
28-Mar-20,Z78RI674C,100,342.66,1,0.05,21.91,0.2901,990
28-Mar-20,Z78NJ720C,100,94.61,3,0,92.66,5928.96,477.7
28-Mar-20,Z78NJ720B,100,0,0,40,125.3,0.0009,0
28-Mar-20,Z78RY069A,100,311.61,0,15.75,44.82,0.7766,28
28-Mar-20,Z78RI794A,100,66.63,1,0.02,53.68,1.5,8.5
28-Mar-20,Z78NJ350C,100,164.39,0,0.83,194.07,2.74,2.4
28-Mar-20,Z78NJ853A,100,63.47,1,0,2.13,0.137,12.1
28-Mar-20,Z78RI661A,100,34.42,1,0,1.04,0.0272,2.93
28-Mar-20,Z78RY069B,100,126.06,0,0,18.64,0.3395,2
28-Mar-20,Z78NJ720A,100,210.38,0,41.81,99.4,0.0999,488.9
28-Mar-20,Z78RI794B,100,0,1,0,1.08,0.0209,0
28-Mar-20,Z78MD977C,100,6338.56,2,0.52,59.77,321.5,378.9
28-Mar-20,Z78NJ746B,100,193.81,1,0.1,10.49,0.2498,3.9
28-Mar-20,Z78NJ626C,100,128.28,0,0,8.53,0.031,10.8
29-Mar-20,Z78NJ853B,100,0,0,0,0,0,0
29-Mar-20,Z78JD823B,100,148.36,1,0.14,14.47,192.24,11.3
29-Mar-20,Z78RI674A,100,150.5,1,4.07,1.44,28.13,23.2
29-Mar-20,Z78NJ853C,100,107.58,1,0.2,2.47,0.1204,19.7
29-Mar-20,Z78RI674B,100,221.97,1,0.19,9.83,0.2098,981
29-Mar-20,Z78JD823A,100,183.08,1,0.05,26.8,701.34,20.2
29-Mar-20,Z78RI674C,100,141.55,1,2.08,32.6,1.35,47.2
29-Mar-20,Z78NJ720C,100,94.27,2,0.01,75.13,2232.32,52.9
29-Mar-20,Z78NJ720B,100,199.09,0,0,1.75,0.077,1.3
29-Mar-20,Z78RY069A,100,124.89,0,0,6.4,0.0876,2.8
29-Mar-20,Z78RI794A,100,0,1,0,8.24,2.31,11.9
29-Mar-20,Z78NJ350C,100,248.84,0,0.04,673.05,0.9297,14.6
29-Mar-20,Z78NJ853A,100,0,0,0,0,0,0
29-Mar-20,Z78RI661A,100,0,1,0,807.3,0.0016,2.06
29-Mar-20,Z78RY069B,100,184.67,0,1.18,3.46,0.0712,7.2
29-Mar-20,Z78NJ720A,100,96.69,0,3.09,1.46,1.04,5.4
29-Mar-20,Z78RI794B,100,535.79,1,0,3.13,0.0468,949
29-Mar-20,Z78MD977C,100,21739.52,2,0.42,53.32,1423.36,441.3
29-Mar-20,Z78NJ746B,100,161.97,1,0,1.64,0.0409,15.3
29-Mar-20,Z78NJ626C,100,589.1,0,0,3.32,0.0817,1.2
30-Mar-20,Z78NJ853B,100,0,1,0,762.9,0.0155,0
30-Mar-20,Z78JD823B,100,284.55,1,0.81,107.48,14.59,13.2
30-Mar-20,Z78RI674A,100,282.69,1,0.02,1.45,102.39,496.8
30-Mar-20,Z78NJ853C,100,142.17,1,0.01,47.2,6.76,15
30-Mar-20,Z78RI674B,100,207.96,1,0.05,30.07,0.7884,803
30-Mar-20,Z78JD823A,100,217.35,1,0.13,38.74,731.63,15.1
30-Mar-20,Z78RI674C,100,39.67,1,0.12,6.61,0.1757,723
30-Mar-20,Z78NJ720C,100,93.88,3,0.11,99.67,3502.08,64.4
30-Mar-20,Z78NJ720B,100,0,0,0,0,0,0
30-Mar-20,Z78RY069A,100,185.31,0,0.37,25.53,0.043,2.93
30-Mar-20,Z78RI794A,100,0,1,0,917.9,0.0148,2.93
30-Mar-20,Z78NJ350C,100,203.3,0,4.34,131.77,4.71,5.3
30-Mar-20,Z78NJ853A,100,106.48,1,0.12,3.87,0.0923,993
30-Mar-20,Z78RI661A,100,94.87,1,0,7.5,0.1975,5.9
30-Mar-20,Z78RY069B,100,430.37,0,0,10.71,2.11,177.4
30-Mar-20,Z78NJ720A,100,190.7,0,60.3,1.15,0.5901,218.1
30-Mar-20,Z78RI794B,100,33.06,1,0,3,0.2039,30.9
30-Mar-20,Z78MD977C,100,22353.92,2,1.4,63.15,646.19,333.9
30-Mar-20,Z78NJ746B,100,338.2,1,0,2.72,0.0594,1
30-Mar-20,Z78NJ626C,100,40.98,0,0.46,5.96,14.49,8.58
31-Mar-20,Z78NJ853B,100,0,1,0,62,0,0
31-Mar-20,Z78JD823B,100,251.55,1,6.83,130.18,354.96,34.6
31-Mar-20,Z78RI674A,100,324.92,1,0.15,1.85,48.93,47.9
31-Mar-20,Z78NJ853C,100,14.2,1,0,247.9,0.0019,0
31-Mar-20,Z78RI674B,100,364.34,1,0.01,273.88,6.61,665
31-Mar-20,Z78JD823A,100,289.21,1,0.09,24.5,514.11,49.4
31-Mar-20,Z78RI674C,100,120.49,1,0.07,56.48,1.27,895
31-Mar-20,Z78NJ720C,100,91.2,3,6.91,88.31,3686.4,90.7
31-Mar-20,Z78NJ720B,100,0,0,0,0,0,0
31-Mar-20,Z78RY069A,100,286.24,0,0.01,51.28,0.8947,44.5
31-Mar-20,Z78RI794A,100,228.1,1,6.05,112.14,2.39,7.7
31-Mar-20,Z78NJ350C,100,103.47,0,5.95,6.36,0.0985,1.4
31-Mar-20,Z78NJ853A,100,0,1,0,29.2,0,0
31-Mar-20,Z78RI661A,100,1.38,1,0,1.73,0.0203,15.4
31-Mar-20,Z78RY069B,100,281.46,0,0,16.34,3.93,103.5
31-Mar-20,Z78NJ720A,100,65.5,1,76.92,9.63,4.12,358.9
31-Mar-20,Z78RI794B,100,163.8,1,0,15.57,1.89,10.7
31-Mar-20,Z78MD977C,100,14182.4,2,0.65,50.95,74.99,270.5
31-Mar-20,Z78NJ746B,100,387.81,1,0,1.17,95.97,297.9
31-Mar-20,Z78NJ626C,100,127.46,0,0.75,1.67,0.0157,0
01-Apr-20,Z78NJ853B,100,0,1,0,73.5,0.0001,0
01-Apr-20,Z78JD823B,100,189.52,1,0.75,21.25,11.89,131.1
01-Apr-20,Z78RI674A,100,136.46,1,0.01,2.58,30.86,80.1
01-Apr-20,Z78NJ853C,100,118.4,1,0,3.95,0.0714,1
01-Apr-20,Z78RI674B,100,100.3,1,0,13.68,0.4369,29.4
01-Apr-20,Z78JD823A,100,197.27,1,0.21,39.58,1290.24,46
01-Apr-20,Z78RI674C,100,224.95,1,0,15.37,0.1315,1.8
01-Apr-20,Z78NJ720C,100,128.9,3,0.09,144.37,3246.08,74.2
01-Apr-20,Z78NJ720B,100,0,0,0,283.4,0.0056,0
01-Apr-20,Z78RY069A,100,191.26,0,9.45,11.15,0.0584,115.3
01-Apr-20,Z78RI794A,100,241.66,1,0.03,49.65,0.8777,5
01-Apr-20,Z78NJ350C,100,188.57,0,0.2,573.43,0.6449,5.7
01-Apr-20,Z78NJ853A,100,0,1,0,208.6,0.0002,0
01-Apr-20,Z78RI661A,100,0,1,0,592.3,0.0001,0
01-Apr-20,Z78RY069B,100,265.81,0,0,113.74,1.79,1.1
01-Apr-20,Z78NJ720A,100,155.89,0,100,261.72,0.0773,491.8
01-Apr-20,Z78RI794B,100,101.79,1,0,8.42,0.2128,2.6
01-Apr-20,Z78MD977C,100,29009.92,2,0.63,53.29,559.77,310.3
01-Apr-20,Z78NJ746B,100,461.69,1,0.01,9.8,128.65,1.4
01-Apr-20,Z78NJ626C,100,43.37,0,0,1.02,0.0027,0
02-Apr-20,Z78NJ853B,100,0,0,0,0,0,0
02-Apr-20,Z78JD823B,100,366.76,1,0.19,115.77,528.21,128.8
02-Apr-20,Z78RI674A,100,196.65,1,1.05,2.17,31.57,6
02-Apr-20,Z78NJ853C,100,0,1,0,1.11,0.0062,0
02-Apr-20,Z78RI674B,100,287.38,1,0.08,12.29,0.4905,2.3
02-Apr-20,Z78JD823A,100,167.14,1,0.68,25.58,1310.72,29.3
02-Apr-20,Z78RI674C,100,189.64,1,0,155.34,3.21,12.6
02-Apr-20,Z78NJ720C,100,86.06,2,0.55,144.72,3246.08,36
02-Apr-20,Z78NJ720B,100,0,0,0,0,0,0
02-Apr-20,Z78RY069A,100,167.54,0,34.03,54.43,0.1944,10.4
02-Apr-20,Z78RI794A,100,0,0,0,0,0,0
02-Apr-20,Z78NJ350C,100,166.99,0,0,231.81,0.1765,21.8
02-Apr-20,Z78NJ853A,100,0,0,0,0,0,0
02-Apr-20,Z78RI661A,100,0,1,0,548,0.0001,0
02-Apr-20,Z78RY069B,100,171.09,0,0,74.61,1.62,456
02-Apr-20,Z78NJ720A,100,50.65,0,7.69,8.34,0.0071,337.4
02-Apr-20,Z78RI794B,100,0,1,0,123.5,0,0
02-Apr-20,Z78MD977C,100,12288,2,2.37,50.08,18.28,184.6
02-Apr-20,Z78NJ746B,100,363.62,1,0.01,7.51,166.05,17.6
02-Apr-20,Z78NJ626C,100,0,0,0,1.53,0.0316,0
03-Apr-20,Z78NJ853B,100,0,0,0,0,0,0
03-Apr-20,Z78JD823B,100,228.53,1,0.01,35.15,392.8,44.3
03-Apr-20,Z78RI674A,100,168.28,1,2.84,8.84,234.72,141.2
03-Apr-20,Z78NJ853C,100,38.24,1,0,2.05,0.0181,2.93
03-Apr-20,Z78RI674B,100,141.63,1,1.52,26.6,1.09,4.7
03-Apr-20,Z78JD823A,100,276.3,1,0.18,33.23,1341.44,141.1
03-Apr-20,Z78RI674C,100,120.17,1,0.09,100.04,2.6,10.2
03-Apr-20,Z78NJ720C,100,76.07,1,0.25,35.65,893.77,47.8
03-Apr-20,Z78NJ720B,100,0,0,0,0,0,0
03-Apr-20,Z78RY069A,100,434.65,0,0,12.77,12.56,3.6
03-Apr-20,Z78RI794A,100,12.41,1,0,601,0.0092,2.93
03-Apr-20,Z78NJ350C,100,101.59,0,12.74,54.17,9.54,69.4
03-Apr-20,Z78NJ853A,100,0,1,0,365.1,0.0001,0
03-Apr-20,Z78RI661A,100,153.28,1,0,4.07,0.4036,3.4
03-Apr-20,Z78RY069B,100,469.47,0,0.92,17.87,2.41,13.8
03-Apr-20,Z78NJ720A,100,74.3,0,11.68,1.32,0.3341,199.7
03-Apr-20,Z78RI794B,100,32.13,1,0.15,5.34,0.211,1.8
03-Apr-20,Z78MD977C,100,93634.56,2,0.3,123.65,2068.48,617.2
03-Apr-20,Z78NJ746B,100,255.37,1,0,12.53,4444.16,1.02
03-Apr-20,Z78NJ626C,100,142.97,0,0,884.7,0.0015,0
04-Apr-20,Z78NJ853B,100,0,0,0,0,0,0
04-Apr-20,Z78JD823B,100,127.68,1,2,35.61,18.42,10.1
04-Apr-20,Z78RI674A,100,205.8,1,10.65,1.67,3.72,9.4
04-Apr-20,Z78NJ853C,100,451.47,1,0,19.16,0.1482,741
04-Apr-20,Z78RI674B,100,0,1,0.27,2.33,0.0732,13.9
04-Apr-20,Z78JD823A,100,179.67,0,0.06,23.54,681.74,76.9
04-Apr-20,Z78RI674C,100,135.16,1,0.04,14.5,0.2543,1.7
04-Apr-20,Z78NJ720C,100,150.42,2,0.37,91.88,1392.64,34.9
04-Apr-20,Z78NJ720B,100,0,0,0,20,0,0
04-Apr-20,Z78RY069A,100,129.32,0,1.86,69.32,1.09,11.9
04-Apr-20,Z78RI794A,100,109.55,1,0.51,491.58,14.7,763
04-Apr-20,Z78NJ350C,100,229.39,0,0.77,1.9,0.1541,20.1
04-Apr-20,Z78NJ853A,100,576.39,1,0,25.23,0.2567,2.3
04-Apr-20,Z78RI661A,100,0,1,0,3.9,0,0
04-Apr-20,Z78RY069B,100,147.44,0,0.04,1.81,249.87,8.9
04-Apr-20,Z78NJ720A,100,124.26,1,9.52,5.69,4.47,741.2
04-Apr-20,Z78RI794B,100,134.23,1,0.03,18.74,16.89,2.19
04-Apr-20,Z78MD977C,100,29265.92,2,0.02,77.53,681.12,405.4
04-Apr-20,Z78NJ746B,100,265.5,1,0,20.11,1392.64,171.4
04-Apr-20,Z78NJ626C,100,137.7,0,0.65,5.87,0.0291,2.91
05-Apr-20,Z78NJ853B,100,0,1,0,175.6,0.0063,2.93
05-Apr-20,Z78JD823B,100,188.64,0,2.5,7.34,5.43,7.2
05-Apr-20,Z78RI674A,100,186.7,1,3.43,1.16,56.42,111.2
05-Apr-20,Z78NJ853C,100,0,1,0,960.8,0.0931,712
05-Apr-20,Z78RI674B,100,311.23,1,1.15,41.22,0.4817,2.9
05-Apr-20,Z78JD823A,100,192.62,1,0.39,49.03,2908.16,207.6
05-Apr-20,Z78RI674C,100,173.01,1,0.08,12.67,0.5372,59.2
05-Apr-20,Z78NJ720C,100,91.28,1,0.18,42.27,1228.8,16.8
05-Apr-20,Z78NJ720B,100,0,0,0,0,0,0
05-Apr-20,Z78RY069A,100,235.3,0,1.44,20.55,0.5156,34.7
05-Apr-20,Z78RI794A,100,398.72,1,0.03,755.05,48.98,571
05-Apr-20,Z78NJ350C,100,139.41,0,1.43,215.75,1.86,7.8
05-Apr-20,Z78NJ853A,100,71.52,1,0,1.23,0.0593,1.4
05-Apr-20,Z78RI661A,100,215.7,1,10.74,15.87,0.9605,4.8
05-Apr-20,Z78RY069B,100,195.51,0,0,2.04,0.063,2.93
05-Apr-20,Z78NJ720A,100,226.36,0,9.17,1.42,0.4503,16.7
05-Apr-20,Z78RI794B,100,153.83,1,0,12.94,1.44,13.9
05-Apr-20,Z78MD977C,100,1689.6,1,0,38.53,884.22,699
05-Apr-20,Z78NJ746B,100,216.54,1,0,78.09,1402.88,10.9
05-Apr-20,Z78NJ626C,100,66.71,0,0.35,1.66,0.0391,2.6
06-Apr-20,Z78NJ853B,100,0,0,0,0,0,0
06-Apr-20,Z78JD823B,100,166.67,1,6.96,20.46,7.34,28.2
06-Apr-20,Z78RI674A,100,193.41,1,0.28,4.34,161.31,4.8
06-Apr-20,Z78NJ853C,100,309.73,1,0,22.09,1.91,8.1
06-Apr-20,Z78RI674B,100,153.52,1,0.05,8.65,0.1521,29.2
06-Apr-20,Z78JD823A,100,162.66,2,0.13,59.12,2099.2,41.9
06-Apr-20,Z78RI674C,100,202.64,1,0.07,61.24,3.33,48.3
06-Apr-20,Z78NJ720C,100,115.03,2,0.14,58.57,1228.8,428.8
06-Apr-20,Z78NJ720B,100,0,0,0,0,0,0
06-Apr-20,Z78RY069A,100,545.59,0,0,17.74,5048.32,57.78
06-Apr-20,Z78RI794A,100,158.67,1,0.01,23.34,772.07,38.56
06-Apr-20,Z78NJ350C,100,188.23,0,1.69,631.21,4.55,13.5
06-Apr-20,Z78NJ853A,100,502.83,1,0,4.07,0.0718,20.8
06-Apr-20,Z78RI661A,100,61.4,1,0,1.06,0.0187,2.93
06-Apr-20,Z78RY069B,100,467.3,0,0.01,30.23,4167.68,60.33
06-Apr-20,Z78NJ720A,100,128.94,0,14.81,676.35,0.4146,0
06-Apr-20,Z78RI794B,100,412.91,1,0,21.79,607.42,52.34
06-Apr-20,Z78MD977C,100,971.3,2,0,35.56,51.25,305.9
06-Apr-20,Z78NJ746B,100,373.09,1,0,7.17,113.64,468
06-Apr-20,Z78NJ626C,100,260.65,0,1.45,3.2,0.035,1
07-Apr-20,Z78NJ853B,100,0,0,0,0,0,0
07-Apr-20,Z78JD823B,100,232.47,1,47.88,22.86,5.06,11
07-Apr-20,Z78RI674A,100,213.36,1,0.44,1.49,2.01,13.4
07-Apr-20,Z78NJ853C,100,195.49,1,0,2.9,0.03,2.93
07-Apr-20,Z78RI674B,100,149.43,1,0.05,21.19,0.415,15.9
07-Apr-20,Z78JD823A,100,123.15,1,0.13,32.54,1361.92,74
07-Apr-20,Z78RI674C,100,153.34,1,0.02,25.1,0.8125,29.2
07-Apr-20,Z78NJ720C,100,104.74,3,0.05,136.48,2641.92,49.3
07-Apr-20,Z78NJ720B,100,0,0,0,121.7,0,0
07-Apr-20,Z78RY069A,100,400.14,0,0.12,12.5,50.12,2.53
07-Apr-20,Z78RI794A,100,0,1,0,70.7,0.0001,0
07-Apr-20,Z78NJ350C,100,24.62,0,1.19,1.99,0.0173,19.33
07-Apr-20,Z78NJ853A,100,218.17,1,0,1.22,0.0196,2.83
07-Apr-20,Z78RI661A,100,0,1,0,1.62,0.0128,2.93
07-Apr-20,Z78RY069B,100,406.18,0,0,19.83,19.24,22
07-Apr-20,Z78NJ720A,100,121.09,0,7.69,1.47,1.88,0
07-Apr-20,Z78RI794B,100,159.39,1,0.07,12.04,0.331,48.7
07-Apr-20,Z78MD977C,100,5580.8,1,0.2,78.91,206.81,487.1
07-Apr-20,Z78NJ746B,100,139.16,1,0,21.95,829.09,4.1
07-Apr-20,Z78NJ626C,100,135.18,0,0,4.01,0.0609,1
08-Apr-20,Z78NJ853B,100,0,0,0,0,0,0
08-Apr-20,Z78JD823B,100,164.12,1,1.12,75.73,12.14,1.24
08-Apr-20,Z78RI674A,100,204.45,1,0.91,1.01,31.09,24.4
08-Apr-20,Z78NJ853C,100,0,1,0,297.6,0.0002,0
08-Apr-20,Z78RI674B,100,285.92,1,0,4.54,0.1224,3.3
08-Apr-20,Z78JD823A,100,173.83,1,0.06,21.67,564.65,33.9
08-Apr-20,Z78RI674C,100,0,1,0,705.6,0.0018,0
08-Apr-20,Z78NJ720C,100,92.43,3,0.18,255.28,6420.48,117.1
08-Apr-20,Z78NJ720B,100,0,0,0,128.8,0,0
08-Apr-20,Z78RY069A,100,0,0,0,0,0,0
08-Apr-20,Z78RI794A,100,326.16,1,4.34,166.98,2.78,9.9
08-Apr-20,Z78NJ350C,100,13.29,0,100,2.72,2.55,691
08-Apr-20,Z78NJ853A,100,0,1,0,393.3,0.0075,0
08-Apr-20,Z78RI661A,100,0,1,0,486.4,0.0066,2.93
08-Apr-20,Z78RY069B,100,0,0,0,357.7,0.0019,0
08-Apr-20,Z78NJ720A,100,149.1,0,19.75,668.94,0.3952,453.5
08-Apr-20,Z78RI794B,100,13.13,1,0,2.25,0.0616,294
08-Apr-20,Z78MD977C,98.6,9103.36,1,0.05,130.66,246.23,568.5
08-Apr-20,Z78NJ746B,100,138.19,1,0,18.42,736.44,9.1
08-Apr-20,Z78NJ626C,100,92.49,0,0,3.68,19.16,11.59
09-Apr-20,Z78NJ853B,100,0,0,0,0,0,0
09-Apr-20,Z78JD823B,100,152.52,0,15.53,19.63,3.58,9.3
09-Apr-20,Z78RI674A,100,169.21,1,1.77,2.51,11.58,65.6
09-Apr-20,Z78NJ853C,100,132.58,1,0,10.55,0.245,2.5
09-Apr-20,Z78RI674B,100,303.31,1,0.37,4.94,0.054,147.2
09-Apr-20,Z78JD823A,100,124.57,1,0.05,38.32,1187.84,53.8
09-Apr-20,Z78RI674C,100,117.06,1,0,2.86,0.0735,2.48
09-Apr-20,Z78NJ720C,100,64.34,2,0.02,142.59,2283.52,30.2
09-Apr-20,Z78NJ720B,100,0,0,0,0,0,0
09-Apr-20,Z78RY069A,100,432.7,0,0,14.23,1.19,1.3
09-Apr-20,Z78RI794A,100,147.1,1,0,696.96,19.69,12.5
09-Apr-20,Z78NJ350C,100,586.74,0,0.04,261.61,3.33,736
09-Apr-20,Z78NJ853A,100,11.2,1,0,374.1,0.0101,2.93
09-Apr-20,Z78RI661A,100,0,1,0,1.48,0.0098,0
09-Apr-20,Z78RY069B,100,447.98,0,0,17.35,15.63,6.1
09-Apr-20,Z78NJ720A,100,173.7,0,10.62,26.73,0.0313,708.6
09-Apr-20,Z78RI794B,100,147.05,1,0,26.51,0.8896,7.7
09-Apr-20,Z78MD977C,99.45,11776,1,0.01,62.75,736.86,421
09-Apr-20,Z78NJ746B,100,219.87,1,0.03,108.62,2519.04,44.5
09-Apr-20,Z78NJ626C,100,303.77,0,0.33,4.06,0.0606,1.69
10-Apr-20,Z78NJ853B,100,0,0,0,0,0,0
10-Apr-20,Z78JD823B,100,187.45,1,0.07,14.29,1126.4,183.8
10-Apr-20,Z78RI674A,100,225.31,1,0.2,8.55,47.82,15.7
10-Apr-20,Z78NJ853C,100,66.42,1,0,1.12,0.0292,45.8
10-Apr-20,Z78RI674B,100,125.19,1,0,5.72,0.073,32.3
10-Apr-20,Z78JD823A,100,118.78,1,0.02,34.28,1002.79,26.9
10-Apr-20,Z78RI674C,100,150.09,1,0,5.74,0.1485,28.1
10-Apr-20,Z78NJ720C,100,47.35,2,0.07,104.24,2856.96,13.4
10-Apr-20,Z78NJ720B,100,0,0,0,233.8,0.0006,0
10-Apr-20,Z78RY069A,100,0,0,0,0,0,0
10-Apr-20,Z78RI794A,100,229.76,1,0.1,864.33,10.82,14.5
10-Apr-20,Z78NJ350C,100,32.18,0,0,2.62,0.0128,2.93
10-Apr-20,Z78NJ853A,100,141.13,1,0,1.68,0.1563,2.3
10-Apr-20,Z78RI661A,100,0,0,0,0,0,0
10-Apr-20,Z78RY069B,100,0,0,0,0,0,0
10-Apr-20,Z78NJ720A,100,0,0,0,129.2,0,0
10-Apr-20,Z78RI794B,100,183.8,1,0,3.12,0.0995,3.3
10-Apr-20,Z78MD977C,100,2293.76,1,0.01,71.54,18.88,289
10-Apr-20,Z78NJ746B,100,211.61,1,0,20.58,805,5.8
10-Apr-20,Z78NJ626C,100,0,0,4.17,421.1,0.0036,22.2
11-Apr-20,Z78NJ853B,100,0,1,0,197.1,0.002,0
11-Apr-20,Z78JD823B,100,243.38,0,0,13.95,1.71,17.1
11-Apr-20,Z78RI674A,100,143.26,1,0.16,2.71,112.48,268.6
11-Apr-20,Z78NJ853C,100,368.62,1,0,16.53,0.5749,433
11-Apr-20,Z78RI674B,100,233.14,1,0.01,46.59,11.89,531.1
11-Apr-20,Z78JD823A,100,139.33,1,0.14,27.95,735.19,16.8
11-Apr-20,Z78RI674C,100,168.92,1,0.06,27.89,0.602,1.5
11-Apr-20,Z78NJ720C,100,101.63,3,0.02,144.69,3143.68,130.2
11-Apr-20,Z78NJ720B,100,594.22,0,0,7.61,718.12,15.3
11-Apr-20,Z78RY069A,100,15.2,0,0,311.6,0.0063,0
11-Apr-20,Z78RI794A,100,70.18,1,0,11.8,0.5508,9.1
11-Apr-20,Z78NJ350C,100,180.78,0,2.12,142.33,1.27,16.5
11-Apr-20,Z78NJ853A,100,607.44,1,0.02,8.08,785.48,13.86
11-Apr-20,Z78RI661A,100,33.79,1,0,68.8,0.001,0
11-Apr-20,Z78RY069B,100,0,0,0,0,0,0
11-Apr-20,Z78NJ720A,100,0,0,0,0,0,0
11-Apr-20,Z78RI794B,100,284.13,1,0,4.36,0.0967,316
11-Apr-20,Z78MD977C,100,6604.8,1,0.01,70.8,47.61,327.4
11-Apr-20,Z78NJ746B,100,225.9,1,0,12.58,1863.68,71.5
11-Apr-20,Z78NJ626C,100,96.11,0,0,1.47,0.2348,4.8
12-Apr-20,Z78NJ853B,100,0,1,0,59.6,0.0008,0
12-Apr-20,Z78JD823B,100,140.39,1,1.49,82.76,7.7,65.5
12-Apr-20,Z78RI674A,100,168.27,1,0.03,3.71,245.79,557.5
12-Apr-20,Z78NJ853C,100,198.21,1,0,3.01,0.0318,2.93
12-Apr-20,Z78RI674B,100,128.73,1,0.21,22.06,0.6091,3.7
12-Apr-20,Z78JD823A,100,130.44,2,0.18,52.99,1935.36,25.7
12-Apr-20,Z78RI674C,100,102.69,1,0.29,6.04,0.1348,569
12-Apr-20,Z78NJ720C,100,133.91,3,0.08,322.08,3143.68,92.8
12-Apr-20,Z78NJ720B,100,238.86,0,18.28,5.11,0.0979,283.1
12-Apr-20,Z78RY069A,100,299.98,0,0,11.16,0.2837,1.1
12-Apr-20,Z78RI794A,100,389.73,1,0,4.75,0.0532,3.3
12-Apr-20,Z78NJ350C,100,172.48,0,15.44,3.9,0.858,4.4
12-Apr-20,Z78NJ853A,100,146.72,1,0,1.13,0.0156,2.93
12-Apr-20,Z78RI661A,100,44.78,1,0,2.9,0.027,16.2
12-Apr-20,Z78RY069B,100,656,0,0.5,8.26,576.92,1.15
12-Apr-20,Z78NJ720A,100,0,0,0,0,0,0
12-Apr-20,Z78RI794B,100,394.37,1,0,3.91,0.036,326.4
12-Apr-20,Z78MD977C,99.43,67870.72,2,0.04,151.09,689.33,430.8
12-Apr-20,Z78NJ746B,100,136.85,1,0,15.16,820.77,3.8
12-Apr-20,Z78NJ626C,100,22.54,0,0,1.24,0.2117,94
13-Apr-20,Z78NJ853B,100,412.53,1,0.02,3.17,4.83,27.4
13-Apr-20,Z78JD823B,100,187.06,1,0.37,11.66,9.09,27.5
13-Apr-20,Z78RI674A,100,240.14,1,0.22,481.24,0.8349,65.4
13-Apr-20,Z78NJ853C,100,441.14,1,0.23,8.75,37.36,21
13-Apr-20,Z78RI674B,100,598.33,1,0.05,900.03,49.08,2.83
13-Apr-20,Z78JD823A,100,133.11,2,0.5,54.19,1884.16,16.7
13-Apr-20,Z78RI674C,100,201.39,1,0.13,111.39,2.13,1.9
13-Apr-20,Z78NJ720C,100,81.45,3,0.01,123.23,4945.92,139.3
13-Apr-20,Z78NJ720B,100,0,0,0,872.6,0.0001,0
13-Apr-20,Z78RY069A,100,390.84,0,0,11.71,0.1473,3.4
13-Apr-20,Z78RI794A,100,391.79,1,0,4.34,0.1053,3.8
13-Apr-20,Z78NJ350C,100,183.41,0,78.95,7.66,0.9769,166.2
13-Apr-20,Z78NJ853A,100,408.65,1,0,12.21,17.19,39.5
13-Apr-20,Z78RI661A,100,127.52,1,0,6.62,0.1365,2.3
13-Apr-20,Z78RY069B,100,360.45,0,0.07,20.51,316.73,105.8
13-Apr-20,Z78NJ720A,100,77.99,0,0,4.31,0.1146,5.3
13-Apr-20,Z78RI794B,100,259,1,0,4.46,0.1443,1.2
13-Apr-20,Z78MD977C,100,1269.76,1,0,42.54,75.76,325.7
13-Apr-20,Z78NJ746B,100,265.08,1,0,19.07,643.39,5
13-Apr-20,Z78NJ626C,100,180.02,0,0,498.6,0.0077,1.21
14-Apr-20,Z78NJ853B,100,0,1,0,0,0,0
14-Apr-20,Z78JD823B,100,204.77,1,4.68,44.79,7.9,49.5
14-Apr-20,Z78RI674A,100,202.01,1,0.01,948.6,17.94,29.8
14-Apr-20,Z78NJ853C,100,395.3,1,0,1.46,72.95,5.75
14-Apr-20,Z78RI674B,100,158.43,1,0,5.46,0.1382,734
14-Apr-20,Z78JD823A,100,144.28,2,0.93,42.01,1423.36,17.2
14-Apr-20,Z78RI674C,100,783.68,1,0,7.43,0.0735,532
14-Apr-20,Z78NJ720C,99.97,80.23,3,0,105.62,2099.2,33.1
14-Apr-20,Z78NJ720B,99.97,326.27,0,0.03,41.12,1.44,373
14-Apr-20,Z78RY069A,100,0,0,0,1.64,0.0218,19.3
14-Apr-20,Z78RI794A,100,0,1,0,573.7,0.0007,0
14-Apr-20,Z78NJ350C,100,148.18,1,1.96,23.05,220.07,12.5
14-Apr-20,Z78NJ853A,100,171.61,1,0,14.68,0.2475,3.89
14-Apr-20,Z78RI661A,100,0,1,0,1.17,0.0006,0
14-Apr-20,Z78RY069B,100,40.8,0,1.39,2.52,0.0727,2.93
14-Apr-20,Z78NJ720A,99.97,0,0,0,0,0,0
14-Apr-20,Z78RI794B,100,65.21,1,0,1.95,0.048,2.9
14-Apr-20,Z78MD977C,100,2.61,0,0.32,50.19,0.0912,277.9
14-Apr-20,Z78NJ746B,100,180.77,1,0,7.84,565.84,2.3
14-Apr-20,Z78NJ626C,100,0,0,0,1.06,0.0102,2.02
15-Apr-20,Z78NJ853B,100,350.17,1,0.08,1.65,219.13,232.6
15-Apr-20,Z78JD823B,100,93.78,1,0.37,9.52,12.52,24.2
15-Apr-20,Z78RI674A,100,287.87,1,0.01,12.82,789.16,1.04
15-Apr-20,Z78NJ853C,100,348.12,1,0.02,6.51,1525.76,853.5
15-Apr-20,Z78RI674B,100,58.44,1,1.46,2.26,0.0162,2.9
15-Apr-20,Z78JD823A,100,122.62,2,0.7,53.74,1976.32,24.2
15-Apr-20,Z78RI674C,100,18.88,1,0,2.19,0.0033,0
15-Apr-20,Z78NJ720C,100,87.33,4,0.04,164.78,8232.96,303.2
15-Apr-20,Z78NJ720B,100,11.13,0,0,560.9,0.0103,0
15-Apr-20,Z78RY069A,100,166.6,0,0.03,48.2,0.5453,9.2
15-Apr-20,Z78RI794A,100,68.97,0,0.03,1.05,25.99,457
15-Apr-20,Z78NJ350C,100,208.07,1,54.71,17.24,2.19,94
15-Apr-20,Z78NJ853A,100,57.93,1,100,88.73,0.6175,67.3
15-Apr-20,Z78RI661A,100,16.65,0,0,2.19,0.0436,2.9
15-Apr-20,Z78RY069B,100,25.14,0,0.32,2.27,0.0397,20
15-Apr-20,Z78NJ720A,100,0,0,0,938.4,0.0026,0
15-Apr-20,Z78RI794B,100,19.83,0,0.11,9.2,0.1837,1.1
15-Apr-20,Z78MD977C,100,1740.8,1,0,68.35,0.7801,278.5
15-Apr-20,Z78NJ746B,100,229.82,1,0,18.42,590.25,6.1
15-Apr-20,Z78NJ626C,100,16.77,0,0,1.44,0.0163,3.73
16-Apr-20,Z78NJ853B,100,333.84,1,0.36,11.7,0.9694,3.9
16-Apr-20,Z78JD823B,100,151.03,1,26.4,5.41,1.42,8.4
16-Apr-20,Z78RI674A,100,346.37,1,0,47.66,1873.92,195
16-Apr-20,Z78NJ853C,100,346.73,1,0.02,7.53,355.65,81.5
16-Apr-20,Z78RI674B,100,79.82,1,0.06,10.07,0.3434,7
16-Apr-20,Z78JD823A,100,146.75,2,0.14,51.93,1402.88,19.2
16-Apr-20,Z78RI674C,100,105.47,1,0,7.63,0.1896,37.2
16-Apr-20,Z78NJ720C,100,115.5,3,0.16,109.92,1505.28,34.4
16-Apr-20,Z78NJ720B,100,0,0,0,797.9,0.0092,0
16-Apr-20,Z78RY069A,100,76.63,0,0.22,8.84,0.3407,18.3
16-Apr-20,Z78RI794A,100,140.08,0,0.02,1.67,88.96,9.3
16-Apr-20,Z78NJ350C,100,163.14,1,13.67,23.49,3.22,9.7
16-Apr-20,Z78NJ853A,100,85.07,1,0.13,5.8,0.1697,4.6
16-Apr-20,Z78RI661A,100,26.77,0,0,553.8,0.0042,2.93
16-Apr-20,Z78RY069B,100,88.6,0,0.25,4.05,94.41,5.3
16-Apr-20,Z78NJ720A,100,0,0,0,0,0,0
16-Apr-20,Z78RI794B,100,3.14,0,0,1.58,0.0129,114.9
16-Apr-20,Z78MD977C,100,6277.12,2,12.83,41,1.26,126.4
16-Apr-20,Z78NJ746B,100,260.12,1,0,17.3,402.75,7.5
16-Apr-20,Z78NJ626C,100,72.7,0,0,7.24,0.1733,16.5
17-Apr-20,Z78NJ853B,100,346.86,1,0,287.26,6.36,709
17-Apr-20,Z78JD823B,99.81,89.36,1,0,118.07,0.0159,0
17-Apr-20,Z78RI674A,100,339.82,1,0,32.47,1761.28,270.2
17-Apr-20,Z78NJ853C,100,303.5,1,0,63.93,1341.44,34.8
17-Apr-20,Z78RI674B,100,0,1,0,69.2,0.0011,0
17-Apr-20,Z78JD823A,99.81,142.36,2,0.09,49.45,1751.04,15.6
17-Apr-20,Z78RI674C,100,42.53,1,0,2.33,0.0171,1.48
17-Apr-20,Z78NJ720C,100,79.99,3,0.03,113.84,7567.36,104.4
17-Apr-20,Z78NJ720B,100,0,0,0,614.6,0.0008,0
17-Apr-20,Z78RY069A,100,5.66,0,0,989.9,0.0042,0
17-Apr-20,Z78RI794A,100,68.61,0,0.29,1.14,29.01,4.2
17-Apr-20,Z78NJ350C,100,132.38,1,100,5.71,2.79,12.6
17-Apr-20,Z78NJ853A,100,0,1,0,91.6,0.0003,0
17-Apr-20,Z78RI661A,100,0,0,0,626.5,0.0005,0
17-Apr-20,Z78RY069B,100,105.17,0,0.58,6.64,267.96,38.6
17-Apr-20,Z78NJ720A,100,0,0,0,1.3,0.0076,0
17-Apr-20,Z78RI794B,100,10.94,0,0,11.97,0.3197,3.8
17-Apr-20,Z78MD977C,100,10905.6,1,4.16,49.34,7.34,93
17-Apr-20,Z78NJ746B,100,161,1,0.01,4.64,64.17,5.7
17-Apr-20,Z78NJ626C,100,210.95,0,0,1.8,0.1077,2.4
18-Apr-20,Z78NJ853B,100,458.68,1,0.05,7.15,113.08,2
18-Apr-20,Z78JD823B,100,172.92,1,0.02,14.85,608.93,90.7
18-Apr-20,Z78RI674A,100,405.49,1,0,33.02,1249.28,107.5
18-Apr-20,Z78NJ853C,100,145.19,1,0.05,3.09,46.17,8
18-Apr-20,Z78RI674B,100,93.02,1,0.78,444.53,10.9,13.1
18-Apr-20,Z78JD823A,100,182.87,1,0,40.11,1443.84,20.2
18-Apr-20,Z78RI674C,100,16.84,1,0,1.01,0.0049,11.07
18-Apr-20,Z78NJ720C,100,75.03,3,0.01,106.46,2723.84,46.3
18-Apr-20,Z78NJ720B,100,151.8,0,0,11.87,0.212,1.9
18-Apr-20,Z78RY069A,100,89.56,0,0.08,29.83,0.6348,3.7
18-Apr-20,Z78RI794A,100,50.79,0,0.01,520.51,11.91,4.6
18-Apr-20,Z78NJ350C,100,89.7,1,100,17.17,5.06,11.7
18-Apr-20,Z78NJ853A,100,132.22,1,0.14,336.07,16.16,48
18-Apr-20,Z78RI661A,100,1.75,0,0,171.3,0.001,0
18-Apr-20,Z78RY069B,100,74.7,1,0.6,6.7,321.69,72.3
18-Apr-20,Z78NJ720A,100,0,0,0,0,0,0
18-Apr-20,Z78RI794B,100,17.39,0,0,21.76,0.6955,10.5
18-Apr-20,Z78MD977C,100,25630.72,2,0.01,57.65,15.84,273.3
18-Apr-20,Z78NJ746B,100,205.25,1,0,19.08,1996.8,460.9
18-Apr-20,Z78NJ626C,100,0,0,0,446.8,0.0062,2.93
19-Apr-20,Z78NJ853B,100,202.86,1,0.02,6.54,447.27,295.7
19-Apr-20,Z78JD823B,100,198.12,1,0.59,19.99,6.5,36.8
19-Apr-20,Z78RI674A,100,329.05,1,0,34.79,2416.64,512.5
19-Apr-20,Z78NJ853C,100,270.98,1,0.37,962.27,16.09,5.4
19-Apr-20,Z78RI674B,100,50.77,0,0.42,10.08,0.1418,2.3
19-Apr-20,Z78JD823A,100,159.7,2,0,52.98,1587.2,10.4
19-Apr-20,Z78RI674C,100,67.05,0,0,13.35,0.1589,1.1
19-Apr-20,Z78NJ720C,100,107.94,3,0.05,130.77,1720.32,76.5
19-Apr-20,Z78NJ720B,100,215.15,0,0,2.91,0.1246,48.8
19-Apr-20,Z78RY069A,100,0,0,0,227.4,0.0026,0
19-Apr-20,Z78RI794A,100,79.32,0,0.59,356.12,5.5,7.4
19-Apr-20,Z78NJ350C,100,103.78,1,3.47,21.92,3.82,20.8
19-Apr-20,Z78NJ853A,100,63.42,1,0,2.71,0.1161,0
19-Apr-20,Z78RI661A,100,45.07,0,0,2.95,0.0906,10.7
19-Apr-20,Z78RY069B,100,234.9,1,0.45,18.06,450.63,30.4
19-Apr-20,Z78NJ720A,100,236.41,0,0,3.21,0.0442,92.8
19-Apr-20,Z78RI794B,100,9.74,0,0.22,3.93,0.1698,10.6
19-Apr-20,Z78MD977C,100,23459.84,2,0.01,54.59,31.84,247.6
19-Apr-20,Z78NJ746B,100,246.65,1,0,22.9,514.83,2.2
19-Apr-20,Z78NJ626C,100,62.47,0,0,15.61,0.1825,8.8
20-Apr-20,Z78NJ853B,99.84,82.95,0,0,29.99,501.76,11.6
20-Apr-20,Z78JD823B,100,132.2,0,0,5.12,1.1,0
20-Apr-20,Z78RI674A,100,196.32,1,0,26.69,965.05,161.9
20-Apr-20,Z78NJ853C,99.84,74.49,1,0,4.55,3143.68,2.16
20-Apr-20,Z78RI674B,100,67.22,0,0.24,7.76,0.184,725
20-Apr-20,Z78JD823A,100,181.77,2,0,50.05,1607.68,11.7
20-Apr-20,Z78RI674C,100,89.53,0,0.16,13.38,0.3102,1.5
20-Apr-20,Z78NJ720C,100,96.33,2,0.05,83.11,3563.52,26.3
20-Apr-20,Z78NJ720B,100,64.48,0,0,3.36,0.0433,27.69
20-Apr-20,Z78RY069A,100,0,0,0,0,0,0
20-Apr-20,Z78RI794A,100,5.14,0,0,282.2,0.0029,0
20-Apr-20,Z78NJ350C,100,113.49,0,8.19,6.62,2.62,560.9
20-Apr-20,Z78NJ853A,99.84,18.48,0,0,8.2,0.2757,3.8
20-Apr-20,Z78RI661A,100,163.83,0,0,7.66,0.1826,1.1
20-Apr-20,Z78RY069B,100,73.01,0,0.01,1.46,36.69,1.4
20-Apr-20,Z78NJ720A,100,97.67,0,0,4.67,0.0341,95.1
20-Apr-20,Z78RI794B,100,43.89,0,0,18.12,0.647,2.1
20-Apr-20,Z78MD977C,100,16117.76,2,0.01,54.15,65.47,285.1
20-Apr-20,Z78NJ746B,99.84,44.19,0,0,1.6,14.9,644
20-Apr-20,Z78NJ626C,100,68.26,0,0,3.22,0.0236,2.35
21-Apr-20,Z78NJ853B,100,135.36,0,0.19,13.53,0.0696,668
21-Apr-20,Z78JD823B,100,49.03,0,6.67,4.37,0.0044,0
21-Apr-20,Z78RI674A,100,84.33,1,0,29.82,916.73,54.2
21-Apr-20,Z78NJ853C,100,196.15,1,0.2,2.64,314.17,323.2
21-Apr-20,Z78RI674B,100,78.39,0,0.04,53.95,0.6712,1.8
21-Apr-20,Z78JD823A,100,97.79,1,0.02,28.37,1218.56,12.2
21-Apr-20,Z78RI674C,100,42.97,0,2.18,9.19,0.4196,11.3
21-Apr-20,Z78NJ720C,100,55.29,3,0.15,102.74,3225.6,92.6
21-Apr-20,Z78NJ720B,100,301.04,0,0,10.09,0.1103,88.9
21-Apr-20,Z78RY069A,100,39.27,0,4.31,15.92,0.0636,2.93
21-Apr-20,Z78RI794A,100,7.08,0,0,3.67,0.2834,10.7
21-Apr-20,Z78NJ350C,100,92.24,1,11.68,23.87,6.1,1.44
21-Apr-20,Z78NJ853A,100,90.12,0,0,3.24,0.207,389
21-Apr-20,Z78RI661A,100,32.37,0,0,15.73,0.3252,1.3
21-Apr-20,Z78RY069B,100,1.57,0,0,658.3,0.0132,0
21-Apr-20,Z78NJ720A,100,116.39,0,3.85,38.78,0.0161,2.93
21-Apr-20,Z78RI794B,100,0,0,0,263.4,0.0007,0
21-Apr-20,Z78MD977C,100,8765.44,1,0.04,72.83,6.51,276.9
21-Apr-20,Z78NJ746B,100,99.62,1,0,16.08,3225.6,210.9
21-Apr-20,Z78NJ626C,100,23,0,0,2.03,0.0656,602
22-Apr-20,Z78NJ853B,100,69.21,0,0.09,17.44,0.5084,16.7
22-Apr-20,Z78JD823B,100,155.56,0,4.4,4.4,0.553,5.8
22-Apr-20,Z78RI674A,100,238.46,1,0,50.45,1955.84,259.7
22-Apr-20,Z78NJ853C,100,205.88,1,0.01,16.32,832.96,170.5
22-Apr-20,Z78RI674B,100,21.55,0,0.89,60.04,14.25,536.4
22-Apr-20,Z78JD823A,100,141.96,1,0,34.17,994.16,5.1
22-Apr-20,Z78RI674C,100,92.64,0,0.14,30.02,0.5598,1.6
22-Apr-20,Z78NJ720C,100,80.96,4,0.03,191.45,6553.6,162.5
22-Apr-20,Z78NJ720B,100,0,0,0,63.6,0.0001,0
22-Apr-20,Z78RY069A,100,58.79,0,0.01,98.09,1.95,984
22-Apr-20,Z78RI794A,100,0,0,0,49.1,0,0
22-Apr-20,Z78NJ350C,100,90.96,1,10.4,14.7,5.36,3.4
22-Apr-20,Z78NJ853A,100,212.86,0,0,4.79,0.0808,20.7
22-Apr-20,Z78RI661A,100,26.19,0,0,1.88,0.1834,2.5
22-Apr-20,Z78RY069B,100,62.21,0,0.33,2.06,0.0428,430
22-Apr-20,Z78NJ720A,100,0,0,0,0,0,0
22-Apr-20,Z78RI794B,100,0,0,0,740.6,0.0005,0
22-Apr-20,Z78MD977C,100,9093.12,1,0.01,60.34,18.19,283.2
22-Apr-20,Z78NJ746B,100,68.44,1,0,18.2,549.5,2.2
22-Apr-20,Z78NJ626C,100,19.58,0,0.16,5.54,0.658,11.5
23-Apr-20,Z78NJ853B,100,0,0,0,130.4,0.0007,224
23-Apr-20,Z78JD823B,100,134.63,1,12.12,50.19,6.76,12.6
23-Apr-20,Z78RI674A,100,84.18,1,0,17.66,449.42,38.2
23-Apr-20,Z78NJ853C,100,245.62,1,0,10.27,425.5,96
23-Apr-20,Z78RI674B,100,106.04,0,0.04,20.43,0.7097,1.2
23-Apr-20,Z78JD823A,100,104.65,1,0,26.27,1351.68,12.5
23-Apr-20,Z78RI674C,100,235.35,0,0,5.58,0.0979,6
23-Apr-20,Z78NJ720C,100,142.45,4,0.01,278.7,11417.6,231.1
23-Apr-20,Z78NJ720B,100,10.81,0,0.9,5.79,0.1032,10.2
23-Apr-20,Z78RY069A,100,118.96,0,0,315.46,13.82,2.9
23-Apr-20,Z78RI794A,100,4.16,0,0,262.6,0.0038,0
23-Apr-20,Z78NJ350C,100,140.84,0,66.32,12.08,2.46,2.6
23-Apr-20,Z78NJ853A,100,1.13,0,0,2.01,0.0667,0
23-Apr-20,Z78RI661A,100,0,0,0,329.6,0,0
23-Apr-20,Z78RY069B,100,106.85,0,1.27,2.64,54.57,6.6
23-Apr-20,Z78NJ720A,100,14.47,0,0,848,0.0516,202.2
23-Apr-20,Z78RI794B,100,18.74,0,0.13,6.11,0.2881,4
23-Apr-20,Z78MD977C,100,8939.52,1,0.02,64.88,48.59,288.9
23-Apr-20,Z78NJ746B,100,83.52,1,0,22.55,811.83,3.5
23-Apr-20,Z78NJ626C,100,194.6,0,0,15.43,0.2965,12.6
24-Apr-20,Z78NJ853B,100,141.62,0,0.15,776.59,29.06,10.6
24-Apr-20,Z78JD823B,100,151.28,1,0,20.72,5.3,910
24-Apr-20,Z78RI674A,100,195.99,1,0,26.84,722.72,71.8
24-Apr-20,Z78NJ853C,100,119.48,0,0.04,944.72,43.59,43.3
24-Apr-20,Z78RI674B,100,24.45,0,0.07,7.64,0.2961,1.5
24-Apr-20,Z78JD823A,100,107.73,1,0,29.25,781.6,28.7
24-Apr-20,Z78RI674C,100,130.69,0,0,10.13,0.2977,9.9
24-Apr-20,Z78NJ720C,100,236.77,3,0.03,190.57,6891.52,294.2
24-Apr-20,Z78NJ720B,100,33.1,0,0,2.63,0.0201,14.7
24-Apr-20,Z78RY069A,100,109.02,0,0,718.1,39.74,39.9
24-Apr-20,Z78RI794A,100,44.29,0,4.38,62.85,2.12,11.7
24-Apr-20,Z78NJ350C,100,147.63,1,26.14,11.08,2.15,2.4
24-Apr-20,Z78NJ853A,100,21.54,0,0,3.28,0.0801,1.6
24-Apr-20,Z78RI661A,100,20.67,0,0,262.3,0.0012,10.21
24-Apr-20,Z78RY069B,100,79.64,1,0.16,4.69,164.34,2
24-Apr-20,Z78NJ720A,100,85.34,0,0,1.22,0.0196,0
24-Apr-20,Z78RI794B,100,12.98,0,0,15.05,0.7448,29
24-Apr-20,Z78MD977C,100,10403.84,2,0.02,62.75,15.2,279
24-Apr-20,Z78NJ746B,100,99.41,1,0,15.25,630.22,23.7
24-Apr-20,Z78NJ626C,100,8.99,0,0,614.1,0.0009,2.93
25-Apr-20,Z78NJ853B,100,116.27,1,0.07,2.8,481.45,238
25-Apr-20,Z78JD823B,100,103.28,1,100,19.85,4.84,3.9
25-Apr-20,Z78RI674A,100,156.07,1,0.01,53.63,1198.08,31.8
25-Apr-20,Z78NJ853C,100,222.55,0,100,933.49,9.03,134.7
25-Apr-20,Z78RI674B,100,5.54,0,0.02,1.07,2273.28,15.97
25-Apr-20,Z78JD823A,100,138.77,1,0,43.06,2406.4,93
25-Apr-20,Z78RI674C,100,15.76,0,0,2.08,0.0346,11.5
25-Apr-20,Z78NJ720C,100,79.72,4,0,127.33,18247.68,715.1
25-Apr-20,Z78NJ720B,100,0,0,0,228.7,0.0001,0
25-Apr-20,Z78RY069A,100,130.29,0,0.01,494.09,15.81,2
25-Apr-20,Z78RI794A,100,31.78,0,0.43,125.01,3.41,7.9
25-Apr-20,Z78NJ350C,100,150.3,1,28.92,8.13,1.4,2.2
25-Apr-20,Z78NJ853A,100,10.67,0,0,4.31,0.1,801
25-Apr-20,Z78RI661A,100,0.768,0,0,506.6,0.0085,0
25-Apr-20,Z78RY069B,100,101.71,1,0.37,7.04,230.56,3.7
25-Apr-20,Z78NJ720A,100,0,0,0,0,0,0
25-Apr-20,Z78RI794B,100,61.95,0,6.77,74.45,2.51,4.6
25-Apr-20,Z78MD977C,100,5795.84,2,0.06,49.33,11.41,278
25-Apr-20,Z78NJ746B,100,34.39,1,0,7.72,420.16,57.7
25-Apr-20,Z78NJ626C,100,13.46,0,0,872.6,0.0035,0
26-Apr-20,Z78NJ853B,100,184.4,1,0,72.88,1935.36,90.7
26-Apr-20,Z78JD823B,100,117.48,1,0.14,37.51,5.1,270
26-Apr-20,Z78RI674A,100,183.77,1,0.4,29.92,1628.16,179.2
26-Apr-20,Z78NJ853C,100,177.12,0,0.08,106.39,3.11,13.3
26-Apr-20,Z78RI674B,100,112.67,0,0.03,367.05,7.28,12
26-Apr-20,Z78JD823A,100,109.57,1,0,38.87,1167.36,14
26-Apr-20,Z78RI674C,100,47.71,0,0,6.09,0.1032,18.5
26-Apr-20,Z78NJ720C,100,76.48,5,0.01,244.31,44369.92,1.45
26-Apr-20,Z78NJ720B,100,225.76,0,0,20.4,0.1089,970
26-Apr-20,Z78RY069A,100,352.57,0,1.93,7.53,10.03,4.7
26-Apr-20,Z78RI794A,100,13.87,0,0.01,57.46,2.07,11.4
26-Apr-20,Z78NJ350C,100,111.77,0,40.89,4.98,1.97,6
26-Apr-20,Z78NJ853A,100,17.51,0,0,3.07,0.1479,2.2
26-Apr-20,Z78RI661A,100,118.25,0,0.16,3.06,0.0897,3.4
26-Apr-20,Z78RY069B,100,354.22,1,0.43,21.79,105.49,6.7
26-Apr-20,Z78NJ720A,100,28.82,0,0,19.49,0.4229,1.2
26-Apr-20,Z78RI794B,100,12.3,0,0.21,12.84,0.3766,5.1
26-Apr-20,Z78MD977C,100,1648.64,1,0.28,49.74,16.3,285.5
26-Apr-20,Z78NJ746B,100,102.57,1,0,43.34,1024,9.3
26-Apr-20,Z78NJ626C,100,68.63,0,3.16,5.6,0.1078,1.6
27-Apr-20,Z78NJ853B,100,27.93,1,0.01,10.51,874.49,207.8
27-Apr-20,Z78JD823B,100,69.5,1,0.48,13.85,5.19,2.7
27-Apr-20,Z78RI674A,100,173.18,1,0.32,19.27,998.92,361.8
27-Apr-20,Z78NJ853C,100,179.07,0,0,3.28,157.32,41.4
27-Apr-20,Z78RI674B,100,106.62,0,0.01,279.69,11.27,46.3
27-Apr-20,Z78JD823A,100,105.33,1,0,23.1,1024,9.3
27-Apr-20,Z78RI674C,100,56.07,0,1.84,311.11,4.08,4.6
27-Apr-20,Z78NJ720C,100,85.64,5,0.01,251.11,44892.16,1.42
27-Apr-20,Z78NJ720B,100,50.1,0,0.02,15.5,6.18,400.8
27-Apr-20,Z78RY069A,100,194.6,0,0.07,96.65,1.72,4.5
27-Apr-20,Z78RI794A,100,126.33,0,0.25,106.04,2.03,10.5
27-Apr-20,Z78NJ350C,100,76.49,1,21.17,40.1,6.14,10.1
27-Apr-20,Z78NJ853A,100,34.61,0,0,3.57,0.0779,2.4
27-Apr-20,Z78RI661A,100,100.62,0,0,10.62,0.1492,665
27-Apr-20,Z78RY069B,100,104.09,0,0.48,1.92,46.26,2.3
27-Apr-20,Z78NJ720A,100,0,0,0,25.1,0,0
27-Apr-20,Z78RI794B,100,187.76,0,0.11,24.33,0.4755,1.9
27-Apr-20,Z78MD977C,100,11591.68,2,12.95,39.74,299.01,123.2
27-Apr-20,Z78NJ746B,100,32.75,0,0,5.23,213.15,51.7
27-Apr-20,Z78NJ626C,100,184.28,0,0,3.42,0.0231,6
28-Apr-20,Z78NJ853B,100,128.18,0,0.45,65.96,2.39,1.8
28-Apr-20,Z78JD823B,100,71.09,1,100,12.84,5.1,19.4
28-Apr-20,Z78RI674A,100,105.12,1,0.16,30,867.68,59.4
28-Apr-20,Z78NJ853C,100,110.4,1,0.02,6.57,355.38,59.8
28-Apr-20,Z78RI674B,100,89.48,0,0,14.74,0.7267,14.8
28-Apr-20,Z78JD823A,100,137.71,1,0,37.94,869.35,6.9
28-Apr-20,Z78RI674C,100,81.76,0,1.78,31.92,0.1382,8.1
28-Apr-20,Z78NJ720C,100,71.99,6,0,277.36,38748.16,1.05
28-Apr-20,Z78NJ720B,100,472.85,0,0,5.14,430.91,14.22
28-Apr-20,Z78RY069A,100,118.65,0,0.18,3.05,92.16,68.1
28-Apr-20,Z78RI794A,100,67.15,0,0.75,155.37,4.47,6.1
28-Apr-20,Z78NJ350C,100,59.2,1,100,13.91,28.57,10.2
28-Apr-20,Z78NJ853A,100,114.36,0,0.25,9.71,0.1226,481
28-Apr-20,Z78RI661A,100,46.22,0,0,2.86,0.0687,18.6
28-Apr-20,Z78RY069B,100,138.63,0,0.27,4.68,127.53,5.8
28-Apr-20,Z78NJ720A,100,0,0,0,0,0,0
28-Apr-20,Z78RI794B,100,16.91,0,0.03,34.95,5.51,9.7
28-Apr-20,Z78MD977C,100,12236.8,3,3.04,48.99,12.09,220
28-Apr-20,Z78NJ746B,100,181.69,1,0,54.51,711.27,5.3
28-Apr-20,Z78NJ626C,100,40.2,0,0.86,1.3,0.0136,2.93
29-Apr-20,Z78NJ853B,100,106.75,0,0.76,70.12,3.68,4.5
29-Apr-20,Z78JD823B,100,442.05,1,0.03,269.71,13250.56,38.08
29-Apr-20,Z78RI674A,100,141.66,1,0.47,46.13,1259.52,73.9
29-Apr-20,Z78NJ853C,100,198.45,1,0.02,9.25,327.31,20.8
29-Apr-20,Z78RI674B,100,46.07,0,0.77,113.08,4.15,13.4
29-Apr-20,Z78JD823A,100,482.49,1,0,119.73,5591.04,1.02
29-Apr-20,Z78RI674C,100,78.96,0,0,7.95,0.1902,5.8
29-Apr-20,Z78NJ720C,100,126.75,6,0.01,419.75,23357.44,447.9
29-Apr-20,Z78NJ720B,100,303.06,0,0.14,352.62,0.8091,7.8
29-Apr-20,Z78RY069A,100,118.03,0,0.63,24.48,0.6508,1.6
29-Apr-20,Z78RI794A,100,64.27,0,4.57,349.87,4.6,6.4
29-Apr-20,Z78NJ350C,100,70.66,1,9.65,33.65,8.96,21.3
29-Apr-20,Z78NJ853A,100,36.8,0,0,6.41,0.0986,11.1
29-Apr-20,Z78RI661A,100,216.66,0,1.1,3.72,0.0141,3.64
29-Apr-20,Z78RY069B,100,108.08,0,0.12,10.67,220.32,8.5
29-Apr-20,Z78NJ720A,100,0,0,0,240.8,0.0001,0
29-Apr-20,Z78RI794B,100,132.29,0,0,78.82,1.36,2.5
29-Apr-20,Z78MD977C,100,2560,1,3.64,35.86,143.53,203.1
29-Apr-20,Z78NJ746B,100,115.37,1,0,10.18,773.13,106.2
29-Apr-20,Z78NJ626C,100,45.31,0,2.33,1.38,0.0056,0
30-Apr-20,Z78NJ853B,100,111.24,0,0.05,816.4,41.25,5.3
30-Apr-20,Z78JD823B,100,102.59,1,16.02,26.21,12.47,11.3
30-Apr-20,Z78RI674A,100,182.48,1,0.04,16.15,628.22,136.6
30-Apr-20,Z78NJ853C,100,156.44,1,0.06,21.66,701.6,41.8
30-Apr-20,Z78RI674B,100,49.05,0,0.16,90.47,1.49,4.8
30-Apr-20,Z78JD823A,100,123.75,1,0,36.37,1187.84,20
30-Apr-20,Z78RI674C,100,123.07,0,0.22,13.17,0.1354,7.4
30-Apr-20,Z78NJ720C,100,78.54,5,0.08,203.44,20838.4,546.9
30-Apr-20,Z78NJ720B,100,212.39,0,1.15,627.64,0.1237,251.5
30-Apr-20,Z78RY069A,100,51.52,0,0,457.71,14.6,8.7
30-Apr-20,Z78RI794A,100,36.52,0,0.08,234.46,9.49,240.4
30-Apr-20,Z78NJ350C,100,74.75,1,54.61,41.88,7.27,12.5
30-Apr-20,Z78NJ853A,100,13.58,0,0,12.59,3.26,55.2
30-Apr-20,Z78RI661A,100,25.39,0,0.03,10.62,2.32,502
30-Apr-20,Z78RY069B,100,96.63,1,0.16,15.71,505.6,13
30-Apr-20,Z78NJ720A,100,119.08,0,0,47.65,0.2892,1.2
30-Apr-20,Z78RI794B,100,116.1,0,0.05,39.38,2.73,10.8
30-Apr-20,Z78MD977C,100,1198.08,1,44.2,16.86,0.5281,11.8
30-Apr-20,Z78NJ746B,100,49.56,1,0,6.51,216.33,2.4
30-Apr-20,Z78NJ626C,100,25.79,0,0.31,6.78,0.3011,3
01-May-20,Z78NJ853B,100,33.87,0,0,3.1,0.0682,2.93
01-May-20,Z78JD823B,100,165.45,1,9.78,23.67,7.23,27.2
01-May-20,Z78RI674A,100,194.25,1,0.16,34.32,1177.6,217
01-May-20,Z78NJ853C,100,131.81,1,0.01,45.09,1146.88,37
01-May-20,Z78RI674B,100,86.6,0,0.02,498.16,9.99,8.8
01-May-20,Z78JD823A,100,108.42,1,0,30.44,1351.68,14.3
01-May-20,Z78RI674C,100,9.07,0,0,1.94,0.0142,274.3
01-May-20,Z78NJ720C,100,65.84,5,0.02,209.74,40939.52,1.13
01-May-20,Z78NJ720B,100,125.53,0,0.04,10.9,1.86,1.31
01-May-20,Z78RY069A,100,212.33,0,0.01,738.69,14.77,9.4
01-May-20,Z78RI794A,100,42.32,0,0,201.66,4.89,9.5
01-May-20,Z78NJ350C,100,112.36,1,2.21,13.59,3.78,16.7
01-May-20,Z78NJ853A,100,43.56,0,0,7.08,0.4222,1.5
01-May-20,Z78RI661A,100,2.34,0,0.59,1.68,0.015,0
01-May-20,Z78RY069B,100,107.79,1,0.51,19.1,369.15,11.2
01-May-20,Z78NJ720A,100,18.49,0,0,1.54,0.0157,1.02
01-May-20,Z78RI794B,100,13.41,0,0,13.86,0.4147,721
01-May-20,Z78MD977C,100,10250.24,2,0.04,64.84,5.38,278.8
01-May-20,Z78NJ746B,100,130.61,0,0,10.99,571.41,54.4
01-May-20,Z78NJ626C,100,121.56,0,0.19,4.44,0.0533,253
02-May-20,Z78NJ853B,100,21.18,0,0.56,1.48,0.0711,430
02-May-20,Z78JD823B,100,86.59,1,0.1,29.04,703.92,253.8
02-May-20,Z78RI674A,100,155.7,1,0.03,22.31,614.25,83.2
02-May-20,Z78NJ853C,100,167.68,1,0.33,25.35,549.13,23.5
02-May-20,Z78RI674B,100,377.02,0,0.01,979.58,84.49,879.2
02-May-20,Z78JD823A,100,147.17,1,0.02,37.33,769.13,10.1
02-May-20,Z78RI674C,100,21.52,0,0.02,10.01,2.69,78.9
02-May-20,Z78NJ720C,100,61.11,5,0.04,206.94,12636.16,92.4
02-May-20,Z78NJ720B,100,139.26,0,0,8.8,0.0097,2.8
02-May-20,Z78RY069A,100,191.31,1,0,3.94,396.94,227.7
02-May-20,Z78RI794A,100,159.9,0,0.04,391.6,5.54,8
02-May-20,Z78NJ350C,100,104.48,1,2.85,21.01,3.44,11.4
02-May-20,Z78NJ853A,100,13.55,0,0,5.34,0.1206,2.93
02-May-20,Z78RI661A,100,80.7,0,4.2,5.81,2.68,20.9
02-May-20,Z78RY069B,100,138.86,1,0.05,21.38,501.32,70
02-May-20,Z78NJ720A,100,50.38,0,0.67,17.25,0.2046,9.5
02-May-20,Z78RI794B,100,180.12,0,0,10.21,0.1379,5.2
02-May-20,Z78MD977C,100,11837.44,1,0.01,78.09,3.81,278.3
02-May-20,Z78NJ746B,100,67.43,1,0,16.68,383.52,1.1
02-May-20,Z78NJ626C,100,56.15,0,0,2.5,0.0413,78.6
03-May-20,Z78NJ853B,100,1.06,0,0.67,701.7,0.0183,11.7
03-May-20,Z78JD823B,100,112.56,2,0.08,54.48,2908.16,425.7
03-May-20,Z78RI674A,100,137.85,1,0.35,19.83,1310.72,268.6
03-May-20,Z78NJ853C,100,117.55,1,0.12,23.2,991.56,69.7
03-May-20,Z78RI674B,100,70.63,0,0.16,25.83,0.6547,2.5
03-May-20,Z78JD823A,100,114.35,1,0,29.01,1044.48,9.2
03-May-20,Z78RI674C,100,40.57,0,0.22,18.99,0.4678,4
03-May-20,Z78NJ720C,100,70.27,7,0.02,268.78,18237.44,266
03-May-20,Z78NJ720B,100,28.85,0,0,5.38,0.069,99.62
03-May-20,Z78RY069A,100,82.28,0,0,1.77,338.49,541.1
03-May-20,Z78RI794A,100,181.96,0,0.01,255.4,7.67,50.6
03-May-20,Z78NJ350C,100,84.43,1,13,20.17,3.97,2.4
03-May-20,Z78NJ853A,100,0.208,0,0,436.1,0.008,26.4
03-May-20,Z78RI661A,100,176.32,0,0,1.3,0.2175,0
03-May-20,Z78RY069B,100,98.84,0,0.25,344.01,13.32,16.2
03-May-20,Z78NJ720A,100,169.46,0,0,4.58,0.0444,33.4
03-May-20,Z78RI794B,100,101.52,0,0.01,36.46,0.8427,16.8
03-May-20,Z78MD977C,100,5017.6,1,0.33,72.41,10.18,274
03-May-20,Z78NJ746B,100,138.63,1,0,12.41,853.25,157.4
03-May-20,Z78NJ626C,100,44.86,0,4.05,23.88,1.21,9.3
04-May-20,Z78NJ853B,100,87.12,0,0.04,232.65,137.47,1.11
04-May-20,Z78JD823B,100,91.42,2,0,60.44,7137.28,520.7
04-May-20,Z78RI674A,100,106.56,1,0.09,35.83,1116.16,71.8
04-May-20,Z78NJ853C,100,64.99,1,0.16,17.91,1505.28,207.6
04-May-20,Z78RI674B,100,113.57,0,0.26,127.33,11.15,68.8
04-May-20,Z78JD823A,100,119.42,1,0,29.2,1300.48,8.2
04-May-20,Z78RI674C,100,88.21,0,0.73,12.38,0.3885,4.5
04-May-20,Z78NJ720C,100,62.45,7,0,233.6,24627.2,536.8
04-May-20,Z78NJ720B,100,12.47,0,0,7.74,0.5216,1.3
04-May-20,Z78RY069A,100,101.53,0,1.2,329.32,12.99,1.8
04-May-20,Z78RI794A,100,51.12,0,0.2,215.19,3.8,2.8
04-May-20,Z78NJ350C,100,77.67,1,0.59,16.16,6.68,7.1
04-May-20,Z78NJ853A,100,193.57,0,0,8.33,107.52,8.2
04-May-20,Z78RI661A,100,84.61,0,4.08,628.05,0.2984,18.6
04-May-20,Z78RY069B,100,100.75,0,0.01,234.31,4.25,8.7
04-May-20,Z78NJ720A,100,0,0,0,0,0,0
04-May-20,Z78RI794B,100,17.99,0,0,11.19,0.1739,513
04-May-20,Z78MD977C,100,0.9047,0,1.34,10.32,0.0034,130.6
04-May-20,Z78NJ746B,100,31.65,0,0,1.08,43.69,413
04-May-20,Z78NJ626C,100,105.36,0,0.08,10.48,0.3961,7.8
05-May-20,Z78NJ853B,100,179.32,0,0.03,2.09,47.29,10.1
05-May-20,Z78JD823B,100,131.1,1,0,29.91,1413.12,258.6
05-May-20,Z78RI674A,100,70.88,1,0,45.36,927.3,3.7
05-May-20,Z78NJ853C,100,108,1,0.44,17.92,498.63,20.6
05-May-20,Z78RI674B,100,56.04,0,0.11,25.28,1.07,24.1
05-May-20,Z78JD823A,100,105.87,1,0,34.51,1259.52,11.6
05-May-20,Z78RI674C,100,47.77,0,0.1,10.61,0.1776,5.8
05-May-20,Z78NJ720C,100,69.59,5,0.01,227.34,9410.56,132.2
05-May-20,Z78NJ720B,100,96.35,0,0,2.88,0.0047,0
05-May-20,Z78RY069A,100,21.43,0,0,14.99,0.4302,8.7
05-May-20,Z78RI794A,100,37.27,0,0.03,273.26,4.11,3.9
05-May-20,Z78NJ350C,100,97.53,1,1.07,19.35,10.23,197.3
05-May-20,Z78NJ853A,100,71.58,0,0.16,2.07,49.81,1.6
05-May-20,Z78RI661A,100,163.75,0,0.46,102.02,0.0843,77.9
05-May-20,Z78RY069B,100,148.18,0,0.09,1.05,35.87,10.6
05-May-20,Z78NJ720A,100,17.15,0,0,2.12,0.0886,6.6
05-May-20,Z78RI794B,100,68.7,0,0.58,102.76,2.96,19.7
05-May-20,Z78MD977C,100,1710.08,1,0.01,51.26,1.18,273
05-May-20,Z78NJ746B,100,62.66,0,0,1.76,60.82,1.3
05-May-20,Z78NJ626C,100,93.03,0,0,4.82,0.0541,8.5
06-May-20,Z78NJ853B,100,191.85,0,0.61,7.19,468.62,468.9
06-May-20,Z78JD823B,100,161.73,2,0.01,74.38,2078.72,227.3
06-May-20,Z78RI674A,100,86.94,1,0,34.14,967.25,33.4
06-May-20,Z78NJ853C,100,199.79,1,0.07,38.29,1556.48,173
06-May-20,Z78RI674B,100,61.77,0,0.19,10.21,0.1665,1.1
06-May-20,Z78JD823A,100,128.83,1,0,38.96,784.69,16.3
06-May-20,Z78RI674C,100,77.96,0,0.12,13.26,0.347,1
06-May-20,Z78NJ720C,100,74.88,6,0.05,244.68,11356.16,245.4
06-May-20,Z78NJ720B,100,236.1,0,0,4.16,0.0048,0
06-May-20,Z78RY069A,100,149.02,0,0.18,6.76,0.0849,3.6
06-May-20,Z78RI794A,100,87.64,0,0.02,268.97,8.6,31.5
06-May-20,Z78NJ350C,100,72.78,1,1.44,18.81,6.29,9.8
06-May-20,Z78NJ853A,100,189.71,0,0,11.07,210.04,11.1
06-May-20,Z78RI661A,100,51.85,0,0.11,37.25,1.09,2.9
06-May-20,Z78RY069B,100,86.35,0,0.02,87.21,1.62,4.4
06-May-20,Z78NJ720A,100,206.53,0,0,9.61,0.0127,12.4
06-May-20,Z78RI794B,100,30.12,0,0.03,26.4,0.5699,619
06-May-20,Z78MD977C,100,4782.08,1,0.77,72.7,4.32,259.4
06-May-20,Z78NJ746B,100,22.96,1,0,10.69,670.39,57
06-May-20,Z78NJ626C,100,137.48,0,0,6.4,0.1525,28
07-May-20,Z78NJ853B,100,161.32,0,0.19,2.15,1034.24,2.7
07-May-20,Z78JD823B,100,200.49,2,0.01,95.6,1607.68,213
07-May-20,Z78RI674A,100,133.96,1,0,40.94,2416.64,382.8
07-May-20,Z78NJ853C,100,185.59,1,0,42.99,2263.04,388.4
07-May-20,Z78RI674B,100,163.1,0,0.7,65.01,1,5.5
07-May-20,Z78JD823A,100,113.44,1,0,32.17,1484.8,31.1
07-May-20,Z78RI674C,100,6.97,0,0,3.23,0.025,283
07-May-20,Z78NJ720C,99.74,76.95,5,0.01,260.72,6645.76,114.5
07-May-20,Z78NJ720B,99.74,455.54,0,0.14,5.23,451.32,13.61
07-May-20,Z78RY069A,100,183.87,0,0.09,142.52,4.86,7.4
07-May-20,Z78RI794A,100,216.61,0,0.26,853.59,13.49,53.4
07-May-20,Z78NJ350C,100,114.91,1,0.12,21.36,16.96,52.7
07-May-20,Z78NJ853A,100,157.77,0,0,4.34,140.31,12.4
07-May-20,Z78RI661A,100,71.27,0,0.06,19.45,0.4587,4.9
07-May-20,Z78RY069B,100,55.34,0,0.27,2.31,218.61,87.1
07-May-20,Z78NJ720A,99.74,0,0,0,0,0,0
07-May-20,Z78RI794B,100,138.16,0,0.01,47.87,1.07,18.4
07-May-20,Z78MD977C,100,7997.44,1,0.06,77.27,109.83,314.3
07-May-20,Z78NJ746B,100,43.93,1,0,17.57,719.41,53
07-May-20,Z78NJ626C,100,78.04,0,0,8.94,0.1816,6.1
08-May-20,Z78NJ853B,100,165.47,0,0.02,4.67,548.48,302.8
08-May-20,Z78JD823B,100,85.72,2,0.06,55.13,3000.32,193.4
08-May-20,Z78RI674A,100,108.26,1,0,153.19,3594.24,25.6
08-May-20,Z78NJ853C,100,121.84,1,0,96.81,2150.4,72
08-May-20,Z78RI674B,100,114.89,0,0.21,142.36,3072,90.8
08-May-20,Z78JD823A,100,110.59,1,0,34.46,1587.2,32.6
08-May-20,Z78RI674C,100,56.28,0,0.02,36.29,0.6914,974
08-May-20,Z78NJ720C,100,83.9,5,0,174.72,14223.36,755.3
08-May-20,Z78NJ720B,100,181.24,0,0.7,155.61,0.6634,2.9
08-May-20,Z78RY069A,100,149.94,0,0,51.02,1.27,838
08-May-20,Z78RI794A,100,19.6,0,0.39,458.6,12.09,110.5
08-May-20,Z78NJ350C,100,102.7,1,3.06,49.61,12.48,21.4
08-May-20,Z78NJ853A,100,199.7,0,0,7.87,159.68,8.3
08-May-20,Z78RI661A,100,3.35,0,0,6.53,12.64,6.23
08-May-20,Z78RY069B,100,102.81,0,0.3,3.85,241.67,243.1
08-May-20,Z78NJ720A,100,21.38,0,0.2,10.75,0.0934,9.4
08-May-20,Z78RI794B,100,20.72,0,0.17,8.23,0.1381,1.2
08-May-20,Z78MD977C,100,13178.88,1,0.04,87.18,2.87,278.3
08-May-20,Z78NJ746B,100,54.48,0,0,4.58,133.81,2.5
08-May-20,Z78NJ626C,100,682.84,0,4.19,7.43,355.14,8.64
09-May-20,Z78NJ853B,100,153.48,0,0.07,1.3,20.19,1.8
09-May-20,Z78JD823B,100,193.67,2,0,180.73,5140.48,202.5
09-May-20,Z78RI674A,100,168.37,1,0,52.5,1556.48,251.4
09-May-20,Z78NJ853C,100,168.35,1,0.04,19.89,5120,597.2
09-May-20,Z78RI674B,100,54.82,0,0.08,19.49,2.67,16.9
09-May-20,Z78JD823A,100,95.34,1,0,33.97,1628.16,25.2
09-May-20,Z78RI674C,100,47.13,0,0.03,19.96,6.29,15.5
09-May-20,Z78NJ720C,100,78.5,7,0.03,302.25,21514.24,660.5
09-May-20,Z78NJ720B,100,117.58,0,3.99,344.34,0.0978,13.8
09-May-20,Z78RY069A,100,12.43,0,0,2.81,0.1823,6.2
09-May-20,Z78RI794A,100,45.56,0,0.3,236.51,4.9,14.7
09-May-20,Z78NJ350C,100,112.58,1,12.28,63.11,59.84,1.28
09-May-20,Z78NJ853A,100,186.23,0,0,9.29,0.3254,25.5
09-May-20,Z78RI661A,100,18.48,0,1.32,11.51,5.18,933.3
09-May-20,Z78RY069B,100,133.92,1,0.04,13.73,343.42,23.7
09-May-20,Z78NJ720A,100,17.58,0,0,489.2,0.0044,0
09-May-20,Z78RI794B,100,58.15,0,0.07,14.91,0.2949,6
09-May-20,Z78MD977C,100,18524.16,2,0.46,93.13,11.26,267.7
09-May-20,Z78NJ746B,100,62.22,1,0,20.69,691.04,21.3
09-May-20,Z78NJ626C,100,121.24,0,0.24,5.62,0.0559,178.1
10-May-20,Z78NJ853B,100,196.47,0,0.01,6.22,108.51,20.7
10-May-20,Z78JD823B,100,104.04,2,0.31,65.42,2600.96,243
10-May-20,Z78RI674A,100,161.85,1,0,28.68,770.73,28.5
10-May-20,Z78NJ853C,100,154.59,1,0.24,28.93,2232.32,290.3
10-May-20,Z78RI674B,100,37.95,0,0.09,7.86,0.2428,2
10-May-20,Z78JD823A,100,84.41,1,0,34.26,1177.6,25.2
10-May-20,Z78RI674C,100,10.63,0,0.34,4.71,0.0526,8.5
10-May-20,Z78NJ720C,100,67.23,4,0.15,169.59,19793.92,1.09
10-May-20,Z78NJ720B,100,190.66,0,3.68,226.37,0.1829,6.8
10-May-20,Z78RY069A,100,494.71,0,0.14,6.9,0.6032,910
10-May-20,Z78RI794A,100,51.56,0,5.12,65.36,1.1,2.4
10-May-20,Z78NJ350C,100,89.55,1,0.76,69.67,10.72,3.9
10-May-20,Z78NJ853A,100,109.93,0,0,2.03,50.88,4.1
10-May-20,Z78RI661A,100,208.28,0,0,13.59,0.198,1.8
10-May-20,Z78RY069B,100,135.17,1,0.53,8.08,193.96,12.6
10-May-20,Z78NJ720A,100,8.54,0,7.5,1.12,0.0082,0
10-May-20,Z78RI794B,100,91.59,0,0,156.25,0.6053,4.6
10-May-20,Z78MD977C,100,680.82,1,1.64,81.75,1.81,240.9
10-May-20,Z78NJ746B,100,27.95,1,0,12.02,603.82,12
10-May-20,Z78NJ626C,99.72,11.32,0,0.19,13.55,0.8842,629.2
11-May-20,Z78NJ853B,100,171.91,0,0.03,3.36,496.33,636.5
11-May-20,Z78JD823B,100,117.02,1,0.02,51.61,1863.68,155.5
11-May-20,Z78RI674A,100,223.61,1,0.01,30.82,1372.16,222.2
11-May-20,Z78NJ853C,100,109.03,2,0.08,32.28,2088.96,111.4
11-May-20,Z78RI674B,100,70.99,0,0.06,41.16,0.8378,5.1
11-May-20,Z78JD823A,100,100.41,1,0,32.17,2027.52,36.6
11-May-20,Z78RI674C,100,33.61,0,0.06,8.75,0.3579,1.2
11-May-20,Z78NJ720C,100,91.72,4,0.09,267.46,28999.68,1.27
11-May-20,Z78NJ720B,100,213.19,0,4.61,304.3,0.1087,7.36
11-May-20,Z78RY069A,100,51.5,0,0,8.26,0.3574,14
11-May-20,Z78RI794A,100,74.55,0,57.89,463.74,0.227,1.58
11-May-20,Z78NJ350C,100,174.75,0,0.44,607.99,7.59,6.5
11-May-20,Z78NJ853A,100,137.01,1,0.01,5.79,156.1,5.4
11-May-20,Z78RI661A,100,114.46,0,0,7.24,0.1278,4.7
11-May-20,Z78RY069B,100,90.04,1,0.36,8.21,342.74,51.7
11-May-20,Z78NJ720A,100,24.82,0,0,10.14,0.1885,533
11-May-20,Z78RI794B,100,171.27,0,0.05,204.21,4.71,16.6
11-May-20,Z78MD977C,99.3,6645.76,1,0.03,59.59,14.37,273.6
11-May-20,Z78NJ746B,100,45.39,1,0,12.54,688.42,38.6
11-May-20,Z78NJ626C,99.77,9.78,0,0.35,3.06,0.0629,104.8
12-May-20,Z78NJ853B,100,456.55,0,0.01,7.98,4.3,7.1
12-May-20,Z78JD823B,100,314.88,1,0,223.03,1617.92,160.2
12-May-20,Z78RI674A,100,78.37,1,0.08,24.54,7628.8,2.05
12-May-20,Z78NJ853C,100,346.54,3,0.08,83.82,1382.4,49.1
12-May-20,Z78RI674B,100,41.34,0,0,28.67,1.02,6.3
12-May-20,Z78JD823A,100,110.31,1,0.01,24.67,649.54,28.8
12-May-20,Z78RI674C,100,49.02,0,0.58,6.96,0.1115,19.3
12-May-20,Z78NJ720C,100,78.88,8,0.07,336.13,11612.16,105.7
12-May-20,Z78NJ720B,100,140.47,0,1.78,281.58,0.417,79.9
12-May-20,Z78RY069A,100,219.85,0,0.05,42.36,0.7811,1.2
12-May-20,Z78RI794A,100,233.13,0,0.03,976.36,46.14,2.89
12-May-20,Z78NJ350C,100,103.22,0,1.06,3.69,7.74,1.9
12-May-20,Z78NJ853A,100,412.14,0,0.08,33.1,166.5,4.4
12-May-20,Z78RI661A,100,147.08,0,0.16,52.73,0.462,4
12-May-20,Z78RY069B,100,85.1,1,0.66,4.57,293.65,113
12-May-20,Z78NJ720A,100,299.58,0,0,2.97,0.0319,2.93
12-May-20,Z78RI794B,100,75.77,0,0,264.73,26.69,64.9
12-May-20,Z78MD977C,100,2754.56,1,0.22,65.37,3.17,259.3
12-May-20,Z78NJ746B,100,196.92,1,0,14.63,306.08,2.3
12-May-20,Z78NJ626C,100,116.21,0,13.96,15.32,0.3672,3.2
13-May-20,Z78NJ853B,100,236.36,0,0,764.17,8.58,8.4
13-May-20,Z78JD823B,100,124.99,1,17.16,26.61,352.88,19.5
13-May-20,Z78RI674A,100,161.91,2,0,146.1,2877.44,88.3
13-May-20,Z78NJ853C,100,90.83,1,0.06,38.19,1617.92,85.9
13-May-20,Z78RI674B,100,27.23,0,3.35,9.43,0.9175,176
13-May-20,Z78JD823A,100,119.22,2,0,55.56,1075.2,17.2
13-May-20,Z78RI674C,100,223.04,0,0.01,26.96,0.8771,12.9
13-May-20,Z78NJ720C,100,78.69,8,0.04,343.18,11182.08,182.5
13-May-20,Z78NJ720B,100,182.22,0,2.79,228.12,0.2039,38.3
13-May-20,Z78RY069A,100,65.32,0,0,168.71,0.0888,3.6
13-May-20,Z78RI794A,100,107.23,0,7.8,789.26,5.11,10.3
13-May-20,Z78NJ350C,100,96.34,1,2.83,21.91,18.56,253.2
13-May-20,Z78NJ853A,100,58.54,0,0.01,8.82,195.93,14.7
13-May-20,Z78RI661A,100,60.76,0,0.26,9.37,0.9444,219.6
13-May-20,Z78RY069B,100,70.92,1,0.61,3.31,207.16,116.1
13-May-20,Z78NJ720A,100,0,0,0,0,0,0
13-May-20,Z78RI794B,100,294.75,0,0.1,564.19,6.75,21.2
13-May-20,Z78MD977C,100,4300.8,1,0.55,39.27,4.72,170.5
13-May-20,Z78NJ746B,100,242.35,1,0,167.71,3440.64,56.2
13-May-20,Z78NJ626C,100,13.51,0,0.55,36.47,32.27,1.14
14-May-20,Z78NJ853B,100,9.01,0,45.71,478.5,0.0045,1.2
14-May-20,Z78JD823B,100,129.09,1,0.5,26.6,277.35,8
14-May-20,Z78RI674A,100,218.1,1,0,144.01,1587.2,21.2
14-May-20,Z78NJ853C,100,148.14,1,0.05,19.9,2447.36,522.7
14-May-20,Z78RI674B,100,59.84,0,0.02,77.56,0.8413,2.7
14-May-20,Z78JD823A,100,111.82,2,0.01,58.68,1382.4,34.5
14-May-20,Z78RI674C,100,149.95,0,4.45,104.92,0.2331,483
14-May-20,Z78NJ720C,100,87.79,7,0.04,295.76,8878.08,131.4
14-May-20,Z78NJ720B,100,155.32,0,0.13,133.65,7.49,2.8
14-May-20,Z78RY069A,99.44,23.98,0,0.35,6.48,0.0916,415
14-May-20,Z78RI794A,100,20.74,0,0,24.16,0.505,9
14-May-20,Z78NJ350C,100,86.44,1,17.73,20.87,9.82,18.9
14-May-20,Z78NJ853A,100,105.77,0,0.08,6.93,149.66,8.3
14-May-20,Z78RI661A,100,35.92,0,0,14.84,0.3979,1.7
14-May-20,Z78RY069B,99.43,89.86,0,0.28,178.72,5.8,22.7
14-May-20,Z78NJ720A,100,8.76,0,0.43,5.01,1.23,1.92
14-May-20,Z78RI794B,100,150.05,0,0.37,192.05,2.88,22.5
14-May-20,Z78MD977C,100,9154.56,1,0.04,75.4,6.87,278
14-May-20,Z78NJ746B,100,87.95,1,0,11.62,465.49,46.8
14-May-20,Z78NJ626C,100,181.06,0,0.04,491.41,6.26,325.2
15-May-20,Z78NJ853B,100,0,0,0,485.6,0.0025,0
15-May-20,Z78JD823B,100,291.7,2,0.01,135.82,1669.12,178.3
15-May-20,Z78RI674A,100,165.72,2,0.02,93.07,1157.12,18
15-May-20,Z78NJ853C,100,125.56,1,0.07,22.37,1187.84,111.9
15-May-20,Z78RI674B,100,213.91,0,5.22,404.32,26.05,176.7
15-May-20,Z78JD823A,100,108.38,2,0.11,66.28,1720.32,22.3
15-May-20,Z78RI674C,100,73.67,0,0,23.65,0.2044,3.3
15-May-20,Z78NJ720C,100,70.1,6,0.21,240.91,7198.72,85.8
15-May-20,Z78NJ720B,100,147.33,0,0.36,235.54,0.5069,6.5
15-May-20,Z78RY069A,100,22.6,0,0.1,134.44,181.13,5.16
15-May-20,Z78RI794A,100,11.56,0,0,3.13,0.0495,616
15-May-20,Z78NJ350C,100,75.57,1,4.02,21.59,5.9,12.6
15-May-20,Z78NJ853A,100,170.04,0,0,8.96,139.64,3.5
15-May-20,Z78RI661A,100,205.91,0,0.16,151.77,4.64,457
15-May-20,Z78RY069B,100,82.83,0,0.1,280.09,7.12,6.2
15-May-20,Z78NJ720A,100,259.12,0,1.38,312.01,1.84,25.8
15-May-20,Z78RI794B,100,85.55,0,0.14,167.49,40.07,23.3
15-May-20,Z78MD977C,100,8714.24,1,0.01,64.8,4.29,278.6
15-May-20,Z78NJ746B,100,97.69,1,0,12.65,1064.96,18.7
15-May-20,Z78NJ626C,100,52.98,0,0.1,67.66,13.66,6.9
16-May-20,Z78NJ853B,100,135.36,0,0.56,150.45,3.2,2.2
16-May-20,Z78JD823B,100,194.66,2,0.02,74.52,4300.8,945.1
16-May-20,Z78RI674A,100,126.94,1,0.23,40.24,1658.88,139
16-May-20,Z78NJ853C,100,164.47,1,0.04,19.46,872.99,86.7
16-May-20,Z78RI674B,100,53.31,0,0.26,257.72,14.8,2.6
16-May-20,Z78JD823A,100,135.71,1,0.01,44.34,1146.88,22.5
16-May-20,Z78RI674C,100,10.66,0,0,4.29,0.1039,968.7
16-May-20,Z78NJ720C,100,68.9,7,0.16,267.84,8366.08,74.8
16-May-20,Z78NJ720B,100,200.91,0,0.32,915.84,1.59,3.5
16-May-20,Z78RY069A,100,9.64,0,0.02,270.58,3.14,466
16-May-20,Z78RI794A,100,90.71,0,0.13,13.45,0.9366,10.3
16-May-20,Z78NJ350C,100,103.21,1,7.6,43.46,5.88,9.1
16-May-20,Z78NJ853A,100,72.26,0,0.08,5.22,122.5,3.9
16-May-20,Z78RI661A,100,150.11,0,0.11,31.71,0.342,1.9
16-May-20,Z78RY069B,100,245.49,0,0.07,482.49,6.67,4
16-May-20,Z78NJ720A,100,6.15,0,0,10.86,2.76,507.5
16-May-20,Z78RI794B,100,121.42,0,1.23,779.34,30.13,17.7
16-May-20,Z78MD977C,100,12113.92,1,0.01,116.12,24.48,282.6
16-May-20,Z78NJ746B,100,78.33,1,0,15.99,684.11,21.1
16-May-20,Z78NJ626C,100,559.89,0,0.01,16.73,1484.8,21.49
17-May-20,Z78NJ853B,100,205.15,0,0.05,1.84,248.01,250.9
17-May-20,Z78JD823B,100,270.13,2,0.05,387.42,1751.04,319
17-May-20,Z78RI674A,100,133.65,1,0,64.87,1208.32,27.2
17-May-20,Z78NJ853C,100,78.66,2,0.02,103,2119.68,45.9
17-May-20,Z78RI674B,100,215.6,0,0.05,777.03,0.6684,1.4
17-May-20,Z78JD823A,100,107.9,2,0.01,54.98,1515.52,20
17-May-20,Z78RI674C,100,258.8,0,0.1,6.3,0.6487,2
17-May-20,Z78NJ720C,100,80.9,6,0.04,324.52,9922.56,77.4
17-May-20,Z78NJ720B,100,16.15,0,0.91,5,0.0372,85.1
17-May-20,Z78RY069A,100,205.65,0,0.73,45.71,1.27,936
17-May-20,Z78RI794A,100,11.83,0,0.12,7.82,0.2379,1.4
17-May-20,Z78NJ350C,100,87.51,1,7.95,12.83,6.48,3.1
17-May-20,Z78NJ853A,100,53.58,0,0,10.26,2.1,186.1
17-May-20,Z78RI661A,100,81.3,0,0.04,28.25,0.3392,1
17-May-20,Z78RY069B,100,116.21,0,0.1,1.23,31.55,2.8
17-May-20,Z78NJ720A,100,0,0,0,0,0,0
17-May-20,Z78RI794B,100,121.56,0,2.03,432.82,10.19,15.7
17-May-20,Z78MD977C,100,47964.16,1,0.01,281.94,194.67,391.8
17-May-20,Z78NJ746B,100,103.11,0,0,6.91,176.8,20.5
17-May-20,Z78NJ626C,100,72.81,0,0.45,16.57,0.1307,3.5
18-May-20,Z78NJ853B,100,172.05,0,0.05,3.99,172.02,113.6
18-May-20,Z78JD823B,100,119.58,2,0.01,61.72,1392.64,209.3
18-May-20,Z78RI674A,100,181.34,1,0,34,516.01,3
18-May-20,Z78NJ853C,100,83.69,2,0.02,53.73,2396.16,185.6
18-May-20,Z78RI674B,100,245.04,0,0.16,947.39,0.6812,10.7
18-May-20,Z78JD823A,100,190.84,2,0.09,182.99,1525.76,28.2
18-May-20,Z78RI674C,100,314.08,0,0.03,1.29,0.5823,12.2
18-May-20,Z78NJ720C,100,73.78,7,0.13,249.28,9809.92,119.6
18-May-20,Z78NJ720B,100,79.04,0,1.25,88.79,0.3082,12.5
18-May-20,Z78RY069A,100,76.66,0,0.06,94.51,1.68,2.6
18-May-20,Z78RI794A,100,5.02,0,0,1.99,0.022,2.93
18-May-20,Z78NJ350C,100,103.41,1,1.93,18.89,6.29,3.7
18-May-20,Z78NJ853A,100,134.37,0,0,7.22,423.92,51.6
18-May-20,Z78RI661A,100,58.87,0,0.11,15.59,0.1327,643
18-May-20,Z78RY069B,100,113.28,0,0.32,1.14,32.13,1.7
18-May-20,Z78NJ720A,100,1.48,0,0,175.7,0.0001,0
18-May-20,Z78RI794B,100,108.98,0,1.16,393.23,17.38,19.5
18-May-20,Z78MD977C,100,0.1868,0,0.06,15.59,0.1229,273.5
18-May-20,Z78NJ746B,100,73.61,1,0,16.15,528.59,8
18-May-20,Z78NJ626C,100,54.99,0,6.24,6.81,0.1642,4.9
19-May-20,Z78NJ853B,100,194.47,0,0.03,1.49,33.86,23.3
19-May-20,Z78JD823B,100,128.62,2,0,71.65,1751.04,201.5
19-May-20,Z78RI674A,100,73.23,1,0,37.02,641.07,5.3
19-May-20,Z78NJ853C,100,81.18,1,0.09,34.01,655.36,23.7
19-May-20,Z78RI674B,100,63.31,0,0.23,66.24,1.21,4
19-May-20,Z78JD823A,100,145.34,3,0,114.83,2150.4,24.3
19-May-20,Z78RI674C,100,22.93,0,0,8.35,0.125,42.6
19-May-20,Z78NJ720C,100,79.41,7,0.07,302.19,11407.36,138.3
19-May-20,Z78NJ720B,100,250.55,0,3.68,1.03,0.4176,8.5
19-May-20,Z78RY069A,100,114.52,0,0.23,10.74,0.1288,1.4
19-May-20,Z78RI794A,100,259.39,0,1.94,130.08,1.5,278.2
19-May-20,Z78NJ350C,100,113.9,1,2.56,10.88,3.28,20.6
19-May-20,Z78NJ853A,100,76.33,1,0,14.35,277.52,2.6
19-May-20,Z78RI661A,100,70.75,0,1,29.77,1.77,3.6
19-May-20,Z78RY069B,100,102.04,0,0.09,1.27,25.5,2.3
19-May-20,Z78NJ720A,100,37.94,0,0,1.3,0.0642,743
19-May-20,Z78RI794B,100,140.41,0,0.24,126.57,3.14,12.4
19-May-20,Z78MD977C,100,10188.8,2,0.25,77.56,77.81,206.9
19-May-20,Z78NJ746B,100,102.87,1,0.11,23.51,2314.24,317.3
19-May-20,Z78NJ626C,100,24.6,0,0.68,23.68,0.3582,1.9
20-May-20,Z78NJ853B,100,143.64,0,0.09,2.52,77.29,25.6
20-May-20,Z78JD823B,99.6,98.25,2,0.09,77.72,1914.88,382.6
20-May-20,Z78RI674A,100,78.72,1,0,35.92,772.76,10.8
20-May-20,Z78NJ853C,100,80.36,1,0.02,36.6,928.97,70.4
20-May-20,Z78RI674B,100,32.97,0,0.13,84.04,63.48,2.95
20-May-20,Z78JD823A,99.6,96.68,2,0.01,40.88,2058.24,19.7
20-May-20,Z78RI674C,100,98.95,0,0.02,67.88,1.75,2
20-May-20,Z78NJ720C,100,70.6,8,0.11,279.15,11735.04,140.8
20-May-20,Z78NJ720B,100,222.85,0,5.56,450.36,0.0401,1.26
20-May-20,Z78RY069A,100,38.66,0,0.04,21.02,0.4107,532
20-May-20,Z78RI794A,100,35.09,0,0.17,7.5,0.2876,589.6
20-May-20,Z78NJ350C,100,96.22,1,31.42,14.78,4.19,36
20-May-20,Z78NJ853A,100,49.92,0,0,5.38,119.09,19.9
20-May-20,Z78RI661A,100,29.97,0,0.05,48.08,33.34,2.28
20-May-20,Z78RY069B,100,53.82,0,0,785.71,12.32,2.9
20-May-20,Z78NJ720A,100,46.7,0,0,1.75,0.0583,4.6
20-May-20,Z78RI794B,100,103.66,0,0.78,516.16,25.77,32.3
20-May-20,Z78MD977C,100,22241.28,1,0.05,63.72,1761.28,771.1
20-May-20,Z78NJ746B,100,110.4,1,0,52.02,3031.04,134.2
20-May-20,Z78NJ626C,100,23.4,0,0.09,10.52,0.2434,16.7
21-May-20,Z78NJ853B,100,232.01,0,0.14,158.58,1.68,9.2
21-May-20,Z78JD823B,100,213.18,2,0.03,208.57,3358.72,299.8
21-May-20,Z78RI674A,100,90.61,1,0.02,23.68,1904.64,527.3
21-May-20,Z78NJ853C,100,104.19,2,0.02,44.44,826.76,27.3
21-May-20,Z78RI674B,100,73.78,0,0.03,66.16,1.9,3.5
21-May-20,Z78JD823A,100,125.75,3,0.06,88.68,1239.04,25.7
21-May-20,Z78RI674C,100,7.33,0,0,3.05,0.0723,2.1
21-May-20,Z78NJ720C,100,73.65,8,0.1,287.64,14632.96,160.6
21-May-20,Z78NJ720B,100,97.95,0,2.72,89.76,0.1926,7.1
21-May-20,Z78RY069A,100,84.63,0,24.05,1.21,0.8081,30.9
21-May-20,Z78RI794A,100,50.3,0,0.09,10.42,0.1314,1.1
21-May-20,Z78NJ350C,100,107.56,1,3.74,9.68,2.14,15.8
21-May-20,Z78NJ853A,100,34.23,0,0,326.04,27.12,344
21-May-20,Z78RI661A,100,46.01,0,94.8,2.19,1.75,7.1
21-May-20,Z78RY069B,100,19.97,0,0,364.25,14.84,899
21-May-20,Z78NJ720A,100,175.19,0,0.09,7.06,0.1299,2.1
21-May-20,Z78RI794B,100,152.23,0,0.19,49.91,0.9107,3.4
21-May-20,Z78MD977C,100,5539.84,1,0.1,78.47,60.22,304.7
21-May-20,Z78NJ746B,100,51.23,1,0.01,22.64,4864,682.8
21-May-20,Z78NJ626C,100,288.1,0,0.24,174.54,1.84,38.7
22-May-20,Z78NJ853B,100,121.56,0,0.02,9.6,654.11,307.6
22-May-20,Z78JD823B,100,93.68,1,27.4,20.91,156.73,18.2
22-May-20,Z78RI674A,100,93.76,1,0,26.74,527.3,4.2
22-May-20,Z78NJ853C,100,100.2,2,0.03,28.14,1843.2,70.8
22-May-20,Z78RI674B,100,100.32,0,2.65,15.2,0.5162,16.6
22-May-20,Z78JD823A,100,85.62,3,0.02,55.64,1095.68,12.3
22-May-20,Z78RI674C,100,158.04,0,1.74,47.21,0.5769,43.4
22-May-20,Z78NJ720C,100,68.71,8,0.05,289.59,22640.64,402.3
22-May-20,Z78NJ720B,100,169.16,0,0.91,543.8,1.11,14.5
22-May-20,Z78RY069A,100,179.19,0,23.11,2.6,0.3111,54.2
22-May-20,Z78RI794A,100,21.67,0,0.81,10.26,0.2148,13.5
22-May-20,Z78NJ350C,100,99.88,1,8.02,13.93,4.08,4.5
22-May-20,Z78NJ853A,100,73.54,0,0,53.78,3.25,320
22-May-20,Z78RI661A,100,111.41,0,8.5,252.8,0.0836,341.3
22-May-20,Z78RY069B,100,126,0,0.11,182.89,4.39,2.1
22-May-20,Z78NJ720A,100,67.79,0,0,4.24,0.0754,12.4
22-May-20,Z78RI794B,100,71.01,0,58.57,838.06,3.06,12.2
22-May-20,Z78MD977C,100,16947.2,2,0.59,80.85,23.65,252.4
22-May-20,Z78NJ746B,100,50.06,1,0,22.09,4894.72,1.2
22-May-20,Z78NJ626C,100,80.4,0,0,10.65,0.335,4.5
23-May-20,Z78NJ853B,100,176.96,0,0.02,1.15,45.59,108.6
23-May-20,Z78JD823B,100,63.71,2,2.25,30.92,253.91,5.9
23-May-20,Z78RI674A,100,104.09,1,0,17.35,766.17,90.8
23-May-20,Z78NJ853C,100,57.1,1,0.02,23.48,1208.32,60.8
23-May-20,Z78RI674B,100,119.44,0,0.19,1.03,44.05,83.2
23-May-20,Z78JD823A,100,111.49,3,0.01,65.86,1320.96,18.6
23-May-20,Z78RI674C,100,76.03,0,0.03,492.86,6.24,51.7
23-May-20,Z78NJ720C,100,71.13,7,0.01,267.63,18329.6,326.6
23-May-20,Z78NJ720B,100,22.67,0,0,474.2,0.0019,2.93
23-May-20,Z78RY069A,100,92.88,0,4.09,2.53,1.09,7.2
23-May-20,Z78RI794A,100,36.89,0,0.09,494.5,14.59,86.4
23-May-20,Z78NJ350C,100,105.77,2,100,29.43,4.24,7
23-May-20,Z78NJ853A,100,22.7,0,94.44,2.05,0.0188,20.7
23-May-20,Z78RI661A,100,169.64,0,0,12.75,0.197,420.1
23-May-20,Z78RY069B,100,27.26,0,1.73,9.39,0.2322,2
23-May-20,Z78NJ720A,100,2.12,0,0,1,0.006,8.5
23-May-20,Z78RI794B,100,111.46,0,0.37,2.32,24.35,12.7
23-May-20,Z78MD977C,100,8601.6,2,0.32,74.84,1.84,231
23-May-20,Z78NJ746B,100,90.44,1,0.03,45.73,13250.56,2.09
23-May-20,Z78NJ626C,100,55.12,0,0.34,5.17,0.0736,955
24-May-20,Z78NJ853B,100,86.67,0,0.13,233.8,56.65,525.5
24-May-20,Z78JD823B,100,128.09,2,30.93,158.38,615.63,50.2
24-May-20,Z78RI674A,100,215.36,2,0.04,55.54,3051.52,249.5
24-May-20,Z78NJ853C,100,73.34,1,0.04,23.95,1372.16,49.4
24-May-20,Z78RI674B,100,165.78,0,0,639.63,65.99,294.4
24-May-20,Z78JD823A,100,80.92,3,0.07,155.69,4126.72,111.6
24-May-20,Z78RI674C,100,14.12,0,0.1,4.1,0.2203,7.9
24-May-20,Z78NJ720C,100,65.52,7,0,246.71,19527.68,492.3
24-May-20,Z78NJ720B,100,241.2,0,2.14,4.94,0.5331,6.3
24-May-20,Z78RY069A,100,88.43,1,100,8.72,2.81,14.2
24-May-20,Z78RI794A,100,65.89,0,0.03,338.02,6.87,19.9
24-May-20,Z78NJ350C,100,139.69,2,53.27,47.81,6.36,123.6
24-May-20,Z78NJ853A,100,127.39,1,0.02,13.11,1443.84,111.1
24-May-20,Z78RI661A,100,155.79,0,8.65,557.34,0.2193,58.3
24-May-20,Z78RY069B,100,9.84,0,100,3.54,0.1301,3.7
24-May-20,Z78NJ720A,100,28.07,0,0.16,3.47,0.0898,37.3
24-May-20,Z78RI794B,100,69.98,0,0.15,285.33,5.82,12.9
24-May-20,Z78MD977C,100,15656.96,3,0.81,72.26,9.55,213
24-May-20,Z78NJ746B,100,36.57,1,0.05,31.35,10721.28,1.86
24-May-20,Z78NJ626C,100,46.55,0,2.64,35.59,0.9752,63.2
25-May-20,Z78NJ853B,100,286.92,0,0.78,22.22,0.2555,3
25-May-20,Z78JD823B,100,171.23,2,10.24,116.04,1802.24,163.7
25-May-20,Z78RI674A,100,113.17,2,0.02,36.48,2467.84,319
25-May-20,Z78NJ853C,100,51.1,1,0.02,18.73,1331.2,162.2
25-May-20,Z78RI674B,100,119.65,0,0.05,665.16,19.39,74.6
25-May-20,Z78JD823A,100,122.47,3,0.52,60.64,1382.4,11.5
25-May-20,Z78RI674C,100,55.2,0,0,4.45,0.1363,2.5
25-May-20,Z78NJ720C,100,78.85,7,0.01,332.06,19896.32,241.4
25-May-20,Z78NJ720B,100,106.48,0,0.4,2.09,2.6,22.1
25-May-20,Z78RY069A,100,169.64,0,43.65,64.94,0.1998,4.1
25-May-20,Z78RI794A,100,118.98,0,3.25,1.38,30.56,12.3
25-May-20,Z78NJ350C,100,84.59,2,4.5,28.65,329.09,1.86
25-May-20,Z78NJ853A,100,71.02,0,0,822.92,88.02,6.2
25-May-20,Z78RI661A,100,89.47,0,2.62,2.02,1.1,1.1
25-May-20,Z78RY069B,100,11.18,0,1.29,3.51,0.0375,64.8
25-May-20,Z78NJ720A,100,27.56,0,0,14.15,3.07,51.4
25-May-20,Z78RI794B,100,86.89,0,3.67,293.93,4.91,7.8
25-May-20,Z78MD977C,100,23398.4,3,0.25,76.47,54.41,273.5
25-May-20,Z78NJ746B,100,79.68,1,0,72.45,3860.48,351.2
25-May-20,Z78NJ626C,100,272.16,0,0.09,25.05,0.2652,6.3
26-May-20,Z78NJ853B,100,107.72,0,0.01,9.2,174.63,9
26-May-20,Z78JD823B,100,265.98,1,1.99,259.35,1751.04,90.2
26-May-20,Z78RI674A,100,128.66,2,0.01,70.86,2170.88,50.1
26-May-20,Z78NJ853C,100,73.35,1,0,63.09,3624.96,498.6
26-May-20,Z78RI674B,100,160.58,0,0,6.25,207.5,23.5
26-May-20,Z78JD823A,100,86.42,3,0.16,52.78,895.73,21.2
26-May-20,Z78RI674C,100,15.13,0,0,438.7,0.0025,2.93
26-May-20,Z78NJ720C,100,64.43,7,0,367.85,13199.36,197.4
26-May-20,Z78NJ720B,100,73.62,0,0.37,10.78,0.404,19.7
26-May-20,Z78RY069A,100,98.1,0,4.21,424.42,0.2971,9.9
26-May-20,Z78RI794A,100,28.65,0,2.04,301.38,11.7,85.4
26-May-20,Z78NJ350C,100,72.55,2,100,22.84,6.53,13
26-May-20,Z78NJ853A,100,152.82,1,0,12.85,1157.12,47.8
26-May-20,Z78RI661A,100,171.04,0,3.66,16.57,2.23,28.5
26-May-20,Z78RY069B,100,18.8,0,100,2.56,0.0343,532
26-May-20,Z78NJ720A,100,16.69,0,0,2.22,0.0329,2.9
26-May-20,Z78RI794B,100,101.52,0,3.72,1.82,25.24,21.7
26-May-20,Z78MD977C,100,40407.04,3,0.44,61.99,16.41,242.7
26-May-20,Z78NJ746B,100,109.01,0,0,3.14,58.29,544
26-May-20,Z78NJ626C,100,24.86,0,0.31,1.97,0.1222,56.3
27-May-20,Z78NJ853B,100,156.11,0,0.04,5.57,334.03,223.3
27-May-20,Z78JD823B,100,199.86,1,1.46,130.9,542.36,48.9
27-May-20,Z78RI674A,100,118.42,1,0.01,47.16,1011.9,51.6
27-May-20,Z78NJ853C,100,129.94,2,0,91.17,2897.92,253.4
27-May-20,Z78RI674B,100,159.87,1,3.54,4.47,131.41,12.4
27-May-20,Z78JD823A,100,117.71,2,0.01,39.63,1126.4,49.5
27-May-20,Z78RI674C,100,7.44,0,0,1.33,0.0165,2.93
27-May-20,Z78NJ720C,100,66.33,5,0.02,178.97,6963.2,89.2
27-May-20,Z78NJ720B,100,79.76,0,0,6.59,0.061,2.3
27-May-20,Z78RY069A,100,114.71,0,0.04,3.11,5.5,2.9
27-May-20,Z78RI794A,100,156.56,1,0.18,1.15,16.87,6
27-May-20,Z78NJ350C,100,102.36,2,7.3,44.8,9.76,11.7
27-May-20,Z78NJ853A,100,139.93,1,0,7.24,189.77,25.1
27-May-20,Z78RI661A,100,152.67,0,0.09,49.2,0.6676,1.1
27-May-20,Z78RY069B,100,92.76,0,0.07,24.89,0.4871,2.9
27-May-20,Z78NJ720A,100,40.31,0,0,3.88,0.0182,2.61
27-May-20,Z78RI794B,100,103.84,0,5.76,729.05,12.29,8.7
27-May-20,Z78MD977C,100,54630.4,4,0.54,68.69,30.24,259.4
27-May-20,Z78NJ746B,100,151.9,1,0.03,28.66,20101.12,3.77
27-May-20,Z78NJ626C,100,555.61,0,0,40.18,3184.64,27.93
28-May-20,Z78NJ853B,100,126.58,0,0.13,1.62,165.25,307.4
28-May-20,Z78JD823B,100,82.01,1,31.09,74.78,1945.6,176.7
28-May-20,Z78RI674A,100,119.78,2,0.02,53.95,936.2,25.7
28-May-20,Z78NJ853C,100,64.17,1,0,59.37,1239.04,38
28-May-20,Z78RI674B,100,203.84,1,0.02,9.04,197.71,20.2
28-May-20,Z78JD823A,100,92.07,2,0.51,43.98,874.66,45.3
28-May-20,Z78RI674C,100,64.56,0,0.05,30.78,0.3437,3.2
28-May-20,Z78NJ720C,100,77.28,6,0.14,233.15,8294.4,145.1
28-May-20,Z78NJ720B,100,51.89,0,0.83,3.52,0.5993,4.2
28-May-20,Z78RY069A,100,118.92,0,25.93,80.34,0.0428,132.3
28-May-20,Z78RI794A,100,42.97,0,0.48,259.38,6.45,29.3
28-May-20,Z78NJ350C,100,94.77,1,100,18.17,6.47,17.2
28-May-20,Z78NJ853A,100,89.92,1,0.01,7.46,346.69,14.6
28-May-20,Z78RI661A,100,109.51,0,0.56,461.31,1.19,3.1
28-May-20,Z78RY069B,100,19.43,0,0.06,22.08,0.4221,10.9
28-May-20,Z78NJ720A,100,74.68,0,2.97,4.86,0.3781,214.4
28-May-20,Z78RI794B,100,41.42,0,3.68,502.29,6.78,19.3
28-May-20,Z78MD977C,100,11632.64,2,3.72,53.52,3.43,112.7
28-May-20,Z78NJ746B,100,81.71,1,0.01,15.97,6543.36,1.67
28-May-20,Z78NJ626C,100,55.78,0,1.16,18.54,1.11,55.3
29-May-20,Z78NJ853B,100,26.43,0,0.56,2.68,4741.12,6.46
29-May-20,Z78JD823B,99.41,116.01,1,1.76,22.67,1157.12,272
29-May-20,Z78RI674A,100,109.78,3,0.14,255.42,622.2,7.9
29-May-20,Z78NJ853C,100,151.52,1,0.14,5.83,181.69,36.7
29-May-20,Z78RI674B,100,128.39,0,0.01,3.2,47.79,12.1
29-May-20,Z78JD823A,99.56,138.96,3,0.49,150.59,1607.68,27.7
29-May-20,Z78RI674C,100,38.13,0,0.22,3.92,0.0841,801
29-May-20,Z78NJ720C,100,80.63,7,0.01,266.93,3737.6,24.9
29-May-20,Z78NJ720B,100,260.8,0,3.09,337.37,0.0919,2.93
29-May-20,Z78RY069A,100,43.89,0,18.05,944.49,3.79,8.8
29-May-20,Z78RI794A,100,59.27,0,0.02,32.93,0.8461,16.9
29-May-20,Z78NJ350C,100,116.1,1,5.88,20.24,11.23,9
29-May-20,Z78NJ853A,100,120.89,0,0.01,3.37,195.45,15.9
29-May-20,Z78RI661A,100,134.95,0,1.1,474.86,0.2078,7.4
29-May-20,Z78RY069B,100,112.68,0,0,109.21,3.03,14.5
29-May-20,Z78NJ720A,100,67.13,0,13.26,50.84,5.18,828.3
29-May-20,Z78RI794B,100,67.51,0,0.13,178.7,7.83,4.3
29-May-20,Z78MD977C,100,83773.44,2,0.04,97.48,8.57,195.3
29-May-20,Z78NJ746B,100,52.4,0,0,18.75,7403.52,3.26
29-May-20,Z78NJ626C,100,62.5,0,0.64,14.79,1.15,86.1
30-May-20,Z78NJ853B,100,116.35,0,0.06,55.38,0.7448,6.5
30-May-20,Z78JD823B,100,79.3,0,1.46,3.05,56.47,12.7
30-May-20,Z78RI674A,100,87.1,3,0.36,49.79,1249.28,24.8
30-May-20,Z78NJ853C,100,60.46,1,0,87.42,1751.04,55.3
30-May-20,Z78RI674B,100,128.7,0,0.1,1.1,32.56,9.5
30-May-20,Z78JD823A,100,102.1,5,0.05,130.82,2273.28,24.7
30-May-20,Z78RI674C,100,118.99,0,0.03,27.71,0.3983,3.7
30-May-20,Z78NJ720C,100,80.07,8,0.03,327.39,10106.88,98.9
30-May-20,Z78NJ720B,100,215.94,0,2.24,887.64,0.7464,2.7
30-May-20,Z78RY069A,100,80.73,0,39.21,5.4,1.48,8.7
30-May-20,Z78RI794A,100,74.3,0,0.4,12.28,0.4249,17.9
30-May-20,Z78NJ350C,100,149.68,1,4.15,45.32,8.49,11.7
30-May-20,Z78NJ853A,100,73.97,0,1.34,698.7,13.44,7
30-May-20,Z78RI661A,100,104.14,0,0.25,3.33,1.19,2.5
30-May-20,Z78RY069B,100,109.17,0,0.02,153.69,5.26,11.9
30-May-20,Z78NJ720A,100,99.83,0,3.15,24.2,3.88,1.5
30-May-20,Z78RI794B,100,112.77,0,0.1,111.47,4.86,33.2
30-May-20,Z78MD977C,100,22691.84,2,0.3,58.14,5.93,209.1
30-May-20,Z78NJ746B,100,68.36,1,0.02,16.17,5283.84,1.05
30-May-20,Z78NJ626C,100,24.6,0,1.24,11.42,1.2,8.1
31-May-20,Z78NJ853B,100,65.27,0,0.53,32.58,0.4983,2.4
31-May-20,Z78JD823B,100,47.37,0,0.89,19.96,0.2907,6.1
31-May-20,Z78RI674A,100,93.77,2,0.1,25.9,923.64,9.4
31-May-20,Z78NJ853C,100,171.47,1,0.01,10.8,407.36,94.1
31-May-20,Z78RI674B,100,85.32,0,0.03,1.46,57.88,39.7
31-May-20,Z78JD823A,100,73.1,4,0.03,93.33,2693.12,43.9
31-May-20,Z78RI674C,100,95.61,0,0.02,43.9,0.6094,2.7
31-May-20,Z78NJ720C,100,88.99,7,0.02,197.15,7055.36,39.3
31-May-20,Z78NJ720B,100,146.61,0,14.79,5.53,1.46,62.7
31-May-20,Z78RY069A,100,133.36,0,1.29,784.21,5.06,4.6
31-May-20,Z78RI794A,100,38.69,0,2.21,30.44,0.9927,13.6
31-May-20,Z78NJ350C,100,132.61,1,13.72,74.63,5.82,13.7
31-May-20,Z78NJ853A,100,131.06,0,0.04,123.83,27.55,8.7
31-May-20,Z78RI661A,100,61.47,0,0.09,38.42,1.19,6.2
31-May-20,Z78RY069B,100,115.4,0,0.25,122.31,4.47,16
31-May-20,Z78NJ720A,100,63.7,0,1.63,73.36,595.91,38.3
31-May-20,Z78RI794B,100,38.9,0,27.29,1.07,8.36,57.8
31-May-20,Z78MD977C,100,13701.12,1,0.01,91.13,2.61,224.9
31-May-20,Z78NJ746B,100,159.94,0,0.01,3.49,265.03,104.1
31-May-20,Z78NJ626C,100,51,0,0.09,29.87,1.2,3.7
01-Jun-20,Z78NJ853B,100,22.17,0,32.28,4.42,0.0405,5.3
01-Jun-20,Z78JD823B,100,21.8,0,0.04,33.55,2.44,1.2
01-Jun-20,Z78RI674A,100,129.68,1,0.01,18.23,499.51,35.6
01-Jun-20,Z78NJ853C,100,148.94,1,0.06,5.85,963.54,327.9
01-Jun-20,Z78RI674B,100,114.59,0,0.21,37.4,1.04,9.3
01-Jun-20,Z78JD823A,100,102.76,5,0.05,116.63,4792.32,121
01-Jun-20,Z78RI674C,100,111.82,0,0.03,55.72,1.41,13.6
01-Jun-20,Z78NJ720C,100,98.66,6,0.12,229.68,7751.68,47.6
01-Jun-20,Z78NJ720B,100,112.28,1,1.83,10.2,1.87,6.4
01-Jun-20,Z78RY069A,100,58.63,0,1.19,1.5,2.1,9.6
01-Jun-20,Z78RI794A,100,69.33,0,0,13.78,0.3955,6
01-Jun-20,Z78NJ350C,100,89.56,1,4.14,22.1,8.17,14.2
01-Jun-20,Z78NJ853A,100,192.76,0,0.5,2.51,29.3,3.2
01-Jun-20,Z78RI661A,100,97.35,0,20.2,9.49,4.63,8.9
01-Jun-20,Z78RY069B,100,107.48,0,0.33,158.32,5.36,17.4
01-Jun-20,Z78NJ720A,100,53.17,1,38.94,28.1,2211.84,296.8
01-Jun-20,Z78RI794B,100,177.3,0,8.81,4.35,650.89,1.72
01-Jun-20,Z78MD977C,100,14356.48,2,0.05,77.88,9.43,213
01-Jun-20,Z78NJ746B,100,42.7,1,0.09,11.69,16097.28,4.02
01-Jun-20,Z78NJ626C,100,50.73,0,0.12,22.62,0.616,5.1
02-Jun-20,Z78NJ853B,100,135.24,0,3.11,741.44,24.57,83.3
02-Jun-20,Z78JD823B,100,37.03,0,0.08,9.22,0.1041,7.5
02-Jun-20,Z78RI674A,100,226.28,1,0.01,19.51,241.35,4.3
02-Jun-20,Z78NJ853C,100,166.37,1,0.24,7.02,369.99,74.2
02-Jun-20,Z78RI674B,100,56.51,0,0.17,34.29,0.6568,991
02-Jun-20,Z78JD823A,100,115.22,5,0.03,136.4,4761.6,76.5
02-Jun-20,Z78RI674C,100,302.28,0,0,4.44,17.96,22.9
02-Jun-20,Z78NJ720C,100,76.37,9,0.43,304.8,11069.44,94.9
02-Jun-20,Z78NJ720B,100,108.2,1,4.47,7.65,1.48,22.2
02-Jun-20,Z78RY069A,100,71.44,0,2.78,4.21,2.53,9.3
02-Jun-20,Z78RI794A,100,62.03,0,0,12.48,0.2275,3.4
02-Jun-20,Z78NJ350C,100,55.5,1,0.68,27.25,13.57,6.7
02-Jun-20,Z78NJ853A,100,91.09,1,0.57,16.7,878.63,34
02-Jun-20,Z78RI661A,100,109.76,1,27.13,11.12,14.41,46.7
02-Jun-20,Z78RY069B,100,56.5,0,0.16,105.61,5.77,18.1
02-Jun-20,Z78NJ720A,100,60.37,1,0.49,32.86,402.1,10
02-Jun-20,Z78RI794B,100,56.28,0,0.08,318.39,10.22,12.8
02-Jun-20,Z78MD977C,100,28497.92,3,0.04,73.81,16.79,190.1
02-Jun-20,Z78NJ746B,100,86.02,1,0.06,12.1,3379.2,709.6
02-Jun-20,Z78NJ626C,100,67.86,0,0.45,26.06,0.5916,7.9
03-Jun-20,Z78NJ853B,100,123.21,0,0.95,8.23,756.7,254.8
03-Jun-20,Z78JD823B,100,42.32,0,4.04,10.62,2.42,486.5
03-Jun-20,Z78RI674A,100,113.02,1,0.16,25.39,2795.52,630.6
03-Jun-20,Z78NJ853C,100,126.78,0,0.21,4.08,184.4,99.2
03-Jun-20,Z78RI674B,100,81.23,0,1.77,495.12,11.31,2.8
03-Jun-20,Z78JD823A,100,105.17,4,0.08,93.17,3102.72,31.9
03-Jun-20,Z78RI674C,100,94.2,0,0.25,247.39,5.69,7.6
03-Jun-20,Z78NJ720C,100,70.35,9,0.07,411.43,19302.4,329.2
03-Jun-20,Z78NJ720B,100,107.18,0,4.06,48.41,2.63,8.7
03-Jun-20,Z78RY069A,100,79.71,1,100,10.01,4.47,6.9
03-Jun-20,Z78RI794A,100,116.76,0,0.38,179.15,5.7,6.2
03-Jun-20,Z78NJ350C,100,103.65,1,3.09,31.21,17.24,697.9
03-Jun-20,Z78NJ853A,100,76.5,0,0.29,9.36,647.24,10.7
03-Jun-20,Z78RI661A,100,57.93,0,0.09,29.12,0.7207,21
03-Jun-20,Z78RY069B,100,131.58,0,0.05,147.33,4.72,8
03-Jun-20,Z78NJ720A,100,60.7,1,0.16,52.05,63.21,3.5
03-Jun-20,Z78RI794B,100,58.98,0,0.18,108.82,4.28,12.5
03-Jun-20,Z78MD977C,100,12523.52,2,0.19,63.45,13.56,257.8
03-Jun-20,Z78NJ746B,100,115.54,1,0.05,9.4,2908.16,512.1
03-Jun-20,Z78NJ626C,100,56.78,0,1,49.3,0.8122,8.5
04-Jun-20,Z78NJ853B,100,205.3,0,6.62,9.82,168.81,78.4
04-Jun-20,Z78JD823B,100,64.13,0,0,8.81,0.0648,1.8
04-Jun-20,Z78RI674A,100,94.35,1,0.04,7.81,182.6,5
04-Jun-20,Z78NJ853C,100,159.97,1,0,6.52,777.96,166.4
04-Jun-20,Z78RI674B,100,74.65,0,0.16,51.84,1.17,2
04-Jun-20,Z78JD823A,100,121.92,3,0.01,67.13,2826.24,68
04-Jun-20,Z78RI674C,100,93.28,0,0.11,16.21,0.4919,115.7
04-Jun-20,Z78NJ720C,100,71.92,8,0.06,256.13,7761.92,92.5
04-Jun-20,Z78NJ720B,100,113,0,6,5.46,1.6,783.9
04-Jun-20,Z78RY069A,100,55.28,1,70.81,4.27,1.9,11.8
04-Jun-20,Z78RI794A,100,52.24,0,2.04,59.18,3.96,20.4
04-Jun-20,Z78NJ350C,100,88.25,1,0.92,19.27,17.22,5.3
04-Jun-20,Z78NJ853A,100,26.68,1,1.64,13.05,1239.04,134.2
04-Jun-20,Z78RI661A,100,85.46,0,0.48,58.46,3.46,261.4
04-Jun-20,Z78RY069B,100,15.94,0,10.56,10.75,0.2443,9.9
04-Jun-20,Z78NJ720A,100,74.14,1,0.01,22.58,487.29,117.5
04-Jun-20,Z78RI794B,100,73.48,0,1.44,161.2,12.26,43
04-Jun-20,Z78MD977C,100,6215.68,2,0.14,44.02,14.34,254
04-Jun-20,Z78NJ746B,100,100.12,1,0.04,10.02,2508.8,643.3
04-Jun-20,Z78NJ626C,100,179.98,0,0.19,2.79,260.6,1.04
05-Jun-20,Z78NJ853B,100,72.12,0,17.13,25.66,653.88,157.9
05-Jun-20,Z78JD823B,100,89.85,0,18.22,8.32,0.173,48.5
05-Jun-20,Z78RI674A,100,152.94,0,0.02,4.65,156.37,139.2
05-Jun-20,Z78NJ853C,100,171.31,1,0.01,5.32,348.64,50.5
05-Jun-20,Z78RI674B,100,19.12,0,0.15,174.55,11.05,17.9
05-Jun-20,Z78JD823A,100,71.65,3,0.01,53.88,2160.64,17.1
05-Jun-20,Z78RI674C,100,83.25,0,16.31,6.3,9.18,384.3
05-Jun-20,Z78NJ720C,100,56.45,9,0.03,279.16,11089.92,202.9
05-Jun-20,Z78NJ720B,100,110.4,1,21.09,12.77,3.49,42
05-Jun-20,Z78RY069A,100,50.89,1,100,5.24,2.72,10.1
05-Jun-20,Z78RI794A,100,53.12,0,46.37,452.78,1.27,36.2
05-Jun-20,Z78NJ350C,100,141.53,1,1.5,37.19,14.98,9.1
05-Jun-20,Z78NJ853A,100,129.07,0,0.15,8.6,289.21,12.3
05-Jun-20,Z78RI661A,100,73.06,0,0.32,2.11,4.26,3.1
05-Jun-20,Z78RY069B,100,55.54,0,2.09,84.76,2.19,9.3
05-Jun-20,Z78NJ720A,100,20.73,1,0.01,29.32,1546.24,163.5
05-Jun-20,Z78RI794B,100,182.15,0,1.15,439.32,6.82,54.9
05-Jun-20,Z78MD977C,100,3686.4,2,0.91,50.41,2.22,250
05-Jun-20,Z78NJ746B,100,152.53,1,0.01,14.74,2160.64,462.5
05-Jun-20,Z78NJ626C,100,113.2,0,0.18,471.17,2.63,28
06-Jun-20,Z78NJ853B,100,72.55,1,17.25,92.81,2088.96,224.1
06-Jun-20,Z78JD823B,100,366.41,0,0.12,5.12,11.29,1.05
06-Jun-20,Z78RI674A,100,92.09,0,0.01,6.7,102.68,93.3
06-Jun-20,Z78NJ853C,100,127.91,1,0,4.23,371.59,48.4
06-Jun-20,Z78RI674B,100,82.18,0,1.8,566.98,31.59,68.1
06-Jun-20,Z78JD823A,100,219.86,3,0.01,172.01,3594.24,151.7
06-Jun-20,Z78RI674C,100,122.46,0,0.07,41.58,1.47,55.1
06-Jun-20,Z78NJ720C,100,62.03,11,0,386.09,16343.04,218
06-Jun-20,Z78NJ720B,100,79.5,1,0.63,15.53,5.68,10
06-Jun-20,Z78RY069A,100,55.61,1,15.01,14.06,209.16,10.1
06-Jun-20,Z78RI794A,100,61.38,0,0.25,1.47,22.29,5.3
06-Jun-20,Z78NJ350C,100,70.99,1,1.72,23.57,13.34,3.8
06-Jun-20,Z78NJ853A,100,77.24,1,0.92,16.75,701.52,68.5
06-Jun-20,Z78RI661A,100,194.12,0,0.28,698.26,0.4323,17.7
06-Jun-20,Z78RY069B,100,23.55,0,0.32,2.63,496.48,13.3
06-Jun-20,Z78NJ720A,100,91.98,1,0.01,15.53,705.74,109.7
06-Jun-20,Z78RI794B,100,105.28,0,12.75,490.79,17.18,27.6
06-Jun-20,Z78MD977C,100,16517.12,2,0.24,55.93,8.4,241.6
06-Jun-20,Z78NJ746B,100,117.39,1,0.03,16.65,6604.8,1.53
06-Jun-20,Z78NJ626C,100,153.07,0,0.03,2.74,581.24,834.5
07-Jun-20,Z78NJ853B,100,82.28,0,3.12,8.63,522.25,203.9
07-Jun-20,Z78JD823B,100,2.86,0,2.22,150.43,1.48,10.5
07-Jun-20,Z78RI674A,100,202.56,1,0.01,14.78,361.91,111.9
07-Jun-20,Z78NJ853C,100,131.15,1,0.04,7.11,336.41,80.7
07-Jun-20,Z78RI674B,100,98.4,0,1.51,394.96,153.79,625.9
07-Jun-20,Z78JD823A,100,110.65,3,0.05,88.17,3133.44,110.1
07-Jun-20,Z78RI674C,100,105.12,0,0.8,565.46,58.84,5.46
07-Jun-20,Z78NJ720C,100,55,11,0,341.06,10168.32,230.4
07-Jun-20,Z78NJ720B,100,85.72,0,0.08,369.78,2.5,1
07-Jun-20,Z78RY069A,100,58.81,1,4.62,9.95,11.98,8.6
07-Jun-20,Z78RI794A,100,62.98,0,0.11,223.48,12.13,191.8
07-Jun-20,Z78NJ350C,100,108.77,1,1.55,17.29,13.34,9
07-Jun-20,Z78NJ853A,100,158.98,0,1.49,3.91,58.28,14.5
07-Jun-20,Z78RI661A,100,117.48,0,0.68,280.87,2.03,3
07-Jun-20,Z78RY069B,100,100.91,0,0.04,148.96,6.61,17.5
07-Jun-20,Z78NJ720A,100,93.21,2,0.05,27.79,588.85,152.6
07-Jun-20,Z78RI794B,100,53.05,0,0.03,79.61,2.83,11.3
07-Jun-20,Z78MD977C,100,10813.44,2,0.07,70.18,9.4,269.6
07-Jun-20,Z78NJ746B,100,100.8,0,0.07,936.09,90.18,69.8
07-Jun-20,Z78NJ626C,100,169.17,0,0.13,5.12,1269.76,1.39
08-Jun-20,Z78NJ853B,100,92.03,1,8.71,95.81,1966.08,259.2
08-Jun-20,Z78JD823B,99.64,198.63,0,3.84,108.36,1.34,12.6
08-Jun-20,Z78RI674A,100,161.98,1,0.67,35.6,814.19,47.4
08-Jun-20,Z78NJ853C,100,149.51,1,0.07,4.04,171.85,19
08-Jun-20,Z78RI674B,100,260.99,0,0,2.53,22.41,2
08-Jun-20,Z78JD823A,99.64,107.5,4,0.01,112.83,3891.2,68.7
08-Jun-20,Z78RI674C,100,106,0,0.04,1.01,0.6895,8.5
08-Jun-20,Z78NJ720C,100,66.3,10,0.01,349.24,13588.48,208.1
08-Jun-20,Z78NJ720B,100,178.44,0,10.69,2.54,1.03,3.8
08-Jun-20,Z78RY069A,100,69.49,1,15.49,11.37,22.04,27.5
08-Jun-20,Z78RI794A,100,393.74,0,0.02,1.61,107.27,1.73
08-Jun-20,Z78NJ350C,100,111.68,1,0.52,19.31,14.38,29.7
08-Jun-20,Z78NJ853A,100,101.75,0,11.53,3.86,261.45,45.1
08-Jun-20,Z78RI661A,99.67,138.56,0,8.61,696.43,7.23,130
08-Jun-20,Z78RY069B,100,122.99,0,0.14,391.18,4.1,19
08-Jun-20,Z78NJ720A,100,82.84,2,0.05,37.62,1382.4,189.2
08-Jun-20,Z78RI794B,100,116.17,0,2.97,225.31,7.5,14.1
08-Jun-20,Z78MD977C,100,19671.04,3,0.06,52.99,15.93,251.7
08-Jun-20,Z78NJ746B,100,175.45,1,0,7.34,272.07,23.1
08-Jun-20,Z78NJ626C,100,531.9,0,0.28,8.87,789.83,2.76
09-Jun-20,Z78NJ853B,100,69.26,1,3.11,54.55,1310.72,66.8
09-Jun-20,Z78JD823B,100,15.22,0,1.36,57.97,0.8404,2.6
09-Jun-20,Z78RI674A,100,79.19,1,2.81,23.75,510.26,56.4
09-Jun-20,Z78NJ853C,100,158.25,0,0.12,2.48,48.32,10.4
09-Jun-20,Z78RI674B,100,118.2,0,0.04,3.66,47.93,8.2
09-Jun-20,Z78JD823A,100,99.96,4,0.05,105.16,4239.36,61.9
09-Jun-20,Z78RI674C,100,185.47,0,0.19,149.79,6.68,76.6
09-Jun-20,Z78NJ720C,100,65.58,10,0.04,323.75,10147.84,125.6
09-Jun-20,Z78NJ720B,100,93.54,0,14.41,3.55,9.24,7.6
09-Jun-20,Z78RY069A,100,122.12,1,52.13,9.6,4.02,18.6
09-Jun-20,Z78RI794A,100,85.37,0,0.03,206.56,7.48,43.2
09-Jun-20,Z78NJ350C,100,123.18,1,0.23,31.72,17.83,5.4
09-Jun-20,Z78NJ853A,100,42.53,0,0.82,4.59,437.39,32.3
09-Jun-20,Z78RI661A,100,102.13,0,4.81,1.04,0.4253,3.04
09-Jun-20,Z78RY069B,100,103.54,0,0.04,103.3,4.27,60.4
09-Jun-20,Z78NJ720A,100,48.33,3,0.01,89.87,4505.6,130.2
09-Jun-20,Z78RI794B,100,314.69,0,0.09,3.25,151.27,660.1
09-Jun-20,Z78MD977C,100,14254.08,3,0.05,75.19,23.64,279.5
09-Jun-20,Z78NJ746B,100,143.62,1,0.04,13.77,364.71,17
09-Jun-20,Z78NJ626C,100,67.53,0,0.6,1.12,183.12,235.5
10-Jun-20,Z78NJ853B,100,60.91,1,2.21,13.27,606.53,88
10-Jun-20,Z78JD823B,100,132.72,0,0,3.59,61.35,13.4
10-Jun-20,Z78RI674A,100,158.47,1,0.13,21,358.59,43.7
10-Jun-20,Z78NJ853C,100,106.32,0,0.07,5.11,155.98,16.2
10-Jun-20,Z78RI674B,100,132.27,1,0.3,3.46,55.23,6.1
10-Jun-20,Z78JD823A,100,93.57,5,0.05,116.91,3512.32,34.6
10-Jun-20,Z78RI674C,100,70.87,0,0.06,40.33,0.9654,6.3
10-Jun-20,Z78NJ720C,100,60.85,11,0.37,483.09,12984.32,126.5
10-Jun-20,Z78NJ720B,100,43.55,1,0.01,30.58,1843.2,142.5
10-Jun-20,Z78RY069A,100,196.78,1,0.12,12.36,887.74,6.25
10-Jun-20,Z78RI794A,100,18.17,0,0.12,16.73,0.1981,4.1
10-Jun-20,Z78NJ350C,100,110.73,1,0.1,15.06,11.65,10.6
10-Jun-20,Z78NJ853A,100,66.1,1,0.39,8.37,963.1,22.3
10-Jun-20,Z78RI661A,100,48.27,0,13.12,5.37,3.01,1.2
10-Jun-20,Z78RY069B,100,333.06,0,0,3.64,21.91,557
10-Jun-20,Z78NJ720A,100,62.52,3,0.17,61.45,2078.72,39.1
10-Jun-20,Z78RI794B,100,148.06,1,0.03,7.47,100.62,4.9
10-Jun-20,Z78MD977C,98.68,23982.08,3,0.71,58.94,27.32,252.5
10-Jun-20,Z78NJ746B,100,111.68,2,0,43.41,889.31,6.3
10-Jun-20,Z78NJ626C,100,45.06,0,0.01,386.2,13.38,1.6
11-Jun-20,Z78NJ853B,100,154.89,1,1.23,61.11,741.22,111.4
11-Jun-20,Z78JD823B,100,56.15,0,0.1,10.12,0.2251,2
11-Jun-20,Z78RI674A,100,99.22,1,0.04,19.81,364.95,9.5
11-Jun-20,Z78NJ853C,100,103.37,0,0.02,5.97,184.22,27.6
11-Jun-20,Z78RI674B,100,144.16,0,0.71,18.45,4290.56,1.37
11-Jun-20,Z78JD823A,100,148.39,4,0.38,206.93,3123.2,37
11-Jun-20,Z78RI674C,100,94.93,0,0.01,91.1,9.91,316.5
11-Jun-20,Z78NJ720C,100,85.69,11,0.03,513.55,13701.12,119.8
11-Jun-20,Z78NJ720B,100,36.16,1,1.75,9.24,5.6,25.9
11-Jun-20,Z78RY069A,100,81.66,2,5.39,20.23,9.16,19
11-Jun-20,Z78RI794A,100,105.16,0,1.49,13.62,3.31,4.1
11-Jun-20,Z78NJ350C,100,106.55,1,1.3,25.11,42.94,96.5
11-Jun-20,Z78NJ853A,100,84.17,0,0.4,9.89,474.73,22.3
11-Jun-20,Z78RI661A,100,59.69,0,1.77,2.64,4.06,1.8
11-Jun-20,Z78RY069B,100,185.76,0,0.27,175.79,0.4029,11.9
11-Jun-20,Z78NJ720A,100,59.5,3,0.05,91.94,3532.8,65.4
11-Jun-20,Z78RI794B,100,181.97,1,0.01,9.15,110.48,1.4
11-Jun-20,Z78MD977C,100,35112.96,4,1,71.22,67.33,228.1
11-Jun-20,Z78NJ746B,100,104.05,2,0,138.36,30781.44,4.44
11-Jun-20,Z78NJ626C,100,80.79,0,0.1,27.39,702.58,32.6
12-Jun-20,Z78NJ853B,100,142.11,0,0.49,101.03,1761.28,446.3
12-Jun-20,Z78JD823B,100,121.05,0,3.92,21.37,0.1782,11.4
12-Jun-20,Z78RI674A,100,166.16,0,0.23,9,182.19,37.1
12-Jun-20,Z78NJ853C,100,89.33,1,0.01,13.96,327.78,13.8
12-Jun-20,Z78RI674B,100,142.3,1,0.31,13.64,1075.2,91
12-Jun-20,Z78JD823A,100,91.48,4,0.39,133.32,3430.4,36.9
12-Jun-20,Z78RI674C,100,129.27,0,0.06,196.06,2.03,1.9
12-Jun-20,Z78NJ720C,100,63.26,10,0.13,349.71,49725.44,980.5
12-Jun-20,Z78NJ720B,100,28.55,1,15.9,5.03,35.19,812.2
12-Jun-20,Z78RY069A,100,80.36,1,2.45,6.52,6.07,59.2
12-Jun-20,Z78RI794A,100,74.61,1,1.15,12.72,3.76,16.5
12-Jun-20,Z78NJ350C,100,113.81,1,0.46,48.05,106.12,23.1
12-Jun-20,Z78NJ853A,100,138.01,0,0.22,10.5,338.97,28
12-Jun-20,Z78RI661A,100,93.44,0,13.04,338.58,0.1609,2.86
12-Jun-20,Z78RY069B,100,168.21,0,0,60.58,0.1327,7.8
12-Jun-20,Z78NJ720A,100,51.5,3,0.03,68.29,3799.04,44.1
12-Jun-20,Z78RI794B,100,303.71,0,0.07,13.82,137.65,825
12-Jun-20,Z78MD977C,100,15001.6,2,0.82,49.11,38.5,254.8
12-Jun-20,Z78NJ746B,100,47.37,2,0.08,17.15,9052.16,1.14
12-Jun-20,Z78NJ626C,100,58.03,1,0,110.75,2775.04,69.9
13-Jun-20,Z78NJ853B,100,117.3,0,0.67,5.56,176.9,42.1
13-Jun-20,Z78JD823B,100,84.48,0,2.89,133.44,1.8,7.2
13-Jun-20,Z78RI674A,100,36.25,1,0.24,18.3,174.35,18.9
13-Jun-20,Z78NJ853C,100,193.29,0,0.06,4.54,232.88,85.1
13-Jun-20,Z78RI674B,100,93.54,1,0.02,54.83,27340.8,3.26
13-Jun-20,Z78JD823A,100,78.36,4,0.13,148.51,3153.92,43.2
13-Jun-20,Z78RI674C,100,109.87,0,0.53,45.83,1.82,320
13-Jun-20,Z78NJ720C,100,51.49,12,0.02,498.14,14909.44,130.6
13-Jun-20,Z78NJ720B,100,27.4,1,0.86,7.52,8.34,6.3
13-Jun-20,Z78RY069A,100,83.72,1,2.84,3.79,3.77,23.9
13-Jun-20,Z78RI794A,100,133.12,1,0.01,18.72,55.09,1.74
13-Jun-20,Z78NJ350C,100,111.19,1,2.24,25.67,39,33.9
13-Jun-20,Z78NJ853A,100,143.03,0,0.09,3.39,125.99,92.9
13-Jun-20,Z78RI661A,100,125.78,0,8.75,8.34,1.45,60.6
13-Jun-20,Z78RY069B,100,142.29,0,0,27.44,0.5707,6
13-Jun-20,Z78NJ720A,100,49.92,3,0,78.35,4802.56,47.1
13-Jun-20,Z78RI794B,100,212.86,0,0.02,6.4,160.15,59.7
13-Jun-20,Z78MD977C,100,8591.36,3,0.6,44.88,10.27,250
13-Jun-20,Z78NJ746B,100,65.98,2,0.02,25.2,10321.92,1.82
13-Jun-20,Z78NJ626C,100,80.72,0,0.01,3.72,58.56,17.6
14-Jun-20,Z78NJ853B,100,67.24,1,0.36,12.84,903.09,119.9
14-Jun-20,Z78JD823B,100,42.49,0,0,3.27,0.0903,3.2
14-Jun-20,Z78RI674A,100,147.25,1,0.13,6.89,17.8,2.3
14-Jun-20,Z78NJ853C,100,188.59,0,0.03,6.37,114.72,32.9
14-Jun-20,Z78RI674B,100,84.07,1,0.06,17.89,400.35,357.3
14-Jun-20,Z78JD823A,100,67.99,4,0.24,112.95,4505.6,211.7
14-Jun-20,Z78RI674C,100,74.35,0,0.14,196.56,25.5,532.4
14-Jun-20,Z78NJ720C,100,69.64,11,0.11,421.3,12789.76,147.1
14-Jun-20,Z78NJ720B,100,31.23,1,6.21,6.03,3.73,7.5
14-Jun-20,Z78RY069A,100,62.71,1,4.27,5.43,5.01,17
14-Jun-20,Z78RI794A,100,38.16,1,0.73,12.02,2.21,19.5
14-Jun-20,Z78NJ350C,100,126.9,1,8.98,34.06,313.61,117.4
14-Jun-20,Z78NJ853A,100,252.61,1,0.02,18.85,1239.04,689.2
14-Jun-20,Z78RI661A,100,72.77,0,4.18,835.71,0.3458,12.4
14-Jun-20,Z78RY069B,100,81.08,0,0.67,279.86,0.6306,6.5
14-Jun-20,Z78NJ720A,100,63.4,3,0,77.51,3880.96,62.4
14-Jun-20,Z78RI794B,100,84.71,0,0.24,201.95,4.89,23
14-Jun-20,Z78MD977C,100,17612.8,3,0.4,50.98,6.69,253.4
14-Jun-20,Z78NJ746B,100,226.36,1,0.01,41.18,1280,37.7
14-Jun-20,Z78NJ626C,100,118.22,0,2.11,1.33,2.56,35.8
15-Jun-20,Z78NJ853B,100,69.38,1,0.05,14.66,1638.4,244.8
15-Jun-20,Z78JD823B,100,197.5,0,6.51,42.43,0.3119,14.5
15-Jun-20,Z78RI674A,100,213.17,1,0,64.11,2426.88,1.48
15-Jun-20,Z78NJ853C,100,66.78,0,0.04,84.93,9.09,7.1
15-Jun-20,Z78RI674B,100,93.04,2,0.02,28.58,314.21,74.9
15-Jun-20,Z78JD823A,100,80.57,4,0.17,107.14,9103.36,333.1
15-Jun-20,Z78RI674C,100,110.23,0,0.05,108.73,2.23,1.7
15-Jun-20,Z78NJ720C,100,63.43,11,0.06,415.66,15667.2,144.8
15-Jun-20,Z78NJ720B,100,58.84,1,1,8.94,74.8,12.9
15-Jun-20,Z78RY069A,100,263.99,0,0.14,4.12,343.55,5.27
15-Jun-20,Z78RI794A,100,80.96,1,0.3,21.59,2.76,28.9
15-Jun-20,Z78NJ350C,100,100.35,1,1.35,23.04,58.69,53.4
15-Jun-20,Z78NJ853A,100,141.68,0,0.02,3.97,108.02,35.6
15-Jun-20,Z78RI661A,100,123.24,0,2.24,137.34,0.086,11.7
15-Jun-20,Z78RY069B,100,26.94,0,0.09,33.12,2.22,445.3
15-Jun-20,Z78NJ720A,100,137.43,3,0,254.42,6666.24,116.3
15-Jun-20,Z78RI794B,100,100.79,0,0.69,233.91,5.86,11.7
15-Jun-20,Z78MD977C,100,24801.28,3,0.06,70.06,7.43,277.5
15-Jun-20,Z78NJ746B,100,140.26,1,0.04,25.5,7137.28,1.87
15-Jun-20,Z78NJ626C,100,139.09,0,0.07,2.01,59.81,5.5
16-Jun-20,Z78NJ853B,100,96.64,1,2.35,8.02,456.72,181.6
16-Jun-20,Z78JD823B,100,143.77,0,0.32,1.08,27.44,524.3
16-Jun-20,Z78RI674A,100,222.83,1,0,178.88,3215.36,115.3
16-Jun-20,Z78NJ853C,100,120.54,0,0.11,1.66,116.99,155.5
16-Jun-20,Z78RI674B,100,90.8,1,0.02,15.66,2979.84,1.56
16-Jun-20,Z78JD823A,100,83.88,5,0.22,106.31,4577.28,107.3
16-Jun-20,Z78RI674C,100,57.77,0,0.02,73.07,10.59,231.3
16-Jun-20,Z78NJ720C,100,68.42,12,0.1,450.92,14540.8,140.3
16-Jun-20,Z78NJ720B,100,26.73,0,0.54,1.18,2.79,9.1
16-Jun-20,Z78RY069A,100,64.17,1,1.93,9.02,6.7,25.2
16-Jun-20,Z78RI794A,100,124.94,1,0.25,25.37,6.01,1.8
16-Jun-20,Z78NJ350C,100,59.16,1,3.54,31.34,96.12,52.7
16-Jun-20,Z78NJ853A,100,429.97,0,0,1.31,97.22,2.45
16-Jun-20,Z78RI661A,100,125.14,0,0.47,1.52,0.3745,9.8
16-Jun-20,Z78RY069B,100,90.54,0,1.29,273.39,9.44,22
16-Jun-20,Z78NJ720A,100,129.24,3,0,221.61,6256.64,89.7
16-Jun-20,Z78RI794B,100,39.29,0,0.57,188.29,3.75,7.9
16-Jun-20,Z78MD977C,99.51,8970.24,2,1.49,47.05,1392.64,426.9
16-Jun-20,Z78NJ746B,100,61.04,1,0,30.59,1177.6,37.1
16-Jun-20,Z78NJ626C,100,74.62,0,0.07,223.09,8.78,7.6
17-Jun-20,Z78NJ853B,100,86.43,1,2.31,32.33,1464.32,180.4
17-Jun-20,Z78JD823B,100,18.93,0,17.04,124.53,1.93,11.2
17-Jun-20,Z78RI674A,100,185.41,1,0.01,24.35,434.12,95.9
17-Jun-20,Z78NJ853C,100,59.2,0,0.01,8.44,142.71,11.4
17-Jun-20,Z78RI674B,100,121.33,1,0.04,26.38,172.64,1.9
17-Jun-20,Z78JD823A,100,77.21,4,0.02,161.84,5386.24,78.6
17-Jun-20,Z78RI674C,100,362.07,0,0.32,1.24,20.63,2.76
17-Jun-20,Z78NJ720C,100,79.34,13,0.21,664.57,15093.76,120
17-Jun-20,Z78NJ720B,100,53.61,0,0.16,271.21,2.97,15.1
17-Jun-20,Z78RY069A,100,84.34,1,3.76,2.11,2.8,35.4
17-Jun-20,Z78RI794A,100,120.82,1,0.33,21.9,3.24,19.1
17-Jun-20,Z78NJ350C,100,120.2,1,0.29,46.06,109.25,23.7
17-Jun-20,Z78NJ853A,100,98.9,0,0.38,117.34,2.75,8.7
17-Jun-20,Z78RI661A,100,138.55,0,0.58,355.38,0.3316,1.8
17-Jun-20,Z78RY069B,100,51.05,0,0.54,46.35,0.2958,6.3
17-Jun-20,Z78NJ720A,100,72.14,3,0,139.2,3491.84,63.4
17-Jun-20,Z78RI794B,100,69.86,0,0.07,323.22,1.37,4.3
17-Jun-20,Z78MD977C,100,29173.76,2,8.21,43.27,291.44,191.2
17-Jun-20,Z78NJ746B,100,108.16,2,0.01,154.18,2969.6,53.5
17-Jun-20,Z78NJ626C,100,49.72,0,0.04,400.31,8.5,2.9
18-Jun-20,Z78NJ853B,100,57.27,1,5.39,16.5,1802.24,534.4
18-Jun-20,Z78JD823B,100,118,0,0,152.17,130.84,39.4
18-Jun-20,Z78RI674A,100,129.83,1,0.01,20.91,392.83,41.8
18-Jun-20,Z78NJ853C,100,99.73,1,0.01,15.59,1617.92,346.4
18-Jun-20,Z78RI674B,100,169.3,1,0.4,9.69,14.6,16.5
18-Jun-20,Z78JD823A,100,91.58,6,0.06,195.32,5693.44,51
18-Jun-20,Z78RI674C,100,63.89,0,0.04,59.93,10.74,915.7
18-Jun-20,Z78NJ720C,100,61.66,15,0.1,463.1,17469.44,130.8
18-Jun-20,Z78NJ720B,100,114.56,0,0.3,4.86,91.6,4.1
18-Jun-20,Z78RY069A,100,88.7,1,3.54,8.95,3.76,45.2
18-Jun-20,Z78RI794A,100,141.86,1,0.32,13.34,1.52,4.7
18-Jun-20,Z78NJ350C,100,112.15,1,0.6,66.91,792.6,388.4
18-Jun-20,Z78NJ853A,100,54.17,0,2.18,34.99,0.7828,2
18-Jun-20,Z78RI661A,100,172.14,0,7.83,6.58,0.6077,589.7
18-Jun-20,Z78RY069B,100,123.4,0,0,34.42,0.0753,3.61
18-Jun-20,Z78NJ720A,100,146.91,3,0.04,205.66,4536.32,91.2
18-Jun-20,Z78RI794B,100,109.62,0,0.19,55.55,1.23,46
18-Jun-20,Z78MD977C,100,18319.36,2,1.74,41.2,26.7,195
18-Jun-20,Z78NJ746B,100,150.05,2,0.03,62.29,7864.32,704.3
18-Jun-20,Z78NJ626C,100,17.76,0,0.04,1.44,42,2.3
19-Jun-20,Z78NJ853B,100,87.85,0,4,14.15,397.56,55.3
19-Jun-20,Z78JD823B,100,136.85,0,1.84,5.27,0.0366,2.4
19-Jun-20,Z78RI674A,100,114.07,1,0.03,11.36,230.61,13.5
19-Jun-20,Z78NJ853C,100,102.51,1,0.02,19.32,797.47,96.3
19-Jun-20,Z78RI674B,100,142.6,1,0.14,34.89,219.83,104
19-Jun-20,Z78JD823A,100,87.93,6,0.05,149.14,7936,142.7
19-Jun-20,Z78RI674C,100,82.36,0,0.15,155.12,1.48,3.2
19-Jun-20,Z78NJ720C,100,47.46,16,0.32,475.27,25415.68,239.6
19-Jun-20,Z78NJ720B,100,89.34,0,26.47,3.15,8.47,20.4
19-Jun-20,Z78RY069A,100,124.8,1,1.01,15.82,4.1,22.1
19-Jun-20,Z78RI794A,100,101.76,1,0.02,12.63,3.15,5.3
19-Jun-20,Z78NJ350C,100,98.08,1,0.18,76.96,94.78,31.7
19-Jun-20,Z78NJ853A,100,175.72,0,0.15,17.2,0.2997,1.3
19-Jun-20,Z78RI661A,100,80.2,0,1.82,5.07,1.68,1.31
19-Jun-20,Z78RY069B,100,87.44,0,0.15,184,5.21,39.7
19-Jun-20,Z78NJ720A,100,67.15,3,0.01,69.06,2519.04,30.8
19-Jun-20,Z78RI794B,100,99.02,0,0.28,208.32,2.46,2.8
19-Jun-20,Z78MD977C,100,26880,3,2.74,49.8,8.59,174.4
19-Jun-20,Z78NJ746B,100,59.64,2,0.01,22.88,3174.4,121.6
19-Jun-20,Z78NJ626C,100,112.61,0,0.01,5.4,39.49,5.7
20-Jun-20,Z78NJ853B,100,31.57,0,100,4.48,0.1266,10.4
20-Jun-20,Z78JD823B,100,141.85,0,0.46,166.5,68.33,24.9
20-Jun-20,Z78RI674A,100,142.74,2,0.14,24.36,722.85,69.8
20-Jun-20,Z78NJ853C,100,100.59,1,0.01,19.2,1484.8,174.8
20-Jun-20,Z78RI674B,100,73.29,1,0.82,10.48,474.65,45.1
20-Jun-20,Z78JD823A,100,80.82,6,0.07,171.08,8089.6,108.5
20-Jun-20,Z78RI674C,100,71.24,0,0.53,75.89,1.69,4.1
20-Jun-20,Z78NJ720C,100,64.17,15,0.18,560.11,17920,130.5
20-Jun-20,Z78NJ720B,100,81.49,1,0.08,15.37,625.04,27.5
20-Jun-20,Z78RY069A,100,90.03,1,2.43,8.21,3.02,10.5
20-Jun-20,Z78RI794A,100,108.81,1,0.35,13.79,2.38,708
20-Jun-20,Z78NJ350C,100,140.52,2,0.14,94.42,563.73,175.4
20-Jun-20,Z78NJ853A,100,203.27,0,0.13,17.86,0.1447,1.6
20-Jun-20,Z78RI661A,100,45.9,0,0.01,108.39,9.75,21.76
20-Jun-20,Z78RY069B,100,132.71,0,0.19,111.47,1.54,7.4
20-Jun-20,Z78NJ720A,100,68.22,3,0.01,64.63,3307.52,63.6
20-Jun-20,Z78RI794B,100,165.43,0,0.16,1.1,10.21,18.6
20-Jun-20,Z78MD977C,100,47800.32,4,6.75,48.25,20.37,147.4
20-Jun-20,Z78NJ746B,100,103.08,2,0.02,22.69,2816,306.7
20-Jun-20,Z78NJ626C,100,83.57,0,0.26,16.65,0.3038,11.7
21-Jun-20,Z78NJ853B,100,51.54,0,23.96,593.25,5.95,19.3
21-Jun-20,Z78JD823B,100,66.87,0,1.23,27.28,0.8563,11.5
21-Jun-20,Z78RI674A,100,131.47,2,0,23.3,478.34,25.7
21-Jun-20,Z78NJ853C,100,118.1,1,0.03,5.61,842.17,345.5
21-Jun-20,Z78RI674B,100,85.07,1,0.06,6,128.38,10.6
21-Jun-20,Z78JD823A,100,97.42,6,0.09,158.74,15319.04,391.5
21-Jun-20,Z78RI674C,100,81.68,0,0.17,211.37,1.78,10.5
21-Jun-20,Z78NJ720C,100,62.11,16,0.09,523.27,16363.52,141.5
21-Jun-20,Z78NJ720B,100,62.05,0,0.97,5.39,4.63,6.5
21-Jun-20,Z78RY069A,100,69.23,1,1.72,6.97,6.8,32
21-Jun-20,Z78RI794A,100,91.35,1,0.06,31.77,6.9,5.4
21-Jun-20,Z78NJ350C,100,112.97,1,6.95,39.01,14.44,12.1
21-Jun-20,Z78NJ853A,100,128.03,0,0,31.3,0.2395,7
21-Jun-20,Z78RI661A,100,69.1,0,1.78,10.93,5.17,1.6
21-Jun-20,Z78RY069B,100,73.86,0,0.45,96.2,3.44,22.3
21-Jun-20,Z78NJ720A,100,76.18,3,0.34,52.39,2088.96,31.9
21-Jun-20,Z78RI794B,100,566.43,0,0.02,3.53,18.54,557
21-Jun-20,Z78MD977C,100,23480.32,2,2.04,48.88,9.81,180.6
21-Jun-20,Z78NJ746B,100,43.04,2,0.01,46.4,1372.16,14.6
21-Jun-20,Z78NJ626C,100,81.36,0,0.36,349.52,17.18,233.3
22-Jun-20,Z78NJ853B,100,103.44,0,2.55,189.97,4.5,26.5
22-Jun-20,Z78JD823B,100,166.8,0,1.65,68.19,0.7314,12.8
22-Jun-20,Z78RI674A,100,125.17,2,0.02,21.36,411.33,32
22-Jun-20,Z78NJ853C,100,71.51,1,0.13,9.75,936.11,440.8
22-Jun-20,Z78RI674B,100,101.04,1,0.15,11.82,161.1,77
22-Jun-20,Z78JD823A,100,91.93,6,0.01,134.92,4648.96,48.7
22-Jun-20,Z78RI674C,100,68.69,0,0.21,645.87,9.2,7.7
22-Jun-20,Z78NJ720C,100,73.73,15,0.02,620.1,17848.32,109.2
22-Jun-20,Z78NJ720B,100,52.49,0,0.05,9.04,211.26,50.4
22-Jun-20,Z78RY069A,100,42.75,1,0.89,10.92,6.61,7.4
22-Jun-20,Z78RI794A,100,114.4,1,0.63,21.33,3.12,1.49
22-Jun-20,Z78NJ350C,100,135.65,2,7.87,54.43,27.35,35.5
22-Jun-20,Z78NJ853A,100,26.5,0,0.35,20.93,0.8707,1.4
22-Jun-20,Z78RI661A,100,66.6,0,0.02,2.3,2.67,3.6
22-Jun-20,Z78RY069B,100,96.52,0,0.02,171.93,6.1,26.6
22-Jun-20,Z78NJ720A,100,74.05,3,0.1,51.22,2375.68,37.3
22-Jun-20,Z78RI794B,100,100.21,0,0.59,189.94,3.49,12.1
22-Jun-20,Z78MD977C,70.38,197877.76,4,1.3,404.55,6266.88,1.63
22-Jun-20,Z78NJ746B,100,23.42,1,0,12.05,11857.92,2.68
22-Jun-20,Z78NJ626C,100,196.54,0,0.04,3.35,49.17,4.7
23-Jun-20,Z78NJ853B,100,92.47,0,1.16,8.09,0.0922,12.8
23-Jun-20,Z78JD823B,100,134.39,0,0.03,5.47,202.97,32.5
23-Jun-20,Z78RI674A,100,122.99,1,0,27.16,304.59,5.6
23-Jun-20,Z78NJ853C,100,107.23,1,0.02,9.92,784.67,194.2
23-Jun-20,Z78RI674B,100,112.98,1,0.07,9.58,87.01,7.3
23-Jun-20,Z78JD823A,100,86.16,6,0.04,139.02,6451.2,125.7
23-Jun-20,Z78RI674C,100,84.99,0,0.1,506.51,22.89,64.8
23-Jun-20,Z78NJ720C,100,75.5,15,0.05,619.76,18063.36,128.9
23-Jun-20,Z78NJ720B,100,67.69,0,0,4.28,160.79,43.1
23-Jun-20,Z78RY069A,100,87.56,1,1.69,9.78,6.65,9.1
23-Jun-20,Z78RI794A,100,120.48,1,4.22,21.64,4.9,17.2
23-Jun-20,Z78NJ350C,100,136.74,2,3.14,42.9,16.41,17.8
23-Jun-20,Z78NJ853A,100,200.07,0,0.01,1.29,41.55,40.9
23-Jun-20,Z78RI661A,100,30.64,0,9.93,10.15,0.2655,6.8
23-Jun-20,Z78RY069B,100,194.83,0,0.22,209.32,4.52,45.4
23-Jun-20,Z78NJ720A,100,63.89,3,0.03,62.64,3102.72,34
23-Jun-20,Z78RI794B,100,81.79,0,1.49,238.28,3.69,8.9
23-Jun-20,Z78MD977C,81.89,146841.6,3,1.37,177.46,4229.12,832.8
23-Jun-20,Z78NJ746B,100,69.34,2,0.2,25.13,937.56,6.5
23-Jun-20,Z78NJ626C,100,91.79,0,0.01,816.3,23.21,8.2
24-Jun-20,Z78NJ853B,100,46.57,0,0.12,10.46,0.2827,1.1
24-Jun-20,Z78JD823B,100,104.07,1,0.27,27.01,2324.48,438.8
24-Jun-20,Z78RI674A,100,122.28,1,0.01,14.81,193.28,13.8
24-Jun-20,Z78NJ853C,100,86.94,1,0.11,3.33,272,152.2
24-Jun-20,Z78RI674B,100,115.41,1,0.02,33.17,384.19,134.3
24-Jun-20,Z78JD823A,100,83.85,4,0.1,75.74,6604.8,287.5
24-Jun-20,Z78RI674C,100,102.36,0,0.15,628.85,9.79,7.9
24-Jun-20,Z78NJ720C,100,54.35,17,0.05,482.34,15984.64,90.5
24-Jun-20,Z78NJ720B,100,78.97,1,0.02,6.6,242.91,16.1
24-Jun-20,Z78RY069A,99.96,90.59,1,1.8,8.33,8.12,23.3
24-Jun-20,Z78RI794A,100,111.37,1,0.42,16.07,5.68,6.9
24-Jun-20,Z78NJ350C,100,119.26,2,7.76,39.9,29.25,8.4
24-Jun-20,Z78NJ853A,100,79.67,0,0.05,1.19,75.02,66.8
24-Jun-20,Z78RI661A,100,125.52,0,0.6,1.48,0.6398,15.6
24-Jun-20,Z78RY069B,99.96,72.09,0,0.02,85.99,2.37,2.9
24-Jun-20,Z78NJ720A,100,96.98,3,0.02,66.41,1812.48,33.2
24-Jun-20,Z78RI794B,100,46.65,0,0.11,117.77,2.65,8.5
24-Jun-20,Z78MD977C,97.65,162990.08,2,2.49,201.05,1105.92,392
24-Jun-20,Z78NJ746B,100,35.78,2,0.02,25.75,6615.04,555.7
24-Jun-20,Z78NJ626C,100,175.66,0,0.15,793.95,13.15,6.6
25-Jun-20,Z78NJ853B,100,12.4,0,1,3,0.0257,288
25-Jun-20,Z78JD823B,100,104.76,1,0.11,54.75,2181.12,104.5
25-Jun-20,Z78RI674A,100,192.3,1,0,56.18,5683.2,5.26
25-Jun-20,Z78NJ853C,100,113.83,1,0.03,5.96,1392.64,637.5
25-Jun-20,Z78RI674B,100,113.86,1,0.33,11.91,147.52,272.1
25-Jun-20,Z78JD823A,100,74.14,4,0.02,105.49,4403.2,144.2
25-Jun-20,Z78RI674C,100,123.86,0,0.16,694.65,16.25,115.3
25-Jun-20,Z78NJ720C,100,81.08,16,0.03,629.98,20981.76,126.5
25-Jun-20,Z78NJ720B,100,94.96,0,0.53,8.16,125.63,7.9
25-Jun-20,Z78RY069A,100,92.31,0,5.38,2.9,11.81,16
25-Jun-20,Z78RI794A,100,146.74,1,0.11,22.81,15.29,1.9
25-Jun-20,Z78NJ350C,100,122.82,2,4.67,66.85,189.41,2.53
25-Jun-20,Z78NJ853A,100,200.34,0,0.01,969.54,18.41,1.5
25-Jun-20,Z78RI661A,100,114.82,0,0.17,5.99,4.19,106.5
25-Jun-20,Z78RY069B,100,96.21,0,1.5,177.8,13.14,35.6
25-Jun-20,Z78NJ720A,100,105.96,3,0,68.89,4321.28,189.7
25-Jun-20,Z78RI794B,100,95.54,0,0.1,239.08,5.45,11.3
25-Jun-20,Z78MD977C,100,45598.72,4,1.07,68.8,9338.88,1.21
25-Jun-20,Z78NJ746B,100,59.35,2,0,69.25,1300.48,10.1
25-Jun-20,Z78NJ626C,100,60.05,0,0.11,6.42,74.7,42.2
26-Jun-20,Z78NJ853B,100,22.57,0,0.42,3.47,0.0908,1.9
26-Jun-20,Z78JD823B,100,86.2,2,0.09,34.66,3522.56,352.6
26-Jun-20,Z78RI674A,100,144.16,0,0.1,4.03,46.52,2
26-Jun-20,Z78NJ853C,100,162.38,1,0.01,18.29,1781.76,565.4
26-Jun-20,Z78RI674B,100,66.09,1,0.3,5.14,24.83,28.6
26-Jun-20,Z78JD823A,100,106.25,4,0.11,125.82,5621.76,212.1
26-Jun-20,Z78RI674C,100,73.45,0,0.25,109.46,2.52,9.3
26-Jun-20,Z78NJ720C,100,65.68,14,0.05,421.9,16773.12,127.6
26-Jun-20,Z78NJ720B,100,70.68,1,4.58,11.91,30.39,26
26-Jun-20,Z78RY069A,100,124.24,0,0.73,3.36,3.86,13.7
26-Jun-20,Z78RI794A,100,128.82,1,0.1,18.84,313.66,7.3
26-Jun-20,Z78NJ350C,100,107.45,2,0.18,199.16,629.27,189.8
26-Jun-20,Z78NJ853A,100,550.89,0,0.44,19.27,1781.76,11.32
26-Jun-20,Z78RI661A,100,161.59,0,0.41,82.06,4.52,337
26-Jun-20,Z78RY069B,100,55.85,0,0.07,864.86,26.63,12.9
26-Jun-20,Z78NJ720A,100,61.84,2,0.03,64.61,3461.12,84.4
26-Jun-20,Z78RI794B,100,126.09,0,3.5,241.79,7.62,25.2
26-Jun-20,Z78MD977C,100,46899.2,4,2.33,59.79,148.11,189.8
26-Jun-20,Z78NJ746B,100,35.08,1,0,9.8,562.87,17.3
26-Jun-20,Z78NJ626C,100,46.89,0,0.06,404.36,25.11,100.4
27-Jun-20,Z78NJ853B,100,109.56,0,0.02,1.81,51.87,83.8
27-Jun-20,Z78JD823B,100,99.57,1,0.12,45.18,1976.32,170.3
27-Jun-20,Z78RI674A,100,117.94,1,0.03,6.9,305.73,95.6
27-Jun-20,Z78NJ853C,100,81.78,1,0.91,7.12,331.7,89.3
27-Jun-20,Z78RI674B,100,153.28,1,0.2,11.94,135.87,431.5
27-Jun-20,Z78JD823A,100,86.74,5,0.03,149.11,6430.72,105.8
27-Jun-20,Z78RI674C,100,79.68,0,0.78,1.07,7.32,28.6
27-Jun-20,Z78NJ720C,100,67.6,15,0.03,458.06,13445.12,72.8
27-Jun-20,Z78NJ720B,100,45.17,1,0.44,6.32,117.89,15.5
27-Jun-20,Z78RY069A,100,97.1,0,1.11,1.15,2.41,25.8
27-Jun-20,Z78RI794A,100,141.35,1,3.9,17.54,2.98,11
27-Jun-20,Z78NJ350C,100,151.29,2,3.11,39.48,16.75,11.7
27-Jun-20,Z78NJ853A,100,124.18,0,0,2.22,25.67,6
27-Jun-20,Z78RI661A,100,50.49,0,0.1,83.68,1.84,4.3
27-Jun-20,Z78RY069B,100,128.45,0,0.99,146.33,1.83,15.4
27-Jun-20,Z78NJ720A,100,77.44,3,0,85.67,4188.16,74.5
27-Jun-20,Z78RI794B,100,59.8,0,40.51,296.58,3.42,15.1
27-Jun-20,Z78MD977C,100,50810.88,4,6.49,50.77,54.08,141.5
27-Jun-20,Z78NJ746B,100,109.91,2,0.06,97.21,2263.04,49.5
27-Jun-20,Z78NJ626C,100,123.65,0,0.51,266.99,1.19,4.9
28-Jun-20,Z78NJ853B,100,0.96,0,4.17,1.92,0.0028,0
28-Jun-20,Z78JD823B,100,79.51,1,0.11,29.28,2017.28,218.7
28-Jun-20,Z78RI674A,100,114.04,1,0.01,18.25,405.03,4.3
28-Jun-20,Z78NJ853C,100,98.7,1,0.24,10.25,491.19,80.8
28-Jun-20,Z78RI674B,100,89.58,1,0.21,5.37,30.1,6.4
28-Jun-20,Z78JD823A,100,101.58,5,0.04,165.28,6103.04,101.6
28-Jun-20,Z78RI674C,100,70.07,0,0.69,182.09,2.46,4.5
28-Jun-20,Z78NJ720C,100,64.51,16,0.05,397.42,18677.76,120.2
28-Jun-20,Z78NJ720B,100,88.16,1,0.26,11.97,244.5,15.3
28-Jun-20,Z78RY069A,100,76.38,0,1.86,888.8,3.05,21.6
28-Jun-20,Z78RI794A,100,144,1,0.78,16.86,13.24,2.6
28-Jun-20,Z78NJ350C,100,127.73,2,14.13,44.18,8.45,35.8
28-Jun-20,Z78NJ853A,100,59.01,0,0.04,3.18,53.27,16.7
28-Jun-20,Z78RI661A,100,75.99,0,0.08,50.6,0.9284,8.7
28-Jun-20,Z78RY069B,100,58.37,0,0.53,2.53,16.9,73.9
28-Jun-20,Z78NJ720A,100,129.59,3,0,246.92,7905.28,217.8
28-Jun-20,Z78RI794B,100,69.23,0,0.07,991.48,4.3,28.3
28-Jun-20,Z78MD977C,100,49182.72,4,2.55,55.27,149.55,193.4
28-Jun-20,Z78NJ746B,100,51.38,2,0.01,24.29,2160.64,37.3
28-Jun-20,Z78NJ626C,100,477.16,0,0.01,6.74,466.69,1.53
29-Jun-20,Z78NJ853B,100,24.33,0,1.4,1.34,0.0142,0
29-Jun-20,Z78JD823B,100,89.94,2,0.03,41.09,2867.2,269
29-Jun-20,Z78RI674A,100,229.95,2,0.01,28.03,1013.89,185.5
29-Jun-20,Z78NJ853C,100,185.92,1,0.03,11.43,514.96,217.4
29-Jun-20,Z78RI674B,100,216.47,0,1.29,3.29,151.44,237.6
29-Jun-20,Z78JD823A,100,93.26,5,0.25,146.43,4239.36,46.8
29-Jun-20,Z78RI674C,100,251.17,0,0.13,2.32,5.56,6.8
29-Jun-20,Z78NJ720C,100,51.64,16,0.04,440.15,18984.96,150.9
29-Jun-20,Z78NJ720B,100,80,2,0.09,15.48,454.5,34.7
29-Jun-20,Z78RY069A,100,114.27,1,4.38,8.03,5.66,5.3
29-Jun-20,Z78RI794A,100,159.99,1,0.26,22.21,70.58,125.9
29-Jun-20,Z78NJ350C,100,108.71,2,6.61,56.77,16.94,68
29-Jun-20,Z78NJ853A,100,46.37,0,0.57,118.19,3.71,13.8
29-Jun-20,Z78RI661A,100,75.21,0,0.08,78.16,1.28,2.9
29-Jun-20,Z78RY069B,100,52.6,0,0.09,280.92,2.82,3.5
29-Jun-20,Z78NJ720A,100,131.44,3,0,268.43,6021.12,93.2
29-Jun-20,Z78RI794B,100,256.98,0,0.03,6.72,56.21,3.8
29-Jun-20,Z78MD977C,100,57272.32,5,3.61,52.04,97.23,168
29-Jun-20,Z78NJ746B,100,71.17,1,0.02,11.17,220.02,3.5
29-Jun-20,Z78NJ626C,100,58.48,0,1.01,55.05,4.84,130.1
30-Jun-20,Z78NJ853B,100,10.42,0,3.75,5.44,0.2014,524
30-Jun-20,Z78JD823B,100,126.64,1,0.7,16.48,1208.32,248.8
30-Jun-20,Z78RI674A,80.35,130.79,2,0,193.8,3491.84,81.5
30-Jun-20,Z78NJ853C,100,137.35,1,0.21,2.91,244.18,196.7
30-Jun-20,Z78RI674B,80.35,61.44,1,0.04,2.21,117.39,130.2
30-Jun-20,Z78JD823A,100,76.55,5,0.01,231.57,7751.68,90.1
30-Jun-20,Z78RI674C,80.35,83.01,0,2.66,149.14,1.61,1.3
30-Jun-20,Z78NJ720C,100,69.9,14,0.04,493.73,15482.88,117.8
30-Jun-20,Z78NJ720B,100,66.74,1,0.01,15.02,347.52,25.5
30-Jun-20,Z78RY069A,100,112.71,1,0.28,8.1,9.84,4.6
30-Jun-20,Z78RI794A,100,114.46,1,0.16,16.98,236.9,28.2
30-Jun-20,Z78NJ350C,100,107.72,3,4.75,69.45,20.52,8.1
30-Jun-20,Z78NJ853A,100,54.91,0,0.03,62.53,1.77,12.5
30-Jun-20,Z78RI661A,100,46.79,0,0.13,32.73,0.5068,2.5
30-Jun-20,Z78RY069B,100,48.62,0,0.3,40.42,0.7647,5.8
30-Jun-20,Z78NJ720A,100,84.78,4,0,194.25,3778.56,60.7
30-Jun-20,Z78RI794B,100,413.64,1,0.54,27.02,1126.4,340.3
30-Jun-20,Z78MD977C,100,59443.2,4,8.41,40.99,22.98,119.7
30-Jun-20,Z78NJ746B,100,108.6,1,0.03,39.8,1136.64,25.4
30-Jun-20,Z78NJ626C,100,26.59,0,0.29,33.49,31.36,2.16
01-Jul-20,Z78NJ853B,100,0,0,0,189.1,0.0007,0
01-Jul-20,Z78JD823B,100,60.43,1,1.64,16.13,1239.04,290.5
01-Jul-20,Z78RI674A,100,92.81,2,0.01,44.54,2068.48,123
01-Jul-20,Z78NJ853C,100,148.34,1,0.03,13.65,471.08,126.3
01-Jul-20,Z78RI674B,100,166.9,0,0.07,2.75,46.98,3.2
01-Jul-20,Z78JD823A,100,86.97,5,0.06,193.15,7424,68.5
01-Jul-20,Z78RI674C,100,107.29,0,0.4,208.91,3.66,17.3
01-Jul-20,Z78NJ720C,100,65.35,17,0.04,450.64,17305.6,123.8
01-Jul-20,Z78NJ720B,100,76.7,2,0.17,18.98,600.75,11
01-Jul-20,Z78RY069A,100,91.67,1,1.96,3.77,4.41,28.3
01-Jul-20,Z78RI794A,100,113.79,1,2.18,18.45,6.37,33.6
01-Jul-20,Z78NJ350C,100,114.63,2,0.99,41.1,222.93,7.01
01-Jul-20,Z78NJ853A,100,70.99,0,0.02,21.86,1.01,1.1
01-Jul-20,Z78RI661A,100,67.88,0,0.14,65.48,1.25,3.1
01-Jul-20,Z78RY069B,100,125.48,0,0.09,356.08,4.53,752
01-Jul-20,Z78NJ720A,100,191.31,2,0,300.18,8386.56,305.6
01-Jul-20,Z78RI794B,100,297.35,0,0.09,8.75,164.37,148.4
01-Jul-20,Z78MD977C,100,30986.24,3,4.08,51.95,10.9,167.7
01-Jul-20,Z78NJ746B,100,131.64,2,0.5,47.86,1423.36,63.8
01-Jul-20,Z78NJ626C,100,87.36,0,0.55,353.77,8.32,3.2
02-Jul-20,Z78NJ853B,100,19,0,0.13,4.49,0.1858,963
02-Jul-20,Z78JD823B,100,209.53,1,0.33,34.17,11550.72,3.11
02-Jul-20,Z78RI674A,100,135.86,1,0.02,41.51,1423.36,127.8
02-Jul-20,Z78NJ853C,100,161.04,1,0.05,7.46,400.23,91.3
02-Jul-20,Z78RI674B,100,178.78,1,0.02,4.16,134.41,11.3
02-Jul-20,Z78JD823A,100,107.18,5,0.05,139.26,8714.24,137.5
02-Jul-20,Z78RI674C,100,134.25,0,0.11,1.32,28.96,7.2
02-Jul-20,Z78NJ720C,100,65.79,15,0.13,437.84,14489.6,73.4
02-Jul-20,Z78NJ720B,100,97.5,1,0.1,22.39,552.66,6.9
02-Jul-20,Z78RY069A,100,122.7,1,0.55,7.02,11.26,3.6
02-Jul-20,Z78RI794A,100,99.55,1,0.56,14.26,3.43,7.2
02-Jul-20,Z78NJ350C,100,111.11,3,9.53,81.92,53.59,2.06
02-Jul-20,Z78NJ853A,100,199.57,0,0.05,182.72,3.65,7.8
02-Jul-20,Z78RI661A,100,95.08,0,0.08,74.49,4.19,8.6
02-Jul-20,Z78RY069B,100,95.29,0,0.04,3.06,119.13,31.4
02-Jul-20,Z78NJ720A,100,114.4,3,0.01,138.35,2467.84,29.2
02-Jul-20,Z78RI794B,100,296.02,1,0.02,58.89,1597.44,635.7
02-Jul-20,Z78MD977C,100,29440,4,5.86,38.88,26.33,145.2
02-Jul-20,Z78NJ746B,100,55.56,2,0,42.62,1341.44,2
02-Jul-20,Z78NJ626C,100,48.14,0,0.09,403.55,10.87,2.1
03-Jul-20,Z78NJ853B,100,8.95,0,4.42,855,0.3278,950.6
03-Jul-20,Z78JD823B,100,74.46,2,0.11,38.07,3450.88,221.6
03-Jul-20,Z78RI674A,100,139.38,2,0.02,39.52,1187.84,46.4
03-Jul-20,Z78NJ853C,100,164.28,1,0.02,15.55,516.39,119.9
03-Jul-20,Z78RI674B,100,122.69,0,0.08,2.35,72.62,5.4
03-Jul-20,Z78JD823A,100,124.66,6,0.03,470.17,11642.88,54.9
03-Jul-20,Z78RI674C,100,114.71,0,0.11,1.08,32.55,25.5
03-Jul-20,Z78NJ720C,100,67.05,16,0.05,450.2,16998.4,110.8
03-Jul-20,Z78NJ720B,100,60.23,2,0.65,24.38,909.78,26
03-Jul-20,Z78RY069A,100,94.48,1,0.08,7.66,341.3,2.21
03-Jul-20,Z78RI794A,100,89.83,1,0.88,16.46,11.63,222.5
03-Jul-20,Z78NJ350C,100,249.98,2,0.07,60.06,1382.4,5.02
03-Jul-20,Z78NJ853A,100,50.13,0,0.04,29.54,1.12,1.4
03-Jul-20,Z78RI661A,100,93.68,0,0.17,26.82,0.5214,8.1
03-Jul-20,Z78RY069B,100,81.02,0,0.03,2.04,33.03,10.1
03-Jul-20,Z78NJ720A,100,77.57,4,0.05,70.42,2119.68,23.8
03-Jul-20,Z78RI794B,100,197.9,1,0.02,72.32,1628.16,163.5
03-Jul-20,Z78MD977C,100,33740.8,3,2.65,53.95,11.16,183.9
03-Jul-20,Z78NJ746B,100,72.98,2,0.01,44.94,1382.4,16.5
03-Jul-20,Z78NJ626C,100,31.75,0,0.01,67.03,82.11,6.12
04-Jul-20,Z78NJ853B,100,115.7,0,0.02,654.47,19.87,90.1
04-Jul-20,Z78JD823B,100,121.83,2,0.02,32.76,2846.72,154.6
04-Jul-20,Z78RI674A,100,141.4,1,0,34.15,1474.56,77
04-Jul-20,Z78NJ853C,100,116.53,1,0.04,13.09,659.03,146.3
04-Jul-20,Z78RI674B,100,176.44,0,0.15,2.36,28.4,7.6
04-Jul-20,Z78JD823A,100,104.18,6,0.72,199.15,7710.72,81.5
04-Jul-20,Z78RI674C,100,102.16,0,0.46,650.59,21,67.6
04-Jul-20,Z78NJ720C,100,67.62,17,0.06,396.49,14264.32,86.2
04-Jul-20,Z78NJ720B,100,81.19,2,0.13,55.63,1607.68,9.8
04-Jul-20,Z78RY069A,100,97.64,1,1.48,9.42,4.87,32.3
04-Jul-20,Z78RI794A,100,192.48,1,3.94,19.14,2.93,7.2
04-Jul-20,Z78NJ350C,100,145.81,2,8.82,35.43,9.29,69.2
04-Jul-20,Z78NJ853A,100,144.78,0,0.01,63.56,1.31,1.8
04-Jul-20,Z78RI661A,100,78.25,0,2.71,90.31,0.9813,5
04-Jul-20,Z78RY069B,100,194.44,0,0.19,1.49,18.64,3.8
04-Jul-20,Z78NJ720A,100,82.57,3,0.04,31.93,949.62,24.9
04-Jul-20,Z78RI794B,100,176.14,1,0.02,58.69,2119.68,193.1
04-Jul-20,Z78MD977C,100,40437.76,4,2.46,46.87,193.95,196.8
04-Jul-20,Z78NJ746B,100,181.55,2,0.01,154.57,9861.12,520.4
04-Jul-20,Z78NJ626C,100,96.46,0,0.27,161.54,5.62,4.4
05-Jul-20,Z78NJ853B,100,18.99,0,8.18,7.19,0.4008,2.7
05-Jul-20,Z78JD823B,100,64.12,1,1.79,15.19,1495.04,546.9
05-Jul-20,Z78RI674A,99.98,487.87,1,0.01,100.19,7157.76,1.77
05-Jul-20,Z78NJ853C,100,120.86,1,0.04,10.07,336.34,56.4
05-Jul-20,Z78RI674B,100,549.76,0,0.01,108.51,8929.28,7.86
05-Jul-20,Z78JD823A,100,87.98,6,0.03,175.38,7710.72,55.4
05-Jul-20,Z78RI674C,100,621.72,0,0,65.07,5212.16,13.13
05-Jul-20,Z78NJ720C,99.96,63.65,14,0.06,359.28,15278.08,157.7
05-Jul-20,Z78NJ720B,100,87.64,1,2.26,44.14,1894.4,87.9
05-Jul-20,Z78RY069A,100,105.45,1,2.22,10.31,4.75,14.3
05-Jul-20,Z78RI794A,100,147.46,1,3.07,19.14,3.17,11
05-Jul-20,Z78NJ350C,100,135.96,2,2.03,66.39,31.6,65.8
05-Jul-20,Z78NJ853A,100,105.03,0,1.1,18.09,0.5851,2.1
05-Jul-20,Z78RI661A,100,92.68,0,0.12,117.05,0.8662,3.7
05-Jul-20,Z78RY069B,100,109.33,0,0.11,11.12,109.76,175.3
05-Jul-20,Z78NJ720A,100,94.28,3,0.03,49.1,1351.68,45.7
05-Jul-20,Z78RI794B,100,128.32,1,0.02,152.32,7454.72,686.8
05-Jul-20,Z78MD977C,100,39536.64,4,7.27,56.75,30.51,137.6
05-Jul-20,Z78NJ746B,100,94.45,2,0.01,46.77,1228.8,12.2
05-Jul-20,Z78NJ626C,100,68.97,0,0.06,724.75,31.93,7.5
06-Jul-20,Z78NJ853B,100,9.13,0,3.28,1.09,0.0328,0
06-Jul-20,Z78JD823B,100,79.48,1,0.1,28.45,1024,288
06-Jul-20,Z78RI674A,100,138.63,2,0.02,33.36,1085.44,79.1
06-Jul-20,Z78NJ853C,100,128.73,0,0.06,5.11,176.96,71.5
06-Jul-20,Z78RI674B,100,120.24,0,0.03,6.7,117.24,14.9
06-Jul-20,Z78JD823A,100,60.74,6,0.1,190.13,11376.64,130.5
06-Jul-20,Z78RI674C,100,98.2,0,23.55,1.34,28.44,339.3
06-Jul-20,Z78NJ720C,100,52.08,17,0.14,394.35,18984.96,171
06-Jul-20,Z78NJ720B,100,58.23,1,0.25,12.63,261.19,8.8
06-Jul-20,Z78RY069A,100,101.68,1,1.76,11.95,6.69,11.5
06-Jul-20,Z78RI794A,100,151.3,1,2.69,16.44,2.87,32.9
06-Jul-20,Z78NJ350C,100,120.11,2,4.45,69.23,18.44,415
06-Jul-20,Z78NJ853A,100,84.8,0,0.07,21.99,0.8482,2.9
06-Jul-20,Z78RI661A,100,177.88,0,0.12,3.49,6.4,330.8
06-Jul-20,Z78RY069B,100,143.55,0,0.03,2.94,30.65,1.2
06-Jul-20,Z78NJ720A,100,82.73,4,0.01,91.09,2334.72,49.3
06-Jul-20,Z78RI794B,100,112.42,2,0,373.62,15165.44,482.4
06-Jul-20,Z78MD977C,100,61777.92,5,4.69,58.61,25.14,160.2
06-Jul-20,Z78NJ746B,100,77.24,2,0.03,30.32,1617.92,158.9
06-Jul-20,Z78NJ626C,100,60.07,0,0.15,283.3,6.15,5.4
07-Jul-20,Z78NJ853B,100,132.75,0,0.01,372.24,8.82,7.6
07-Jul-20,Z78JD823B,100,85.65,0,0.11,3.33,885.37,2.63
07-Jul-20,Z78RI674A,100,576.22,1,0,150.67,6389.76,945.8
07-Jul-20,Z78NJ853C,100,105.26,1,0.02,11.29,1607.68,717.3
07-Jul-20,Z78RI674B,100,387.32,1,0.02,35.29,1218.56,725
07-Jul-20,Z78JD823A,100,79.57,6,0.14,250.79,9943.04,86.3
07-Jul-20,Z78RI674C,100,166.76,0,0.01,67.94,2048,8.15
07-Jul-20,Z78NJ720C,100,73.84,13,0.21,352.71,13322.24,173.2
07-Jul-20,Z78NJ720B,100,42.35,1,0.02,22.55,355.84,16.8
07-Jul-20,Z78RY069A,100,85.69,1,5.12,13.86,6.47,64.2
07-Jul-20,Z78RI794A,100,92.23,2,0.43,39.64,5.53,2.4
07-Jul-20,Z78NJ350C,100,141.4,2,0.59,65.2,43.84,2.9
07-Jul-20,Z78NJ853A,100,123.74,0,0.63,317,40.24,154.3
07-Jul-20,Z78RI661A,100,62.1,0,0.14,162.97,1.44,3.2
07-Jul-20,Z78RY069B,100,128.02,0,0.04,3.62,42.67,7.2
07-Jul-20,Z78NJ720A,100,85.64,3,0.37,50.96,1034.24,32.4
07-Jul-20,Z78RI794B,100,65.61,2,0.01,56.04,3901.44,260.2
07-Jul-20,Z78MD977C,100,55398.4,4,6.03,51.15,14.95,142.4
07-Jul-20,Z78NJ746B,100,82.23,2,0.12,47.92,1208.32,4.6
07-Jul-20,Z78NJ626C,100,72.93,0,0.69,608.05,9.39,176.4
08-Jul-20,Z78NJ853B,100,32.13,0,0.61,7.08,0.4214,2.2
08-Jul-20,Z78JD823B,100,520.2,0,0.19,18.63,610.86,420.5
08-Jul-20,Z78RI674A,100,126.84,1,0.05,69.87,9707.52,1.89
08-Jul-20,Z78NJ853C,100,81.2,1,0.02,31.09,2385.92,1.15
08-Jul-20,Z78RI674B,100,152.82,1,0.01,6.41,178.17,79.3
08-Jul-20,Z78JD823A,100,95.06,7,0.26,222.51,12871.68,72.8
08-Jul-20,Z78RI674C,100,70.63,0,0.04,20.01,8.48,19.7
08-Jul-20,Z78NJ720C,100,61.61,16,0.06,442.69,14643.2,74.9
08-Jul-20,Z78NJ720B,100,65.16,2,0.01,71.67,1361.92,26.5
08-Jul-20,Z78RY069A,100,59.14,1,0.43,8.73,55.45,887
08-Jul-20,Z78RI794A,100,119.5,1,0.21,15.98,10.06,910.1
08-Jul-20,Z78NJ350C,100,128.35,2,0.12,75.22,178.99,6.7
08-Jul-20,Z78NJ853A,100,78.85,0,0.03,43.43,8.61,379.8
08-Jul-20,Z78RI661A,100,91.84,0,0.41,406.21,1.06,4.6
08-Jul-20,Z78RY069B,100,93.12,1,0.02,24.53,1064.96,132.1
08-Jul-20,Z78NJ720A,100,76.43,4,0.01,96.51,2344.96,48
08-Jul-20,Z78RI794B,100,131.93,1,0.01,366.96,7065.6,177.3
08-Jul-20,Z78MD977C,100,80844.8,5,3.77,57.98,30.32,153.4
08-Jul-20,Z78NJ746B,100,67.9,2,0,50.51,1095.68,3
08-Jul-20,Z78NJ626C,100,75.27,0,0.91,31.03,0.8208,9
09-Jul-20,Z78NJ853B,100,44.18,0,0.79,5.94,0.1306,318.1
09-Jul-20,Z78JD823B,100,130.57,0,1.29,17.44,549.52,207.7
09-Jul-20,Z78RI674A,100,165.26,1,0.02,14.22,612.77,142.4
09-Jul-20,Z78NJ853C,100,138.5,1,3.25,10.59,532.78,164.8
09-Jul-20,Z78RI674B,100,82.52,1,0.01,12.32,225.65,2
09-Jul-20,Z78JD823A,100,85.78,7,0.07,197.94,14909.44,225.1
09-Jul-20,Z78RI674C,100,61.49,1,0.86,67.94,31.55,29.6
09-Jul-20,Z78NJ720C,100,76.36,15,0.03,470.18,16240.64,102
09-Jul-20,Z78NJ720B,100,91.55,2,0.01,31.72,759.41,5.5
09-Jul-20,Z78RY069A,100,91.86,1,1.7,9.78,10.24,8.3
09-Jul-20,Z78RI794A,100,101.59,1,1.17,24.16,5.07,27.9
09-Jul-20,Z78NJ350C,100,129.48,3,0.07,102.54,650.67,112
09-Jul-20,Z78NJ853A,100,61.95,0,1.8,37.31,2.11,11.6
09-Jul-20,Z78RI661A,100,61.68,0,0.24,102.01,1.25,28.3
09-Jul-20,Z78RY069B,100,166.09,1,0.02,12.36,382.48,109.3
09-Jul-20,Z78NJ720A,100,84.06,3,0.01,67.91,1699.84,57.2
09-Jul-20,Z78RI794B,100,104.6,1,0,225.59,7731.2,494.9
09-Jul-20,Z78MD977C,100,109568,5,5.86,56.1,23.2,135.8
09-Jul-20,Z78NJ746B,100,91.04,2,0,34.13,909.63,14.6
09-Jul-20,Z78NJ626C,100,81.72,0,0.05,945.23,24.07,3.6
10-Jul-20,Z78NJ853B,100,134.07,0,0.08,223.11,7.47,19.2
10-Jul-20,Z78JD823B,100,86.8,0,0.33,11.6,762.52,240.1
10-Jul-20,Z78RI674A,100,139.42,2,0.01,48.42,2928.64,474
10-Jul-20,Z78NJ853C,100,147.34,1,0.77,11.37,750.44,290.7
10-Jul-20,Z78RI674B,100,110.69,1,0.09,5.72,128.44,41.8
10-Jul-20,Z78JD823A,100,80.39,7,0.01,223.39,42434.56,910.7
10-Jul-20,Z78RI674C,100,107.73,1,0.04,86.98,20.05,3.1
10-Jul-20,Z78NJ720C,100,80.44,14,0.01,478.74,23951.36,275.9
10-Jul-20,Z78NJ720B,100,76.9,2,0.12,37.92,1034.24,12.7
10-Jul-20,Z78RY069A,100,61.62,2,0.15,13.09,48.35,10.8
10-Jul-20,Z78RI794A,100,72.66,1,6.62,18.42,4.81,12.1
10-Jul-20,Z78NJ350C,100,125.74,2,0.23,55.53,99.67,6.7
10-Jul-20,Z78NJ853A,100,84.51,0,0.01,151.76,13.81,67.1
10-Jul-20,Z78RI661A,100,78.5,0,0.1,40.8,0.3648,15.5
10-Jul-20,Z78RY069B,100,189.76,1,0.18,15.66,406.66,41
10-Jul-20,Z78NJ720A,100,91.23,3,0,78.83,1945.6,128.5
10-Jul-20,Z78RI794B,100,69.3,1,4.2,103.99,16855.04,1.45
10-Jul-20,Z78MD977C,100,113848.32,4,4.39,52.76,23.21,156.6
10-Jul-20,Z78NJ746B,100,41.74,2,0.03,52.14,1945.6,36.2
10-Jul-20,Z78NJ626C,100,56.18,0,0,1.68,43.77,2.2
11-Jul-20,Z78NJ853B,100,35.44,0,0.56,41.72,2.66,3.6
11-Jul-20,Z78JD823B,100,103.83,1,0.08,13.6,1679.36,241.6
11-Jul-20,Z78RI674A,100,128.92,2,0.09,40.89,1536,203.2
11-Jul-20,Z78NJ853C,100,127.25,1,0.13,6.67,449.6,94.3
11-Jul-20,Z78RI674B,100,100.61,0,0.19,3.1,51.62,35.6
11-Jul-20,Z78JD823A,100,81.02,6,0.08,174.94,6594.56,41
11-Jul-20,Z78RI674C,100,63.36,1,0.15,85.7,18.53,11.3
11-Jul-20,Z78NJ720C,100,53.17,15,0.03,416.47,19056.64,146.6
11-Jul-20,Z78NJ720B,100,88.62,2,0.03,37.82,823.4,5.6
11-Jul-20,Z78RY069A,100,58.23,1,0.79,18.54,14.21,10.3
11-Jul-20,Z78RI794A,100,73.27,1,0.82,21.57,3.98,8.4
11-Jul-20,Z78NJ350C,100,131.68,2,0.41,51.24,87.01,3.2
11-Jul-20,Z78NJ853A,100,182.43,0,0.02,38.85,1.78,7.3
11-Jul-20,Z78RI661A,100,108.87,0,0.3,106.51,0.5152,1.5
11-Jul-20,Z78RY069B,100,154.56,0,0.05,8.31,205.79,156.8
11-Jul-20,Z78NJ720A,100,93.4,3,0.01,91.51,1904.64,79.6
11-Jul-20,Z78RI794B,100,102.22,1,2.13,73.68,10024.96,1.02
11-Jul-20,Z78MD977C,100,58368,4,3.17,66.11,56.8,162.5
11-Jul-20,Z78NJ746B,100,101.34,2,0,65.45,1648.64,29.4
11-Jul-20,Z78NJ626C,100,442.59,0,0.01,35.63,1925.12,4.01
12-Jul-20,Z78NJ853B,100,95.16,1,0.03,5.6,332.56,84.7
12-Jul-20,Z78JD823B,100,75.4,1,0.48,6.6,1012.54,226.5
12-Jul-20,Z78RI674A,100,66.64,1,0.01,23.02,6379.52,1.38
12-Jul-20,Z78NJ853C,100,150.41,0,0.05,3.9,75.84,4.1
12-Jul-20,Z78RI674B,100,99.26,0,0.12,3.95,85.67,37.4
12-Jul-20,Z78JD823A,100,103.05,6,0.12,204.55,8325.12,63.7
12-Jul-20,Z78RI674C,100,61,1,1.75,45.71,19.12,115.4
12-Jul-20,Z78NJ720C,100,63.2,13,0.02,377.86,22149.12,217.4
12-Jul-20,Z78NJ720B,100,68.54,2,0.07,28.65,544.27,10.3
12-Jul-20,Z78RY069A,100,75.69,1,0.34,6.25,41.13,1.35
12-Jul-20,Z78RI794A,100,63.87,1,0.33,19.08,35.63,87.9
12-Jul-20,Z78NJ350C,100,113.27,3,0.7,59.56,275.61,280
12-Jul-20,Z78NJ853A,100,161.08,0,0.24,5.35,0.1017,1.9
12-Jul-20,Z78RI661A,100,75.93,0,0.42,472.87,0.9022,15.6
12-Jul-20,Z78RY069B,100,159.06,1,0.14,10.53,232.7,47.6
12-Jul-20,Z78NJ720A,100,65,3,0.01,67.18,2304,51
12-Jul-20,Z78RI794B,100,72.61,2,0,100.83,5437.44,625
12-Jul-20,Z78MD977C,100,58368,5,6.87,51.67,24.99,127.7
12-Jul-20,Z78NJ746B,100,68.98,2,0,52.3,1341.44,13.4
12-Jul-20,Z78NJ626C,100,66.76,0,0.03,103.58,3.48,3.8
13-Jul-20,Z78NJ853B,100,5.96,0,3.33,415,0.0129,0
13-Jul-20,Z78JD823B,100,76.19,0,6.51,6.92,240.39,79.1
13-Jul-20,Z78RI674A,100,73.43,1,0,35.07,2375.68,24.1
13-Jul-20,Z78NJ853C,100,145.01,1,0.06,6.44,489.22,185
13-Jul-20,Z78RI674B,100,59.56,0,0.2,1.08,28.54,82.9
13-Jul-20,Z78JD823A,100,79.68,6,0.07,209.87,10506.24,73.7
13-Jul-20,Z78RI674C,100,69.53,1,0.14,79.05,17.75,48.1
13-Jul-20,Z78NJ720C,100,70.2,14,0.07,384.15,24872.96,248.4
13-Jul-20,Z78NJ720B,100,73.52,2,0.02,18,4782.08,752.9
13-Jul-20,Z78RY069A,100,90.96,1,1.72,1.89,5.56,15.6
13-Jul-20,Z78RI794A,100,165.57,1,0.24,26.48,658.6,12.94
13-Jul-20,Z78NJ350C,100,123.51,3,0.16,71.98,112.67,7.7
13-Jul-20,Z78NJ853A,100,129.93,0,0,26.65,0.3034,1.5
13-Jul-20,Z78RI661A,100,236.39,0,0.08,5.94,10.25,503.9
13-Jul-20,Z78RY069B,100,160,0,0.04,3.4,155.25,165.6
13-Jul-20,Z78NJ720A,100,91.3,3,0,180.26,4259.84,100.1
13-Jul-20,Z78RI794B,100,90.12,2,0.01,87.47,559.57,12.9
13-Jul-20,Z78MD977C,100,53207.04,3,3.56,80.81,24.73,170.2
13-Jul-20,Z78NJ746B,100,44.47,2,0,31.35,1566.72,37.5
13-Jul-20,Z78NJ626C,100,60.31,0,0.76,25.62,0.7305,3.3
14-Jul-20,Z78NJ853B,100,137.78,0,0.11,46.57,1.49,2.6
14-Jul-20,Z78JD823B,100,538.6,0,0.74,50.04,2488.32,2.41
14-Jul-20,Z78RI674A,100,127.92,2,0,39.14,942.66,38.9
14-Jul-20,Z78NJ853C,100,159.53,1,0.05,10.56,371,71
14-Jul-20,Z78RI674B,100,104.73,1,0.07,9.76,209.85,1.22
14-Jul-20,Z78JD823A,100,133.37,6,0.03,253.61,15267.84,265
14-Jul-20,Z78RI674C,100,60.82,1,0.2,79.18,70.75,543.4
14-Jul-20,Z78NJ720C,100,68.19,15,0.02,450.75,45660.16,557.8
14-Jul-20,Z78NJ720B,100,99.1,2,0.58,16.71,309.84,37.1
14-Jul-20,Z78RY069A,100,92.47,1,0.62,2.56,13.42,5.7
14-Jul-20,Z78RI794A,100,82.88,2,4.27,23.64,4.52,14.2
14-Jul-20,Z78NJ350C,100,111.74,3,0.29,55,96.31,8.2
14-Jul-20,Z78NJ853A,100,193,0,0.09,8.02,0.4269,27.1
14-Jul-20,Z78RI661A,100,61.87,0,0.3,281.45,10.27,943.8
14-Jul-20,Z78RY069B,100,110.82,0,0.08,3.34,305.11,230.8
14-Jul-20,Z78NJ720A,100,93.9,4,0,162.1,4147.2,46.3
14-Jul-20,Z78RI794B,100,62.21,2,0.01,50.5,423.51,16.6
14-Jul-20,Z78MD977C,100,26142.72,3,1.37,53.2,28.6,199.5
14-Jul-20,Z78NJ746B,100,132.35,2,0.02,34.07,1249.28,39.9
14-Jul-20,Z78NJ626C,100,62.37,0,0.94,15.08,0.6008,5.5
15-Jul-20,Z78NJ853B,100,1.34,0,0,216.3,0.0067,0
15-Jul-20,Z78JD823B,100,564.91,1,0.07,153.11,8048.64,3.12
15-Jul-20,Z78RI674A,100,110.5,1,0.01,29.63,714.9,33.6
15-Jul-20,Z78NJ853C,100,143.31,1,0.06,8.61,317.11,74.5
15-Jul-20,Z78RI674B,100,75.1,1,0.07,4.02,54.8,14.6
15-Jul-20,Z78JD823A,100,200.17,5,0.05,297.07,12144.64,300.8
15-Jul-20,Z78RI674C,100,61.29,1,0.03,93.26,27.07,58.3
15-Jul-20,Z78NJ720C,100,63.1,16,0.07,562.88,28876.8,272.3
15-Jul-20,Z78NJ720B,100,62.88,2,0.09,36.17,330.11,10.3
15-Jul-20,Z78RY069A,100,59.11,1,0.92,3.13,10.56,9.5
15-Jul-20,Z78RI794A,100,63.82,1,0.01,18.18,215.52,63
15-Jul-20,Z78NJ350C,100,102.65,3,0.47,40.31,61.72,2
15-Jul-20,Z78NJ853A,100,76.45,0,0.03,21.86,0.767,2.3
15-Jul-20,Z78RI661A,100,61.1,0,1.35,194.06,3.87,20.8
15-Jul-20,Z78RY069B,100,112.67,0,0.03,2.33,234.03,245.8
15-Jul-20,Z78NJ720A,100,94.31,3,0.02,105.17,3962.88,100.9
15-Jul-20,Z78RI794B,100,61.67,2,0.01,36.11,415.9,28
15-Jul-20,Z78MD977C,100,15298.56,4,2.17,49.03,12.54,176.6
15-Jul-20,Z78NJ746B,100,85.18,2,0.01,39.81,22302.72,3.06
15-Jul-20,Z78NJ626C,100,220.66,0,0.06,996.08,10.39,6.4
16-Jul-20,Z78NJ853B,100,80.29,0,0.19,758.6,21.53,100.2
16-Jul-20,Z78JD823B,100,160.95,1,0.27,31.2,484.61,55.8
16-Jul-20,Z78RI674A,100,109.59,2,0.03,44.27,948.49,20.2
16-Jul-20,Z78NJ853C,100,129.14,1,0.05,9.84,668.21,199.3
16-Jul-20,Z78RI674B,100,149.4,1,0.19,12.41,67.32,401.4
16-Jul-20,Z78JD823A,100,122.41,6,0.03,362.52,10803.2,58.3
16-Jul-20,Z78RI674C,100,59.96,1,0.1,99.99,21.4,13.9
16-Jul-20,Z78NJ720C,100,63.02,18,0.05,431.59,18073.6,148
16-Jul-20,Z78NJ720B,100,50.92,2,0.11,28.31,791.34,27.1
16-Jul-20,Z78RY069A,100,178.25,1,0.11,8.04,225.56,3.57
16-Jul-20,Z78RI794A,100,130,1,0.01,27.17,794.44,118.6
16-Jul-20,Z78NJ350C,100,121.21,3,0.46,103.59,364.63,172.2
16-Jul-20,Z78NJ853A,100,333.55,0,0,8.39,0.1888,2.1
16-Jul-20,Z78RI661A,100,100.29,0,0.49,666.27,7.65,552.9
16-Jul-20,Z78RY069B,100,600.42,0,0.01,18.51,1361.92,4.11
16-Jul-20,Z78NJ720A,100,63.96,4,0.01,106.25,2652.16,52.7
16-Jul-20,Z78RI794B,100,131.24,2,0,118.8,2109.44,103.2
16-Jul-20,Z78MD977C,100,35778.56,4,3.27,46.03,30.48,165
16-Jul-20,Z78NJ746B,100,40.89,2,0.01,57.16,19466.24,1.32
16-Jul-20,Z78NJ626C,100,93.9,0,0.01,1.42,59.46,31
17-Jul-20,Z78NJ853B,100,129.05,0,19.23,138.45,0.0102,0
17-Jul-20,Z78JD823B,100,295.26,1,0.05,39.53,1228.8,109.5
17-Jul-20,Z78RI674A,100,110.3,2,0,35.05,943.07,44.3
17-Jul-20,Z78NJ853C,100,135.54,1,0.11,7.92,457.92,140.4
17-Jul-20,Z78RI674B,100,120.8,1,0.01,25.09,1075.2,251
17-Jul-20,Z78JD823A,100,91.23,6,0.1,180.44,5355.52,27.8
17-Jul-20,Z78RI674C,100,36.43,1,0.09,124.36,22.52,6.9
17-Jul-20,Z78NJ720C,100,59.2,19,0.05,576.01,19271.68,131.9
17-Jul-20,Z78NJ720B,100,41.14,2,0.22,22,583.04,7.5
17-Jul-20,Z78RY069A,100,75.94,1,14.17,5.05,4.37,14.3
17-Jul-20,Z78RI794A,100,133.02,2,0.02,30.77,733.43,107.8
17-Jul-20,Z78NJ350C,100,105.2,3,2.74,50.56,88.86,2.4
17-Jul-20,Z78NJ853A,100,78.27,0,0.21,8.15,0.0545,2.9
17-Jul-20,Z78RI661A,100,97.62,0,0.43,278.77,1.48,85.8
17-Jul-20,Z78RY069B,100,147.53,0,0.1,170.47,6.7,79.5
17-Jul-20,Z78NJ720A,100,69.86,4,0,100.65,3553.28,73.7
17-Jul-20,Z78RI794B,100,102.19,1,0,52.65,595.89,7.4
17-Jul-20,Z78MD977C,100,47472.64,5,3.19,48.33,50.32,169.6
17-Jul-20,Z78NJ746B,100,41.5,2,0.01,28.63,1474.56,38.1
17-Jul-20,Z78NJ626C,100,60.53,0,0.55,25.31,4.88,387.8
18-Jul-20,Z78NJ853B,100,31.1,0,0.8,15.82,0.2902,4
18-Jul-20,Z78JD823B,100,121.01,1,2.5,19.4,1007.3,218.6
18-Jul-20,Z78RI674A,100,146.89,2,0.01,44.23,4331.52,213.9
18-Jul-20,Z78NJ853C,100,164.87,1,0.05,12.92,406.87,124.8
18-Jul-20,Z78RI674B,100,92.46,1,0.01,22.73,759.47,135.4
18-Jul-20,Z78JD823A,100,73.09,6,0.04,167.49,8038.4,80.4
18-Jul-20,Z78RI674C,100,58.17,1,0.05,128.68,217.72,836.7
18-Jul-20,Z78NJ720C,100,61.68,19,0.03,619.6,20766.72,103.1
18-Jul-20,Z78NJ720B,100,51.97,2,0.18,41.33,916.52,29.7
18-Jul-20,Z78RY069A,100,105.3,1,0.36,4.42,29.26,194
18-Jul-20,Z78RI794A,100,126.88,2,0.01,27.49,535.41,31.5
18-Jul-20,Z78NJ350C,100,114.58,4,0.44,134.27,249.02,13.5
18-Jul-20,Z78NJ853A,100,36.55,0,0.16,221.05,2.99,6.2
18-Jul-20,Z78RI661A,100,98.37,0,0.13,633.06,1.24,8.1
18-Jul-20,Z78RY069B,100,39.77,0,0.14,1.43,68.62,2.6
18-Jul-20,Z78NJ720A,100,74.21,4,0,103.19,3655.68,57
18-Jul-20,Z78RI794B,100,178.14,1,0.02,23.68,381.93,8.1
18-Jul-20,Z78MD977C,100,56719.36,4,4.92,54.46,13.96,132.4
18-Jul-20,Z78NJ746B,100,77.96,2,0.01,15.69,3921.92,720.5
18-Jul-20,Z78NJ626C,100,165.87,0,0.21,79.97,2.49,11.6
19-Jul-20,Z78NJ853B,100,119.78,0,0.12,1.66,144.64,23.7
19-Jul-20,Z78JD823B,100,99.03,1,0.94,15.74,344.63,26.7
19-Jul-20,Z78RI674A,100,108.88,2,0,56.75,1351.68,28.8
19-Jul-20,Z78NJ853C,100,113.38,0,0.37,3.63,292.43,199.7
19-Jul-20,Z78RI674B,100,96.29,1,0.08,11.77,143.87,112.4
19-Jul-20,Z78JD823A,100,88.63,5,0.33,186.92,10229.76,139.4
19-Jul-20,Z78RI674C,100,45,0,0.53,39.97,14.22,54.6
19-Jul-20,Z78NJ720C,100,67.83,20,0.03,741.36,18544.64,91.4
19-Jul-20,Z78NJ720B,100,62.63,2,0.02,40.81,1228.8,21.9
19-Jul-20,Z78RY069A,100,85.58,1,0.51,4.28,15.18,17
19-Jul-20,Z78RI794A,100,76.75,1,0.02,22.42,233.94,2.3
19-Jul-20,Z78NJ350C,100,102.26,3,0.26,53.45,176.72,7.7
19-Jul-20,Z78NJ853A,100,71.69,0,0.84,190.86,10.32,12.8
19-Jul-20,Z78RI661A,100,50.13,0,0.75,150.05,2.52,6.4
19-Jul-20,Z78RY069B,100,105.4,0,0.19,193.86,7.05,42
19-Jul-20,Z78NJ720A,100,53.2,4,0.35,67.06,12062.72,854.4
19-Jul-20,Z78RI794B,100,77.46,1,0.02,23.79,514.94,23
19-Jul-20,Z78MD977C,99.44,35706.88,4,4.9,39.32,25.89,135.6
19-Jul-20,Z78NJ746B,100,42.46,2,0.02,29.39,14417.92,1.77
19-Jul-20,Z78NJ626C,100,82.81,0,0.05,350.39,7.79,8.6
20-Jul-20,Z78NJ853B,100,126.42,0,0.04,2.7,306.6,229
20-Jul-20,Z78JD823B,100,100.37,1,1.39,14.97,391.06,59
20-Jul-20,Z78RI674A,100,84.18,2,0.01,66.83,1853.44,39.3
20-Jul-20,Z78NJ853C,100,147.84,1,0.18,7.31,212.62,31.5
20-Jul-20,Z78RI674B,100,103.45,1,0.02,14.88,174.73,4.8
20-Jul-20,Z78JD823A,100,217.04,6,0.29,501.7,17305.6,229.4
20-Jul-20,Z78RI674C,100,73.38,0,1.18,55.64,28.4,415.8
20-Jul-20,Z78NJ720C,100,73.42,22,0.25,581.32,16578.56,86.7
20-Jul-20,Z78NJ720B,100,55.01,2,0.23,38.2,1228.8,41.1
20-Jul-20,Z78RY069A,100,86.65,1,1.92,2.69,5.74,14.8
20-Jul-20,Z78RI794A,100,101.77,2,0.04,23.31,289.03,7.4
20-Jul-20,Z78NJ350C,100,115.4,3,1.04,51.59,67.3,4.6
20-Jul-20,Z78NJ853A,100,127.97,0,0.08,43.78,1.03,7
20-Jul-20,Z78RI661A,100,71.5,0,0.7,4.69,4.45,105
20-Jul-20,Z78RY069B,100,84.78,0,0.08,1.24,12.59,16.9
20-Jul-20,Z78NJ720A,100,62.94,4,0.01,89.99,8704,397.3
20-Jul-20,Z78RI794B,100,86.5,2,0.01,25.48,410.37,6.7
20-Jul-20,Z78MD977C,100,27525.12,4,9.23,40.12,19.88,130.1
20-Jul-20,Z78NJ746B,100,52.36,2,0.01,27.62,847.89,15.8
20-Jul-20,Z78NJ626C,100,64.96,0,1.83,2.7,1.4,5.2
21-Jul-20,Z78NJ853B,100,125.53,1,0.95,9.69,140.58,20.9
21-Jul-20,Z78JD823B,100,73.97,2,0.08,41.99,2181.12,91.8
21-Jul-20,Z78RI674A,100,85.22,3,0,78.53,5406.72,291.6
21-Jul-20,Z78NJ853C,100,164.62,0,1.12,3.03,73.52,27.4
21-Jul-20,Z78RI674B,100,72.64,1,0.05,13.54,139.9,13.7
21-Jul-20,Z78JD823A,100,85.82,6,2.83,211.42,8263.68,80.3
21-Jul-20,Z78RI674C,100,60.21,1,0.17,75.34,38.33,43.6
21-Jul-20,Z78NJ720C,100,52.38,23,0.2,572.44,20234.24,106.4
21-Jul-20,Z78NJ720B,100,79.7,2,0.5,26.08,741.8,17.2
21-Jul-20,Z78RY069A,100,68.9,1,5.42,3.68,5.66,25
21-Jul-20,Z78RI794A,100,154.28,2,0.03,31.58,331.25,3.6
21-Jul-20,Z78NJ350C,100,110.02,3,0.79,62.41,48.36,6.8
21-Jul-20,Z78NJ853A,100,50.35,0,0.01,53.71,1.66,12.6
21-Jul-20,Z78RI661A,100,87.27,0,0.06,755.79,9.43,7.4
21-Jul-20,Z78RY069B,100,98.16,0,0.17,1.32,22.43,42
21-Jul-20,Z78NJ720A,100,81.29,4,0.01,108.94,3584,99.8
21-Jul-20,Z78RI794B,100,111.23,1,0.02,25.17,347.46,4.4
21-Jul-20,Z78MD977C,99.55,26470.4,4,1.55,56.3,92.67,209.3
21-Jul-20,Z78NJ746B,100,68.01,2,0,36.86,1228.8,47.1
21-Jul-20,Z78NJ626C,100,74.27,0,0.17,13.57,58.27,3.3
22-Jul-20,Z78NJ853B,100,115.28,0,0.05,4.06,986.77,750.9
22-Jul-20,Z78JD823B,100,89.56,1,0.74,11.25,399.53,27.7
22-Jul-20,Z78RI674A,100,107.94,3,0,72.84,3307.52,172.3
22-Jul-20,Z78NJ853C,100,98.14,0,0.04,6.99,1751.04,842.9
22-Jul-20,Z78RI674B,100,101.59,1,0.08,6.83,70.76,12.9
22-Jul-20,Z78JD823A,100,107.35,6,2.24,241.51,8038.4,32.4
22-Jul-20,Z78RI674C,100,66.47,1,0.21,102.3,19.87,39.8
22-Jul-20,Z78NJ720C,100,54.43,22,0.07,549.09,17295.36,79
22-Jul-20,Z78NJ720B,100,82.36,2,0.02,21.34,631.81,18
22-Jul-20,Z78RY069A,100,70.22,1,1.8,3.44,6.36,29.4
22-Jul-20,Z78RI794A,100,125.82,1,0.04,11.05,273.69,13
22-Jul-20,Z78NJ350C,100,89.68,3,0.76,54.74,220.01,49.6
22-Jul-20,Z78NJ853A,100,315.34,0,0.09,4.09,932.26,27.24
22-Jul-20,Z78RI661A,100,64.72,0,0.1,214.19,4.42,19.5
22-Jul-20,Z78RY069B,100,90.39,0,0.13,141.74,2.85,2.3
22-Jul-20,Z78NJ720A,100,92.27,4,0.01,205.56,5048.32,105.9
22-Jul-20,Z78RI794B,100,217.8,1,0.02,79.03,2099.2,147.3
22-Jul-20,Z78MD977C,100,73390.08,3,1.06,70.97,62.36,213.1
22-Jul-20,Z78NJ746B,100,96.4,2,0,19.53,620.75,49.8
22-Jul-20,Z78NJ626C,100,158.12,0,0.02,3.51,29.44,3.9
23-Jul-20,Z78NJ853B,100,159.26,1,0.06,10.93,224.94,14.9
23-Jul-20,Z78JD823B,100,71.75,1,1.34,13.8,538.15,39
23-Jul-20,Z78RI674A,100,84.36,2,0.01,53.45,1648.64,53.5
23-Jul-20,Z78NJ853C,100,167.84,0,0.21,9.21,297.84,63.2
23-Jul-20,Z78RI674B,100,107.41,1,0.01,10.66,183.71,4
23-Jul-20,Z78JD823A,100,78.52,8,0.1,193.75,7075.84,16.4
23-Jul-20,Z78RI674C,100,62.47,1,0.98,83.36,41.33,22.4
23-Jul-20,Z78NJ720C,99.96,66.93,23,0.07,622.46,14776.32,55.9
23-Jul-20,Z78NJ720B,100,52.65,1,0.08,12.13,182.42,8.2
23-Jul-20,Z78RY069A,100,57.6,1,5.15,2.94,32.58,320.5
23-Jul-20,Z78RI794A,100,174.23,1,0.06,23.89,387.1,111.1
23-Jul-20,Z78NJ350C,100,111.23,3,0.13,54.79,601.13,244.3
23-Jul-20,Z78NJ853A,100,245.42,0,0,2.75,8.32,20.2
23-Jul-20,Z78RI661A,100,62.25,0,0.12,685.2,4.72,98.6
23-Jul-20,Z78RY069B,100,72.11,0,0.01,279.71,8.16,33.7
23-Jul-20,Z78NJ720A,100,66.47,4,0.03,115.02,2273.28,47.7
23-Jul-20,Z78RI794B,100,234.7,1,0.01,116.93,931.57,6.2
23-Jul-20,Z78MD977C,100,41000.96,4,0.71,57.23,71.76,181.2
23-Jul-20,Z78NJ746B,100,62.03,2,0.01,28.05,580.81,12.8
23-Jul-20,Z78NJ626C,100,46.78,1,0.97,4.64,16.85,12.9
24-Jul-20,Z78NJ853B,100,148.01,0,0.19,10.4,124.05,53.7
24-Jul-20,Z78JD823B,100,131.57,1,1.07,24.8,638.95,68
24-Jul-20,Z78RI674A,100,111.07,3,0,89.32,3481.6,106.3
24-Jul-20,Z78NJ853C,100,83.03,1,0.14,11.46,280.54,5.7
24-Jul-20,Z78RI674B,100,106.19,1,0.05,9.31,254.26,188.8
24-Jul-20,Z78JD823A,100,109.33,7,0.39,261.14,8038.4,51.2
24-Jul-20,Z78RI674C,100,58.13,1,1,88.53,78.52,10.1
24-Jul-20,Z78NJ720C,100,65.08,21,0.07,624.39,9512.96,22.1
24-Jul-20,Z78NJ720B,100,52.19,1,0.07,30.17,313.59,3.8
24-Jul-20,Z78RY069A,100,89.93,1,1.2,2.3,4.9,39.9
24-Jul-20,Z78RI794A,100,138.16,2,0.05,32.36,437.77,13.8
24-Jul-20,Z78NJ350C,100,103.6,2,0.44,106.32,111.09,5.1
24-Jul-20,Z78NJ853A,100,34.28,0,1.36,2.05,0.038,2.93
24-Jul-20,Z78RI661A,100,75.29,0,0.52,138.75,1.68,22.3
24-Jul-20,Z78RY069B,100,160.06,0,0.43,4.42,6.31,73.5
24-Jul-20,Z78NJ720A,100,87.67,3,0.15,107.83,854.68,55.1
24-Jul-20,Z78RI794B,100,111.34,1,0.01,41.86,1361.92,106.2
24-Jul-20,Z78MD977C,100,28497.92,5,0.45,47.51,21.02,223.2
24-Jul-20,Z78NJ746B,100,57.02,2,0.01,35.8,628.37,8.7
24-Jul-20,Z78NJ626C,100,99.07,0,0.17,5.48,32.84,33.9
25-Jul-20,Z78NJ853B,100,111.39,1,0.06,10.94,221.49,22.5
25-Jul-20,Z78JD823B,100,92.18,1,1.6,10.76,138.41,36.9
25-Jul-20,Z78RI674A,100,158.31,2,0.06,67.82,2959.36,145.9
25-Jul-20,Z78NJ853C,100,105.72,1,0.1,2.72,188.65,32.7
25-Jul-20,Z78RI674B,100,100.83,1,0.11,8.17,383.72,165.8
25-Jul-20,Z78JD823A,100,101.25,7,0.25,242.53,5519.36,10.2
25-Jul-20,Z78RI674C,100,73.18,1,0.01,164.84,295.51,61.2
25-Jul-20,Z78NJ720C,100,62.6,23,0.07,572.75,10444.8,16.8
25-Jul-20,Z78NJ720B,100,58.37,2,0.03,42.52,1020.9,6.1
25-Jul-20,Z78RY069A,100,83.62,1,2.73,3.58,3.76,20.7
25-Jul-20,Z78RI794A,100,111.17,2,0.47,36.43,377.09,15.7
25-Jul-20,Z78NJ350C,100,126.04,2,0.18,62.75,100.89,11.5
25-Jul-20,Z78NJ853A,100,81.51,0,0,2.16,114.46,3.4
25-Jul-20,Z78RI661A,100,90.53,0,0.59,500.58,1.48,25.5
25-Jul-20,Z78RY069B,100,106.74,1,6.82,15.45,7.09,48.1
25-Jul-20,Z78NJ720A,100,57.65,3,0.06,81.54,601.64,20.6
25-Jul-20,Z78RI794B,100,121.51,1,0.01,20.39,332.07,4.6
25-Jul-20,Z78MD977C,100,19138.56,3,0.17,64.57,46.08,245.9
25-Jul-20,Z78NJ746B,100,114.67,2,0.2,64.66,1576.96,72.2
25-Jul-20,Z78NJ626C,100,58.54,0,38.14,683.99,3.3,32.7
26-Jul-20,Z78NJ853B,100,103.02,0,0.68,2.26,11.71,2.6
26-Jul-20,Z78JD823B,100,120.64,1,1.94,11.87,179.64,13.5
26-Jul-20,Z78RI674A,100,116.13,1,0.04,40.54,1054.72,56.6
26-Jul-20,Z78NJ853C,100,143.85,2,0.03,30.2,631.67,54
26-Jul-20,Z78RI674B,100,118.65,1,0.07,10.45,366.11,119.1
26-Jul-20,Z78JD823A,100,112.63,7,0.93,284.84,4782.08,19.9
26-Jul-20,Z78RI674C,100,64.5,1,0.19,72.53,66.69,11.6
26-Jul-20,Z78NJ720C,100,55.82,23,0.08,660.31,12574.72,28.4
26-Jul-20,Z78NJ720B,100,114.58,2,0.1,53.85,1280,343.3
26-Jul-20,Z78RY069A,100,76.5,0,3.24,1.91,3.96,18.5
26-Jul-20,Z78RI794A,100,127.2,2,0.03,37.6,343.23,6.8
26-Jul-20,Z78NJ350C,100,132.61,2,0.27,76.5,431.5,7.3
26-Jul-20,Z78NJ853A,100,697.93,1,0.01,21.53,774.04,407.1
26-Jul-20,Z78RI661A,100,72.04,0,1.44,2.02,4.33,11.6
26-Jul-20,Z78RY069B,100,142.2,1,11.02,10.38,9.37,79.9
26-Jul-20,Z78NJ720A,100,71.84,3,0.13,75.03,927.73,110.6
26-Jul-20,Z78RI794B,100,91.09,1,0.03,32.06,324.32,1.3
26-Jul-20,Z78MD977C,100,17807.36,3,0.22,47.92,174.42,264.5
26-Jul-20,Z78NJ746B,100,127.47,2,0.05,10.26,318.52,31.1
26-Jul-20,Z78NJ626C,100,108.93,1,12.47,8.93,37.86,37.4
27-Jul-20,Z78NJ853B,100,71.62,1,4.1,7.43,169.83,27.6
27-Jul-20,Z78JD823B,100,137.73,1,0.32,11.81,147.86,5.1
27-Jul-20,Z78RI674A,100,152.08,1,0,35.25,531.36,18.5
27-Jul-20,Z78NJ853C,100,144.78,2,0.04,27.81,786.56,7.5
27-Jul-20,Z78RI674B,100,146.37,1,0.04,19.04,254.99,3.8
27-Jul-20,Z78JD823A,100,107.33,8,0.27,216.78,4515.84,10.1
27-Jul-20,Z78RI674C,100,57.6,1,0.22,85.51,43.11,10.1
27-Jul-20,Z78NJ720C,100,70.27,22,0.08,672.62,11448.32,15.4
27-Jul-20,Z78NJ720B,100,61.17,1,0.22,20.22,380.13,3.4
27-Jul-20,Z78RY069A,100,77.54,1,0.28,4.08,214.33,4.34
27-Jul-20,Z78RI794A,100,156.3,2,0.04,31.81,326.55,19.8
27-Jul-20,Z78NJ350C,100,144.18,2,0.39,69.42,94.75,12
27-Jul-20,Z78NJ853A,100,99.99,1,0.02,13.44,470.43,22.3
27-Jul-20,Z78RI661A,100,146.8,0,0.84,19.55,28.62,41.3
27-Jul-20,Z78RY069B,100,82.02,1,4.66,11.4,37.19,136
27-Jul-20,Z78NJ720A,100,70.05,3,0.02,82.28,1116.16,68.3
27-Jul-20,Z78RI794B,100,116.7,1,0.05,23.46,434.14,18.2
27-Jul-20,Z78MD977C,100,23889.92,4,0.84,47.76,29.93,227.9
27-Jul-20,Z78NJ746B,100,221.05,2,0.08,26.98,410.61,35.4
27-Jul-20,Z78NJ626C,100,97.12,0,9.73,2.83,2.9,32.4
28-Jul-20,Z78NJ853B,100,114.97,1,2.47,13.38,149.26,13.7
28-Jul-20,Z78JD823B,100,127.45,1,0.19,44.94,566.76,8.1
28-Jul-20,Z78RI674A,100,183.87,1,0.01,32.96,907.14,164.9
28-Jul-20,Z78NJ853C,100,148.09,1,0.09,11.07,353.65,77
28-Jul-20,Z78RI674B,100,113.37,1,0.01,15.09,293.92,10.5
28-Jul-20,Z78JD823A,100,75.95,7,0.42,173.13,4567.04,11
28-Jul-20,Z78RI674C,100,67.32,1,0.22,88.59,65.67,15.7
28-Jul-20,Z78NJ720C,100,77.05,19,0.1,608.99,13168.64,73.4
28-Jul-20,Z78NJ720B,100,70.14,2,0.02,39.92,851.81,6.6
28-Jul-20,Z78RY069A,100,58.06,1,2.66,4.08,5.55,13.1
28-Jul-20,Z78RI794A,100,137.12,2,0.29,28.86,207.95,304.4
28-Jul-20,Z78NJ350C,100,122.19,2,0.69,81.02,273.62,34.8
28-Jul-20,Z78NJ853A,100,116.2,1,0.06,8.74,389.34,48.5
28-Jul-20,Z78RI661A,100,79.76,0,0.07,465.7,72.56,3.63
28-Jul-20,Z78RY069B,100,103.24,0,0.01,8.22,62.54,60.4
28-Jul-20,Z78NJ720A,100,82.07,3,0.44,75.15,1689.6,67.7
28-Jul-20,Z78RI794B,100,120.91,2,0,52.97,952.51,21.2
28-Jul-20,Z78MD977C,100,75601.92,3,1.34,65.5,25.71,188.1
28-Jul-20,Z78NJ746B,100,162.93,2,0.01,41.03,747.89,4.8
28-Jul-20,Z78NJ626C,100,73.08,0,5.51,1.19,28.86,108.7
29-Jul-20,Z78NJ853B,100,84.12,1,3.9,7.36,50.99,26
29-Jul-20,Z78JD823B,100,44.23,2,0.42,27.81,436.49,3.5
29-Jul-20,Z78RI674A,100,113.52,2,0.03,37.12,2713.6,316.6
29-Jul-20,Z78NJ853C,100,156,1,0.04,14.76,203.94,4.2
29-Jul-20,Z78RI674B,100,75.04,1,0.02,18.94,3993.6,873.6
29-Jul-20,Z78JD823A,100,68.39,7,0.03,213.02,4976.64,12.9
29-Jul-20,Z78RI674C,100,71.44,1,0.28,101.78,47.57,11.5
29-Jul-20,Z78NJ720C,100,81.31,20,0.13,877.13,8325.12,20
29-Jul-20,Z78NJ720B,100,89,2,0.01,25.73,295.75,8
29-Jul-20,Z78RY069A,100,84.17,1,1.89,3.47,4.57,22.2
29-Jul-20,Z78RI794A,100,163.21,2,0.02,21.76,220.72,5.4
29-Jul-20,Z78NJ350C,100,111.24,3,0.27,56.97,238,6.8
29-Jul-20,Z78NJ853A,100,101.73,0,0.02,4.61,79.91,1
29-Jul-20,Z78RI661A,100,178.02,0,0.15,4.46,18.84,349.5
29-Jul-20,Z78RY069B,100,145.23,0,0.03,965.77,19.94,61.6
29-Jul-20,Z78NJ720A,100,65.06,4,1.83,134.63,1689.6,96.8
29-Jul-20,Z78RI794B,100,140.67,2,0.01,104.43,1331.2,13.8
29-Jul-20,Z78MD977C,100,19097.6,3,0.45,44.31,20.99,231.2
29-Jul-20,Z78NJ746B,100,201.99,2,0.03,26.81,395.74,7.6
29-Jul-20,Z78NJ626C,100,82.7,0,2.83,34.79,0.5058,5.1
30-Jul-20,Z78NJ853B,100,183.2,0,0.2,3.44,22.06,25.2
30-Jul-20,Z78JD823B,100,166.88,1,3.23,79.22,161.71,15.4
30-Jul-20,Z78RI674A,100,144.93,2,0,31.17,987.24,89.8
30-Jul-20,Z78NJ853C,100,123.5,1,0.11,7.25,212.11,41.4
30-Jul-20,Z78RI674B,100,108.07,1,0.04,16.74,681.99,104.9
30-Jul-20,Z78JD823A,100,100.69,6,0.01,236.78,4280.32,6.3
30-Jul-20,Z78RI674C,100,63.1,1,0.13,87.29,38.23,9.2
30-Jul-20,Z78NJ720C,100,81.19,19,0.08,592.32,7342.08,12.9
30-Jul-20,Z78NJ720B,100,57.74,1,0.05,18.2,495.3,12.2
30-Jul-20,Z78RY069A,100,97.25,1,0.53,3.37,7.03,27
30-Jul-20,Z78RI794A,100,186.34,2,0.02,48.29,567.34,5.3
30-Jul-20,Z78NJ350C,100,105.8,4,2.52,51.8,119.85,15.2
30-Jul-20,Z78NJ853A,100,114.96,0,0.71,23.98,301.05,8.5
30-Jul-20,Z78RI661A,100,129.94,0,1.89,994.71,0.9388,21.4
30-Jul-20,Z78RY069B,100,800.04,0,0.44,75.14,1085.44,1.17
30-Jul-20,Z78NJ720A,100,86.41,4,0.52,98.52,753.65,93.5
30-Jul-20,Z78RI794B,100,180.41,2,0,53.65,592.13,11.2
30-Jul-20,Z78MD977C,100,21002.24,4,0.43,48.26,19.74,224.1
30-Jul-20,Z78NJ746B,100,265.26,2,0,67.33,902,20.4
30-Jul-20,Z78NJ626C,100,60.02,0,0.3,28.13,0.4033,1.9
31-Jul-20,Z78NJ853B,100,104.65,0,0.17,6.03,27.87,7.6
31-Jul-20,Z78JD823B,100,29.07,1,13.45,7.97,507.89,254.5
31-Jul-20,Z78RI674A,100,127.7,2,0.02,23.74,817.85,75.3
31-Jul-20,Z78NJ853C,100,139.65,1,0.1,12.92,356.7,28.1
31-Jul-20,Z78RI674B,100,163.21,1,0.01,12.1,215.51,2.9
31-Jul-20,Z78JD823A,100,122.52,6,0.29,283.81,7690.24,16.5
31-Jul-20,Z78RI674C,100,54.78,1,0.73,77.36,71.84,22
31-Jul-20,Z78NJ720C,100,74.17,18,0.04,480.28,9697.28,19.3
31-Jul-20,Z78NJ720B,100,72.84,1,0.03,13.83,290.87,5.3
31-Jul-20,Z78RY069A,100,97.73,1,2.39,3.67,10.12,42.5
31-Jul-20,Z78RI794A,100,152.63,2,0.02,39.68,558.05,3.8
31-Jul-20,Z78NJ350C,100,108.65,3,1.31,39.89,95.24,8.6
31-Jul-20,Z78NJ853A,100,128.46,0,0.28,34.63,373.65,19.7
31-Jul-20,Z78RI661A,100,463.68,0,0.23,32.6,650.64,2.86
31-Jul-20,Z78RY069B,100,183.42,0,0.92,6.45,15.72,5.4
31-Jul-20,Z78NJ720A,100,96.05,4,0.32,155.45,1771.52,55.5
31-Jul-20,Z78RI794B,100,91.59,1,0.02,36.05,712.63,5
31-Jul-20,Z78MD977C,100,13957.12,3,1.75,44.33,7.76,173.7
31-Jul-20,Z78NJ746B,100,97.75,2,0.09,23.9,706.65,149.7
31-Jul-20,Z78NJ626C,100,46.54,0,5.03,31.85,1.02,11.7
01-Aug-20,Z78NJ853B,100,156.45,0,4.18,68.33,173.12,221
01-Aug-20,Z78JD823B,100,37.11,0,12.91,74.92,0.5986,5.6
01-Aug-20,Z78RI674A,100,142.19,2,0.03,30.4,775.09,52.9
01-Aug-20,Z78NJ853C,100,28.84,1,0.64,2.1,325.14,449.2
01-Aug-20,Z78RI674B,100,121.12,1,0.28,12.93,476.75,79.6
01-Aug-20,Z78JD823A,100,89.84,5,0.04,165.32,6082.56,9.4
01-Aug-20,Z78RI674C,100,40.28,1,0.93,77.8,97.13,16.3
01-Aug-20,Z78NJ720C,100,89.15,16,0.05,453.45,6942.72,11.7
01-Aug-20,Z78NJ720B,100,121.86,1,0.15,10.68,6.13,6.3
01-Aug-20,Z78RY069A,100,79.34,1,0.93,3.05,8.83,12.1
01-Aug-20,Z78RI794A,100,140.74,2,0.16,35.76,458.4,49.9
01-Aug-20,Z78NJ350C,100,104.13,1,1.23,15.36,145.12,37.9
01-Aug-20,Z78NJ853A,100,121.26,1,0.04,5.11,137.98,989
01-Aug-20,Z78RI661A,100,237.08,0,0.08,1.54,8.97,73.6
01-Aug-20,Z78RY069B,100,91.35,0,2.35,691.1,2.93,12.3
01-Aug-20,Z78NJ720A,100,81.34,4,0.1,165.61,3246.08,47.6
01-Aug-20,Z78RI794B,100,92.83,1,0.03,12.97,240.91,3.4
01-Aug-20,Z78MD977C,100,6522.88,2,2.29,59.31,7.5,159.8
01-Aug-20,Z78NJ746B,100,162.22,2,0.09,102.93,476.1,75.3
01-Aug-20,Z78NJ626C,100,62.11,0,0.04,23.24,0.3614,6.1
02-Aug-20,Z78NJ853B,100,213.96,1,0.09,88.74,206.23,121.4
02-Aug-20,Z78JD823B,100,41.61,0,0.5,1.18,10.57,3.6
02-Aug-20,Z78RI674A,100,132.81,1,0.01,30.63,529.87,3.7
02-Aug-20,Z78NJ853C,100,126.46,1,0.11,8.79,204.28,10.9
02-Aug-20,Z78RI674B,100,228.56,1,0.02,16.2,835.03,532.3
02-Aug-20,Z78JD823A,100,109.83,6,0.02,230.89,5314.56,12.5
02-Aug-20,Z78RI674C,100,51.08,1,0.73,81.51,82.09,24.5
02-Aug-20,Z78NJ720C,100,71.08,17,0.08,466.12,8386.56,33.4
02-Aug-20,Z78NJ720B,100,109.23,1,0.06,19.73,12.74,7.1
02-Aug-20,Z78RY069A,100,99.92,1,5.31,2.94,4.54,27
02-Aug-20,Z78RI794A,100,138.34,2,0.02,35.93,505.74,2.3
02-Aug-20,Z78NJ350C,100,97.35,1,0.57,8.53,73.64,17
02-Aug-20,Z78NJ853A,100,50.72,0,0.2,390.85,40.14,1
02-Aug-20,Z78RI661A,100,101.97,0,1.62,478.25,1.13,15.5
02-Aug-20,Z78RY069B,100,158.34,1,6.21,19.84,30.37,1.47
02-Aug-20,Z78NJ720A,100,87.31,2,0.25,54.87,881.53,20.6
02-Aug-20,Z78RI794B,100,73.13,1,0.01,22.69,426.11,2.9
02-Aug-20,Z78MD977C,100,40847.36,2,0.69,50.94,18.47,146
02-Aug-20,Z78NJ746B,100,71.56,2,0.04,18.34,370.59,24.9
02-Aug-20,Z78NJ626C,100,80.73,0,2.22,35.98,0.4847,3.5
03-Aug-20,Z78NJ853B,100,48.24,1,6.97,26.44,111.81,26.4
03-Aug-20,Z78JD823B,100,60.77,0,17.66,124.91,1.32,13.7
03-Aug-20,Z78RI674A,100,127.23,1,0,25.33,516.55,10.9
03-Aug-20,Z78NJ853C,100,214.92,2,0.02,25.69,3573.76,1.21
03-Aug-20,Z78RI674B,100,145,1,0.03,16.15,210.62,6.4
03-Aug-20,Z78JD823A,100,92.36,6,0.01,266.23,7710.72,35.2
03-Aug-20,Z78RI674C,100,34.59,1,9.79,81.09,47.69,13.3
03-Aug-20,Z78NJ720C,100,91.8,18,0.64,828.88,8468.48,26
03-Aug-20,Z78NJ720B,100,105.2,2,0.06,80.99,1126.4,14.8
03-Aug-20,Z78RY069A,100,25.66,0,0.59,506.87,24.03,9.7
03-Aug-20,Z78RI794A,100,188.12,2,0.05,43.65,519.08,11.9
03-Aug-20,Z78NJ350C,100,117.45,1,0.71,10.68,74.49,17.1
03-Aug-20,Z78NJ853A,100,477.72,0,0,2.87,255.19,6.19
03-Aug-20,Z78RI661A,100,52.66,0,0.73,131.33,0.7602,28.3
03-Aug-20,Z78RY069B,100,105.87,1,8.96,18.96,39.27,61.2
03-Aug-20,Z78NJ720A,100,86.51,2,0,181.92,1699.84,22
03-Aug-20,Z78RI794B,100,69.36,1,0.01,21.33,456.36,6.2
03-Aug-20,Z78MD977C,100,7526.4,2,0.77,34.26,5.89,178.8
03-Aug-20,Z78NJ746B,100,83.84,1,0.15,9.22,152.15,19.6
03-Aug-20,Z78NJ626C,100,42.64,0,0.05,19.66,0.2258,1.5
04-Aug-20,Z78NJ853B,100,64.71,0,0.07,12.81,21.01,6.3
04-Aug-20,Z78JD823B,100,30.73,0,7.74,323.84,2.34,8.7
04-Aug-20,Z78RI674A,100,104.49,2,0.01,22.06,620.65,43.2
04-Aug-20,Z78NJ853C,100,142.6,2,0.02,16.89,278.29,5.5
04-Aug-20,Z78RI674B,100,199.03,1,0.03,94.84,1105.92,22.5
04-Aug-20,Z78JD823A,100,90.86,6,0.01,246.53,4034.56,9.3
04-Aug-20,Z78RI674C,100,54.94,1,1.7,131.31,102.35,48.8
04-Aug-20,Z78NJ720C,100,68.19,21,0.2,657.57,10844.16,10.7
04-Aug-20,Z78NJ720B,100,89.91,2,0.03,77.3,1012.34,3
04-Aug-20,Z78RY069A,100,97.87,0,9.27,2.11,3.63,32.8
04-Aug-20,Z78RI794A,100,174.16,2,0.02,90.05,817.27,13.4
04-Aug-20,Z78NJ350C,100,91.84,2,0.64,14.07,75.42,2
04-Aug-20,Z78NJ853A,100,151.45,0,0.61,146.76,0.9414,6.6
04-Aug-20,Z78RI661A,100,71.7,0,1.09,710.32,1.35,7.1
04-Aug-20,Z78RY069B,100,91.34,1,1.43,12.69,28.85,105.2
04-Aug-20,Z78NJ720A,100,98.34,4,0.17,371.9,1008.14,34
04-Aug-20,Z78RI794B,100,108.7,1,0,62.97,974.87,5.4
04-Aug-20,Z78MD977C,100,11929.6,2,0.69,59.89,4.81,227.1
04-Aug-20,Z78NJ746B,100,113.15,0,0.01,996.34,16.71,2
04-Aug-20,Z78NJ626C,100,383.05,0,0.01,10.76,2109.44,20.6
05-Aug-20,Z78NJ853B,100,165.89,1,0.18,51.04,278.51,21.4
05-Aug-20,Z78JD823B,100,35.69,0,14.02,342.17,6.35,43.6
05-Aug-20,Z78RI674A,99.97,97.88,1,0,14.43,291.79,6.7
05-Aug-20,Z78NJ853C,100,117.24,2,0.45,12.92,268.43,12.5
05-Aug-20,Z78RI674B,99.97,86.52,1,0.04,9.34,160.92,5.9
05-Aug-20,Z78JD823A,100,72.56,7,0.03,274.38,4976.64,9.3
05-Aug-20,Z78RI674C,99.97,64.74,1,0.48,208.28,194.84,43.3
05-Aug-20,Z78NJ720C,100,65.16,22,0.08,658.08,10188.8,11.7
05-Aug-20,Z78NJ720B,100,71.67,2,0.41,40.66,695.65,6.5
05-Aug-20,Z78RY069A,100,74.09,1,2.99,2.19,6.62,28.4
05-Aug-20,Z78RI794A,100,146.12,2,0.08,30.15,372.06,72.8
05-Aug-20,Z78NJ350C,100,106.47,2,0.07,26.31,284.34,26.3
05-Aug-20,Z78NJ853A,100,245.9,0,0.05,21.62,0.3373,5.7
05-Aug-20,Z78RI661A,100,34.99,0,0.54,554.38,2.47,24
05-Aug-20,Z78RY069B,100,120.32,1,2.74,9.19,21.55,36.8
05-Aug-20,Z78NJ720A,100,70.78,4,0.14,206.07,2887.68,67.7
05-Aug-20,Z78RI794B,100,57.05,1,0,21.17,387.99,4.9
05-Aug-20,Z78MD977C,100,36311.04,2,0.25,75.55,8.34,237.3
05-Aug-20,Z78NJ746B,100,115.64,0,0.06,259.81,54.36,5.15
05-Aug-20,Z78NJ626C,100,476.68,0,0.07,21.06,1484.8,5.91
06-Aug-20,Z78NJ853B,100,94.57,1,0.58,18.34,207.52,35.8
06-Aug-20,Z78JD823B,100,35.08,0,5.43,181.7,8.76,18.5
06-Aug-20,Z78RI674A,100,127.3,1,0.01,48.36,657.44,8.3
06-Aug-20,Z78NJ853C,100,146.05,1,0,123.54,1239.04,33.2
06-Aug-20,Z78RI674B,100,85.58,1,0.08,16.44,294.78,37.3
06-Aug-20,Z78JD823A,100,81.21,6,0.04,169.83,3778.56,14.6
06-Aug-20,Z78RI674C,100,59.12,1,0.18,188.69,161.25,30.9
06-Aug-20,Z78NJ720C,100,65.49,22,0.05,580.64,10270.72,9.9
06-Aug-20,Z78NJ720B,100,75.28,2,0.21,38.98,775.23,4.3
06-Aug-20,Z78RY069A,100,94.28,1,3.32,4.02,5.15,23.3
06-Aug-20,Z78RI794A,100,93.35,2,0.04,46.38,310.99,5.1
06-Aug-20,Z78NJ350C,100,73.83,2,1.72,43.79,784.51,22.3
06-Aug-20,Z78NJ853A,100,111.73,0,0,77.68,1.09,2.7
06-Aug-20,Z78RI661A,100,51.14,0,1.23,8.8,4.55,7.8
06-Aug-20,Z78RY069B,100,115.08,0,0.94,238.7,5.99,166
06-Aug-20,Z78NJ720A,100,70.09,4,0.4,158.97,2570.24,24.5
06-Aug-20,Z78RI794B,100,128.32,1,0.01,18.33,252.13,3
06-Aug-20,Z78MD977C,100,32768,3,0.51,67.83,13.48,217.1
06-Aug-20,Z78NJ746B,100,95.93,1,0,8.57,170.77,1.3
06-Aug-20,Z78NJ626C,100,79.6,0,0.23,673.74,5.95,1.4
07-Aug-20,Z78NJ853B,100,71.8,1,0.59,7.65,131.93,11.3
07-Aug-20,Z78JD823B,100,30.44,0,3.23,668.77,2.8,6
07-Aug-20,Z78RI674A,100,132.9,3,0.01,73.26,1351.68,23.2
07-Aug-20,Z78NJ853C,100,122.2,1,0.17,16.4,458.14,3.4
07-Aug-20,Z78RI674B,100,80.92,1,0.02,28.79,688.97,78.4
07-Aug-20,Z78JD823A,100,84,7,0.04,205.12,4894.72,31.1
07-Aug-20,Z78RI674C,100,85.34,1,0.08,130.97,651.77,196.9
07-Aug-20,Z78NJ720C,100,63.48,24,0.05,701.21,10618.88,9
07-Aug-20,Z78NJ720B,100,71.5,2,0.2,46.05,764.89,7.2
07-Aug-20,Z78RY069A,100,94.25,1,1.2,6.03,7.54,12.8
07-Aug-20,Z78RI794A,100,90.79,2,0.02,53.4,387.49,16.6
07-Aug-20,Z78NJ350C,100,103.31,2,0.03,51.91,543.36,78.5
07-Aug-20,Z78NJ853A,100,39.93,0,0,189.7,27.93,1.2
07-Aug-20,Z78RI661A,100,93.41,0,0.71,4.17,4.27,30.8
07-Aug-20,Z78RY069B,100,47.85,0,18.52,1.35,3.88,134.2
07-Aug-20,Z78NJ720A,100,77.24,4,0.04,87.05,1873.92,21.2
07-Aug-20,Z78RI794B,100,85.04,1,0.07,18.32,211.13,4.6
07-Aug-20,Z78MD977C,100,41369.6,3,0.08,58.54,18.76,221.5
07-Aug-20,Z78NJ746B,100,171.55,2,0,81.28,945.5,10.3
07-Aug-20,Z78NJ626C,100,44.09,0,3.78,25.6,0.4438,1.9
08-Aug-20,Z78NJ853B,100,146.33,1,0,77.97,691.71,22.2
08-Aug-20,Z78JD823B,100,58.96,1,6.06,16.57,6.42,5.2
08-Aug-20,Z78RI674A,100,139.04,2,0.05,33.09,496.68,8.1
08-Aug-20,Z78NJ853C,100,164.98,1,0.02,51.71,1116.16,279.4
08-Aug-20,Z78RI674B,100,82.32,1,0.08,37.66,511.31,5.4
08-Aug-20,Z78JD823A,100,90.37,8,0.07,216.05,5130.24,19.7
08-Aug-20,Z78RI674C,100,54.86,1,0.16,125.06,114.46,26.6
08-Aug-20,Z78NJ720C,100,68.34,23,0.05,536.93,7444.48,19.3
08-Aug-20,Z78NJ720B,100,85.67,2,0.15,35.6,456.04,6
08-Aug-20,Z78RY069A,100,90.2,0,6.4,1.23,5.91,8.7
08-Aug-20,Z78RI794A,100,122.7,3,0.02,37.53,564.67,4.6
08-Aug-20,Z78NJ350C,100,89.59,3,0.22,30.11,330.49,28.9
08-Aug-20,Z78NJ853A,100,36.74,1,0,425.95,71.64,2.7
08-Aug-20,Z78RI661A,100,145.97,0,0.3,3.24,3.56,10.2
08-Aug-20,Z78RY069B,100,134.75,1,2.61,10.03,4.27,7.4
08-Aug-20,Z78NJ720A,100,53.83,5,2.18,109.68,2140.16,17.9
08-Aug-20,Z78RI794B,100,142.66,1,0.01,37.56,658.52,34
08-Aug-20,Z78MD977C,100,60590.08,3,0.36,62.58,49.33,237.1
08-Aug-20,Z78NJ746B,100,157.7,2,0,156.58,3399.68,344.7
08-Aug-20,Z78NJ626C,100,576.73,0,0,24.96,301.75,850.8
09-Aug-20,Z78NJ853B,100,178.78,0,0,5.95,45.37,2.1
09-Aug-20,Z78JD823B,100,40.2,0,24.84,3.38,2.6,8.5
09-Aug-20,Z78RI674A,100,112.48,2,0.01,50.25,1443.84,63
09-Aug-20,Z78NJ853C,100,106.29,3,6.11,34.76,524.41,38.2
09-Aug-20,Z78RI674B,100,102.72,1,0.65,24.02,430.13,26.5
09-Aug-20,Z78JD823A,100,71.24,7,0.11,195.08,6123.52,16.7
09-Aug-20,Z78RI674C,100,40.64,1,3.13,97.44,69.96,17.8
09-Aug-20,Z78NJ720C,100,56.82,24,0.09,643.25,9687.04,10.6
09-Aug-20,Z78NJ720B,100,83.34,1,0.19,32.9,346.94,5.3
09-Aug-20,Z78RY069A,100,46.9,1,3.57,1.24,5.03,20.9
09-Aug-20,Z78RI794A,100,122.28,2,0.07,23.17,277.26,57.2
09-Aug-20,Z78NJ350C,100,200.14,3,0.16,134.22,4106.24,847
09-Aug-20,Z78NJ853A,100,42.53,0,0.07,13.41,0.4617,33
09-Aug-20,Z78RI661A,100,51.85,0,0.52,276.82,2.01,3
09-Aug-20,Z78RY069B,100,188.67,1,2.24,12.86,5.57,437.9
09-Aug-20,Z78NJ720A,100,53.19,4,0.88,92.24,1392.64,16.3
09-Aug-20,Z78RI794B,100,127.83,2,0.02,156.82,1730.56,11.5
09-Aug-20,Z78MD977C,100,37253.12,3,0.77,57.36,20.59,213.4
09-Aug-20,Z78NJ746B,100,74.03,1,0,27.42,689.74,6.7
09-Aug-20,Z78NJ626C,100,78.84,0,0.26,1.01,2.45,8.7
10-Aug-20,Z78NJ853B,100,159.94,1,10.05,45.43,153.22,24.7
10-Aug-20,Z78JD823B,100,47.17,0,32.91,489.97,0.5348,15.9
10-Aug-20,Z78RI674A,100,99.43,2,0.03,58.78,1505.28,43.8
10-Aug-20,Z78NJ853C,100,114.93,3,1.88,29.74,619.34,30.7
10-Aug-20,Z78RI674B,100,51.31,1,0.07,15.95,340.11,2.6
10-Aug-20,Z78JD823A,100,63.06,6,0.06,319.24,17623.04,229
10-Aug-20,Z78RI674C,100,98.94,1,0.02,7.11,698.16,3.78
10-Aug-20,Z78NJ720C,100,61.27,25,0.17,602.74,9861.12,8.5
10-Aug-20,Z78NJ720B,100,65.37,1,0.27,22.97,111.02,4.9
10-Aug-20,Z78RY069A,100,71.94,0,1.66,646.88,2.45,16.8
10-Aug-20,Z78RI794A,100,116.02,2,0.04,28.03,379.13,105
10-Aug-20,Z78NJ350C,100,99.32,3,0.56,106.39,358.53,6.4
10-Aug-20,Z78NJ853A,100,50.2,0,0.04,26.77,1.34,12.8
10-Aug-20,Z78RI661A,100,139.76,0,0.09,1.95,110.55,2.7
10-Aug-20,Z78RY069B,100,168.17,0,0.86,7.31,4.32,12.6
10-Aug-20,Z78NJ720A,100,100.78,3,0.03,91.07,1382.4,10.9
10-Aug-20,Z78RI794B,100,141.81,1,0,131.06,1843.2,36.3
10-Aug-20,Z78MD977C,100,41472,3,0.42,61.6,20.96,239.5
10-Aug-20,Z78NJ746B,100,82.6,1,0,29.06,562.15,2.7
10-Aug-20,Z78NJ626C,100,651.38,0,0,16.5,145.43,1.21
11-Aug-20,Z78NJ853B,100,63.89,0,3.01,4.2,44.47,9.5
11-Aug-20,Z78JD823B,100,43.45,0,6.51,1.39,1.08,17.5
11-Aug-20,Z78RI674A,100,193.37,2,0.02,114.27,1433.6,33.7
11-Aug-20,Z78NJ853C,100,98.48,2,0.08,26.29,2150.4,276.5
11-Aug-20,Z78RI674B,100,55.85,1,0.17,11.92,158.58,8.4
11-Aug-20,Z78JD823A,100,70.86,7,0.03,192.41,5079.04,8.2
11-Aug-20,Z78RI674C,100,105.44,1,1.63,7.58,7.76,3.7
11-Aug-20,Z78NJ720C,100,65.35,21,0.1,603.57,15687.68,53.1
11-Aug-20,Z78NJ720B,100,164.01,1,0.02,35.53,3737.6,918.1
11-Aug-20,Z78RY069A,100,66.34,0,0.71,1.04,9.72,108.8
11-Aug-20,Z78RI794A,100,134.1,2,0.05,21.09,242.4,4.1
11-Aug-20,Z78NJ350C,100,108.23,3,0.89,84.94,162.16,9.8
11-Aug-20,Z78NJ853A,100,83.52,0,0.15,64.66,1.24,5.5
11-Aug-20,Z78RI661A,100,106.89,0,0.21,488.12,7.88,39.9
11-Aug-20,Z78RY069B,100,98.17,1,0.72,15.45,13.39,11.6
11-Aug-20,Z78NJ720A,100,100.34,3,0.02,369.95,7813.12,451.5
11-Aug-20,Z78RI794B,100,54.15,1,0.01,21.59,323.8,5.5
11-Aug-20,Z78MD977C,100,38420.48,3,0.08,55.18,40.84,254.8
11-Aug-20,Z78NJ746B,100,110.57,1,0,28.81,544.07,5.4
11-Aug-20,Z78NJ626C,100,62.66,0,0.02,206.34,1.62,18.5
12-Aug-20,Z78NJ853B,99.93,102.36,0,7.76,8.77,7,24.3
12-Aug-20,Z78JD823B,100,244.27,0,0.01,21.51,569.86,307.4
12-Aug-20,Z78RI674A,100,76.55,2,0.01,37.37,1006.93,28.1
12-Aug-20,Z78NJ853C,99.93,123.36,1,0.05,14.25,144.79,16.8
12-Aug-20,Z78RI674B,100,44.31,1,0.93,12.08,174.05,52.1
12-Aug-20,Z78JD823A,100,75,7,0.01,274.69,7362.56,22.8
12-Aug-20,Z78RI674C,100,104.72,1,0.92,7.17,23.51,377.3
12-Aug-20,Z78NJ720C,100,61.08,20,0.13,514.97,10567.68,17.7
12-Aug-20,Z78NJ720B,100,71.48,1,0.14,8.62,37.29,6.9
12-Aug-20,Z78RY069A,100,39.85,1,2.45,1.58,5.88,35.6
12-Aug-20,Z78RI794A,100,164.57,2,0.07,27.79,177.64,7.7
12-Aug-20,Z78NJ350C,100,89.1,3,0.24,78.56,195.58,13.5
12-Aug-20,Z78NJ853A,99.93,190.54,0,0,5.92,0.0729,689
12-Aug-20,Z78RI661A,100,61,0,0.8,291.91,1.76,6.3
12-Aug-20,Z78RY069B,100,141.89,1,33.16,13.59,9.76,187.2
12-Aug-20,Z78NJ720A,100,91.78,3,0.23,139.02,906.46,42.8
12-Aug-20,Z78RI794B,100,95.87,1,0.01,10.63,106.67,8.6
12-Aug-20,Z78MD977C,100,40796.16,3,1.56,52.13,75.51,209.6
12-Aug-20,Z78NJ746B,100,220.66,1,0.1,82.52,817.29,11
12-Aug-20,Z78NJ626C,100,97.7,1,0.63,4.4,55.13,68.9
13-Aug-20,Z78NJ853B,100,182.15,0,0.03,946.27,11.86,622
13-Aug-20,Z78JD823B,100,213.4,1,0.05,32.66,837.11,328.9
13-Aug-20,Z78RI674A,100,152.5,2,0.01,49.41,1976.32,221.7
13-Aug-20,Z78NJ853C,100,97.32,1,0.02,35.13,471.89,5.7
13-Aug-20,Z78RI674B,100,81.2,1,0.12,9.72,139.76,49.6
13-Aug-20,Z78JD823A,100,81.14,8,0.02,230.19,10629.12,30.9
13-Aug-20,Z78RI674C,100,102.61,1,0.97,9.17,14.53,51.2
13-Aug-20,Z78NJ720C,100,58.65,23,0.09,605.38,8232.96,19.3
13-Aug-20,Z78NJ720B,100,54.77,1,2.33,11.67,37.09,17.2
13-Aug-20,Z78RY069A,100,85.85,0,6.85,890.41,5.76,11.6
13-Aug-20,Z78RI794A,100,134.96,2,0.04,38.53,565.67,132.9
13-Aug-20,Z78NJ350C,100,51.32,3,1.66,36.24,40.03,24
13-Aug-20,Z78NJ853A,100,101.45,0,0.3,11,0.2802,2.6
13-Aug-20,Z78RI661A,100,587.02,0,0.01,4.26,216.07,8.87
13-Aug-20,Z78RY069B,100,122.42,1,1.51,15.72,13.6,34.4
13-Aug-20,Z78NJ720A,100,73.19,3,0.35,158.45,482.09,18.1
13-Aug-20,Z78RI794B,100,87.97,1,0.05,20.44,202.81,9.2
13-Aug-20,Z78MD977C,87.26,35215.36,3,0.49,53.52,25.84,241.7
13-Aug-20,Z78NJ746B,100,185,1,0,93.95,1044.48,211.3
13-Aug-20,Z78NJ626C,100,52.15,0,0.12,4.77,11.28,31.2
14-Aug-20,Z78NJ853B,100,53.63,0,0.7,16.59,0.086,18.6
14-Aug-20,Z78JD823B,100,60.67,1,0.8,22.73,334.33,76.7
14-Aug-20,Z78RI674A,100,114.04,3,0.03,38.16,1208.32,165.2
14-Aug-20,Z78NJ853C,100,138.28,2,0.03,26,272.7,3.1
14-Aug-20,Z78RI674B,100,93.79,1,0.03,23.31,558.83,58.7
14-Aug-20,Z78JD823A,100,93.89,8,0.02,276.12,10137.6,17.6
14-Aug-20,Z78RI674C,100,106.37,1,0.68,10.07,51.71,48.3
14-Aug-20,Z78NJ720C,100,58.21,25,0.09,779.98,8878.08,10.7
14-Aug-20,Z78NJ720B,100,100.32,2,4.12,44.03,73.49,108.6
14-Aug-20,Z78RY069A,100,84.7,0,1.45,739.77,2.45,10.7
14-Aug-20,Z78RI794A,100,138.81,2,0.11,44.38,234.52,34.7
14-Aug-20,Z78NJ350C,100,100.01,3,0.88,52.57,43.9,12.1
14-Aug-20,Z78NJ853A,100,116.99,0,0.04,41.66,0.6621,952
14-Aug-20,Z78RI661A,100,185.11,0,0.23,862.66,1.11,7.1
14-Aug-20,Z78RY069B,100,110.04,1,3.59,16.42,75.55,299.4
14-Aug-20,Z78NJ720A,100,65.44,4,0.04,124.52,1310.72,25.8
14-Aug-20,Z78RI794B,100,74.91,1,0.04,11.98,192.97,4.7
14-Aug-20,Z78MD977C,100,30269.44,2,0.3,52.46,16.03,241.2
14-Aug-20,Z78NJ746B,100,78.63,1,0,28.63,809.44,5.7
14-Aug-20,Z78NJ626C,100,65.08,0,1.35,85.11,0.7921,7.7
15-Aug-20,Z78NJ853B,100,556.49,0,0,86.96,4802.56,17.24
15-Aug-20,Z78JD823B,100,113.69,1,0.11,20.07,282.9,8.8
15-Aug-20,Z78RI674A,100,107.67,3,0.02,61.65,1341.44,59
15-Aug-20,Z78NJ853C,100,414.27,2,0.1,91.36,7761.92,2.86
15-Aug-20,Z78RI674B,100,137.47,2,0.1,30.26,747.04,81.1
15-Aug-20,Z78JD823A,100,100.79,7,0.03,298.99,9594.88,21.6
15-Aug-20,Z78RI674C,100,106.64,1,1.49,11.1,5.89,10
15-Aug-20,Z78NJ720C,100,58.55,24,0.05,762.91,9687.04,24.9
15-Aug-20,Z78NJ720B,100,62.43,1,1.23,14.99,8.81,27.4
15-Aug-20,Z78RY069A,100,79.85,0,7.51,828.51,4.94,50.8
15-Aug-20,Z78RI794A,100,111.91,2,0.49,24.07,70.99,34
15-Aug-20,Z78NJ350C,100,95.32,3,1.03,54.97,54.18,10.2
15-Aug-20,Z78NJ853A,100,597.47,0,0,106.09,10885.12,31.36
15-Aug-20,Z78RI661A,100,63.05,0,0.8,269.4,0.7816,11.9
15-Aug-20,Z78RY069B,100,117.15,1,6.74,9.41,22.21,118.8
15-Aug-20,Z78NJ720A,100,72.64,5,0.06,178.93,1771.52,32.4
15-Aug-20,Z78RI794B,100,144.01,2,0,43.72,517.84,5.3
15-Aug-20,Z78MD977C,100,36986.88,3,0.12,50.91,18.4,248.7
15-Aug-20,Z78NJ746B,100,80.5,1,0,19.34,334.68,3.8
15-Aug-20,Z78NJ626C,100,84.1,0,0.8,362.63,4.13,331
16-Aug-20,Z78NJ853B,100,97.44,1,0.04,12.1,27.18,63
16-Aug-20,Z78JD823B,100,52.87,1,0.03,10.17,138.53,13.5
16-Aug-20,Z78RI674A,100,149.94,3,0.03,77.41,1464.32,41.5
16-Aug-20,Z78NJ853C,100,306.08,1,0.05,16.23,172.6,29.2
16-Aug-20,Z78RI674B,100,94.96,1,0.11,21.18,705.83,73
16-Aug-20,Z78JD823A,100,93.27,7,0.04,263.37,9103.36,55.3
16-Aug-20,Z78RI674C,100,120.37,1,0.47,6.27,28.46,60.1
16-Aug-20,Z78NJ720C,100,65.09,24,0.03,895.52,12042.24,12.6
16-Aug-20,Z78NJ720B,100,80.63,1,1.34,31.07,59.5,77
16-Aug-20,Z78RY069A,100,103.19,0,1.01,2.44,6.72,33.3
16-Aug-20,Z78RI794A,100,126.76,2,1.4,25.31,44.02,205.6
16-Aug-20,Z78NJ350C,100,87.91,2,0.4,69.36,69.85,17.2
16-Aug-20,Z78NJ853A,100,289.91,0,0.01,709.08,2.1,7.4
16-Aug-20,Z78RI661A,100,119.41,0,0.47,577.03,2.01,7.4
16-Aug-20,Z78RY069B,100,107.59,1,3.03,4.88,68.93,199.8
16-Aug-20,Z78NJ720A,100,85.5,4,0.18,108.9,572.1,9.6
16-Aug-20,Z78RI794B,100,98.29,2,0,241.34,2641.92,22.4
16-Aug-20,Z78MD977C,100,36239.36,3,0.2,58.29,25.19,248.2
16-Aug-20,Z78NJ746B,100,128.35,1,0,55.48,1105.92,6.8
16-Aug-20,Z78NJ626C,100,110.9,0,0.4,335.1,4.38,107.7
17-Aug-20,Z78NJ853B,100,226.87,0,0.38,38.24,111.86,357.8
17-Aug-20,Z78JD823B,100,98.03,1,0.01,24.59,652.77,51.5
17-Aug-20,Z78RI674A,100,152.41,3,0,64.45,2058.24,127.8
17-Aug-20,Z78NJ853C,100,146.46,1,0.1,26.88,315.28,6.3
17-Aug-20,Z78RI674B,100,46.12,1,0.26,14.56,456.45,53.6
17-Aug-20,Z78JD823A,100,75.82,7,0.01,196.51,10567.68,21.7
17-Aug-20,Z78RI674C,100,103.63,1,2.14,8.32,9.79,12.6
17-Aug-20,Z78NJ720C,100,71.13,23,0.04,921.82,10670.08,14.6
17-Aug-20,Z78NJ720B,100,43.05,1,0.15,12.1,13.84,321.6
17-Aug-20,Z78RY069A,100,97.68,0,0.34,2.88,20.17,48.4
17-Aug-20,Z78RI794A,100,157.5,2,0.75,22.01,26.32,30.4
17-Aug-20,Z78NJ350C,100,111.38,3,0.17,60.9,213.73,3.3
17-Aug-20,Z78NJ853A,100,78.23,0,0.04,72.92,2.16,6.5
17-Aug-20,Z78RI661A,100,84.78,0,0.29,179.63,2.14,179.5
17-Aug-20,Z78RY069B,100,109.34,1,1.73,2.8,14.62,74.3
17-Aug-20,Z78NJ720A,100,56.96,4,1.55,113.5,428.16,37.4
17-Aug-20,Z78RI794B,100,62.07,3,0,162.4,3891.2,113.9
17-Aug-20,Z78MD977C,100,42557.44,3,0.2,48.71,68.06,243.5
17-Aug-20,Z78NJ746B,100,137.3,1,0,22.23,206.74,1.8
17-Aug-20,Z78NJ626C,100,58.7,0,0.19,48.59,0.6554,7.9
18-Aug-20,Z78NJ853B,100,157.47,0,0.56,32.23,223.91,687.5
18-Aug-20,Z78JD823B,100,114.93,2,0.05,47.5,1054.72,32.1
18-Aug-20,Z78RI674A,100,172.79,2,0.01,98.38,1116.16,6.2
18-Aug-20,Z78NJ853C,100,141.8,2,0.03,22.11,504.12,41.1
18-Aug-20,Z78RI674B,100,42.06,1,0.03,7.6,129.17,13.3
18-Aug-20,Z78JD823A,100,93.66,7,0.01,248.89,5089.28,10
18-Aug-20,Z78RI674C,100,103.48,1,0.79,7.91,17.21,41.6
18-Aug-20,Z78NJ720C,100,59.71,25,0.04,891.99,12298.24,31.1
18-Aug-20,Z78NJ720B,100,78.26,1,0.23,10.85,6.95,8.1
18-Aug-20,Z78RY069A,99.85,78.96,0,0.11,889.23,203.71,2.85
18-Aug-20,Z78RI794A,100,113.68,1,0.78,31.02,78.23,32.4
18-Aug-20,Z78NJ350C,100,124.28,2,0.17,55.64,188.69,8.5
18-Aug-20,Z78NJ853A,100,109.33,0,0,83.02,0.9341,1.9
18-Aug-20,Z78RI661A,100,100.44,0,0.73,2.25,47.09,283
18-Aug-20,Z78RY069B,99.85,56.79,0,0.04,284.32,1.24,10.8
18-Aug-20,Z78NJ720A,100,78.51,4,0.14,68.45,401.45,48.1
18-Aug-20,Z78RI794B,100,63.5,2,0.13,68.83,1064.96,15
18-Aug-20,Z78MD977C,100,58019.84,3,0.1,57.06,106.74,280.8
18-Aug-20,Z78NJ746B,100,73.26,1,0,23.4,566.27,3.2
18-Aug-20,Z78NJ626C,100,55.32,0,5.78,207.2,6.02,830.6
19-Aug-20,Z78NJ853B,100,82.3,0,1.13,3.92,7.27,55.7
19-Aug-20,Z78JD823B,100,68,3,0.02,47.21,1239.04,40.5
19-Aug-20,Z78RI674A,100,145.41,3,0,126.07,1474.56,10.9
19-Aug-20,Z78NJ853C,100,148.46,1,0.01,22.98,397.3,11.1
19-Aug-20,Z78RI674B,100,58.19,1,0.29,11.71,221.47,5.6
19-Aug-20,Z78JD823A,100,111.66,8,0.01,229.53,5969.92,20.7
19-Aug-20,Z78RI674C,100,120.8,1,2.36,7.89,14.79,76.8
19-Aug-20,Z78NJ720C,100,69.39,25,0.07,882.66,10833.92,28.9
19-Aug-20,Z78NJ720B,100,51.29,1,0.1,11.25,10.87,5.3
19-Aug-20,Z78RY069A,99.97,94.32,0,3.12,1.7,9.2,24.5
19-Aug-20,Z78RI794A,100,123.48,2,0.2,22.34,189.92,357.5
19-Aug-20,Z78NJ350C,100,115.79,2,0.31,37.61,202.88,51.6
19-Aug-20,Z78NJ853A,100,429.87,0,0.24,1.33,1.98,20.2
19-Aug-20,Z78RI661A,100,101.85,0,1.19,954.18,5.91,24.1
19-Aug-20,Z78RY069B,99.97,112.41,0,0.05,460.47,12.42,11.3
19-Aug-20,Z78NJ720A,100,67.86,5,0.98,154.73,918.82,94.9
19-Aug-20,Z78RI794B,100,68.54,2,0.03,44.04,1075.2,5.8
19-Aug-20,Z78MD977C,100,43008,4,0.39,56.91,22.1,233
19-Aug-20,Z78NJ746B,100,92.88,1,0,27.47,493.13,2.5
19-Aug-20,Z78NJ626C,100,70.47,0,0,3.51,175.35,81
20-Aug-20,Z78NJ853B,100,217.17,1,4.04,77.44,218.49,250.5
20-Aug-20,Z78JD823B,100,56.16,2,0.04,40.98,868.16,22.4
20-Aug-20,Z78RI674A,100,117.04,3,0.02,59.76,1116.16,45.5
20-Aug-20,Z78NJ853C,100,134.33,1,0.04,17.29,270.36,26.9
20-Aug-20,Z78RI674B,100,132.86,1,0.23,22.45,940.15,295.4
20-Aug-20,Z78JD823A,100,102.31,8,0.01,301.55,7669.76,53.8
20-Aug-20,Z78RI674C,100,132.98,1,0.44,8.61,23.61,156.4
20-Aug-20,Z78NJ720C,100,66.54,25,0.05,719.82,11765.76,32.3
20-Aug-20,Z78NJ720B,100,100.56,0,1.1,14.39,115.11,489.7
20-Aug-20,Z78RY069A,100,88.44,1,0.74,1.94,5.11,12.4
20-Aug-20,Z78RI794A,100,61.1,2,0.26,15.22,75.89,7
20-Aug-20,Z78NJ350C,100,116.44,2,0.4,43.9,53.44,10.2
20-Aug-20,Z78NJ853A,100,108.34,0,0.79,108.51,0.3867,18.3
20-Aug-20,Z78RI661A,100,138.02,0,4.79,2.9,5.85,96.9
20-Aug-20,Z78RY069B,100,92.57,0,0.69,1.82,38.1,9.3
20-Aug-20,Z78NJ720A,100,97.63,5,0.07,248.87,2539.52,75.1
20-Aug-20,Z78RI794B,100,74.12,2,0.01,54.43,1034.24,7.8
20-Aug-20,Z78MD977C,100,78182.4,4,0.11,60.21,43.54,251.1
20-Aug-20,Z78NJ746B,100,111.41,1,0,35.78,622.91,2.1
20-Aug-20,Z78NJ626C,100,61.34,0,0.1,3.21,86.93,102.4
21-Aug-20,Z78NJ853B,100,185.5,0,0.16,13.77,33.1,187.5
21-Aug-20,Z78JD823B,100,77.5,2,0.01,34.45,906.16,8
21-Aug-20,Z78RI674A,100,85.36,2,0.01,80.17,8744.96,1.03
21-Aug-20,Z78NJ853C,100,152.24,1,0.02,15.38,332.13,66.2
21-Aug-20,Z78RI674B,100,70.44,0,1.13,4.42,30.72,15.4
21-Aug-20,Z78JD823A,100,107.14,7,0.02,353.09,5683.2,23.6
21-Aug-20,Z78RI674C,100,88.48,1,1.44,7.85,41.11,676.2
21-Aug-20,Z78NJ720C,100,62.18,29,0.06,829.62,16056.32,90.2
21-Aug-20,Z78NJ720B,100,102.83,2,2.63,57.34,254.13,168.5
21-Aug-20,Z78RY069A,99.83,72.71,0,0.81,3.03,8.96,28.7
21-Aug-20,Z78RI794A,100,78.98,2,0.07,134.14,300.56,9.4
21-Aug-20,Z78NJ350C,100,136.43,2,0.27,71.73,397.5,253.5
21-Aug-20,Z78NJ853A,100,22.69,0,0.03,22.94,1.17,8.1
21-Aug-20,Z78RI661A,100,62.77,0,2.19,3.83,2.31,24
21-Aug-20,Z78RY069B,99.83,90.49,0,0.32,334.31,23.04,1.15
21-Aug-20,Z78NJ720A,100,99.97,4,0.24,80.14,1454.08,450.1
21-Aug-20,Z78RI794B,100,103.95,2,0.01,53.79,939.11,25.7
21-Aug-20,Z78MD977C,100,52951.04,4,0.52,53.61,34.43,231.7
21-Aug-20,Z78NJ746B,100,192.02,1,0,43.37,575.89,24.2
21-Aug-20,Z78NJ626C,100,63.23,0,0.78,82.46,1.16,10.6
22-Aug-20,Z78NJ853B,100,71.19,1,0.09,12.64,13.9,23.5
22-Aug-20,Z78JD823B,100,114.06,3,0,51.02,1617.92,22.4
22-Aug-20,Z78RI674A,100,87.46,3,0.04,68.84,1638.4,42.5
22-Aug-20,Z78NJ853C,100,117.85,2,0.01,13.1,312.84,14.4
22-Aug-20,Z78RI674B,100,94.82,0,0.13,5.62,242.02,140
22-Aug-20,Z78JD823A,100,115,6,0.03,255.29,5038.08,9
22-Aug-20,Z78RI674C,100,89.64,1,0.45,7.74,288.44,4.25
22-Aug-20,Z78NJ720C,100,68.04,27,0.06,860.3,10403.84,20
22-Aug-20,Z78NJ720B,100,93.13,1,0.13,17.41,73.29,81.2
22-Aug-20,Z78RY069A,100,82.89,1,1.29,13.58,15.04,37.9
22-Aug-20,Z78RI794A,100,105.8,1,0.08,28.49,267.14,67.4
22-Aug-20,Z78NJ350C,100,92.71,3,0.07,98.98,247.56,25.3
22-Aug-20,Z78NJ853A,100,35.12,0,0.07,18.43,0.5605,997
22-Aug-20,Z78RI661A,99.76,150.93,0,0.56,600.63,2.16,32.2
22-Aug-20,Z78RY069B,100,85.18,0,0,478.92,33.38,155.4
22-Aug-20,Z78NJ720A,100,96.15,5,0.34,147,554.17,17.2
22-Aug-20,Z78RI794B,100,127.64,2,0.01,68.28,910.62,10.2
22-Aug-20,Z78MD977C,100,66795.52,4,0.3,57.85,41.56,235.4
22-Aug-20,Z78NJ746B,99.37,75.21,0,0.04,246.32,6.89,682
22-Aug-20,Z78NJ626C,100,121.22,0,0.78,3.46,6.09,27.1
23-Aug-20,Z78NJ853B,100,95.18,0,0.04,5.93,47.52,4.6
23-Aug-20,Z78JD823B,100,85.35,3,0.01,69.84,3153.92,98.7
23-Aug-20,Z78RI674A,100,139.29,3,0.02,83.14,4618.24,361.2
23-Aug-20,Z78NJ853C,100,135.57,1,0.06,57.17,806.96,40.3
23-Aug-20,Z78RI674B,100,120.81,0,0.14,2.75,109.26,106.2
23-Aug-20,Z78JD823A,100,102.99,9,0.02,308.06,4044.8,26.4
23-Aug-20,Z78RI674C,100,88.78,1,1.41,9.28,67.3,267.3
23-Aug-20,Z78NJ720C,100,62.22,28,0.06,729.73,8888.32,16.9
23-Aug-20,Z78NJ720B,100,63.1,2,0.23,25.6,46.15,60
23-Aug-20,Z78RY069A,100,72.62,1,4.64,16.42,7.16,12
23-Aug-20,Z78RI794A,100,117.68,2,0.14,27.32,69.24,3.8
23-Aug-20,Z78NJ350C,100,69.21,2,0.61,97.18,116.59,5.6
23-Aug-20,Z78NJ853A,100,74.69,0,0.32,26.55,0.4182,1.6
23-Aug-20,Z78RI661A,100,125.58,0,2.74,1.61,3.33,8.5
23-Aug-20,Z78RY069B,100,96.33,0,0.36,1.95,27.93,61
23-Aug-20,Z78NJ720A,100,102.41,4,0.19,125.1,447.1,41.6
23-Aug-20,Z78RI794B,100,97.09,2,0.01,48.61,831.8,15
23-Aug-20,Z78MD977C,100,34222.08,4,0.09,47.59,28.28,247.2
23-Aug-20,Z78NJ746B,100,104.44,0,0.02,87.41,1.93,8.3
23-Aug-20,Z78NJ626C,100,44.31,0,0.18,304.84,11.66,13.6
24-Aug-20,Z78NJ853B,100,102.15,0,0.36,9.43,62.76,19.9
24-Aug-20,Z78JD823B,100,84.29,3,0,73.83,2088.96,12.5
24-Aug-20,Z78RI674A,100,120.55,3,0.02,89.23,1525.76,25.7
24-Aug-20,Z78NJ853C,100,217.8,1,0.04,12.61,122.08,2.2
24-Aug-20,Z78RI674B,100,139.99,0,0.05,2.71,87.23,36.2
24-Aug-20,Z78JD823A,100,102.66,8,0.02,233.25,3870.72,23
24-Aug-20,Z78RI674C,100,100.44,1,1.37,7.55,12.28,66.7
24-Aug-20,Z78NJ720C,100,61.33,27,0.12,736.06,11253.76,52.5
24-Aug-20,Z78NJ720B,100,66.73,2,0.84,29.02,24.14,15.5
24-Aug-20,Z78RY069A,100,69.68,1,2.03,9.32,8.34,12.3
24-Aug-20,Z78RI794A,100,162.55,1,0.04,86.27,5058.56,4.27
24-Aug-20,Z78NJ350C,100,104.83,3,0.11,73.88,205.72,5.9
24-Aug-20,Z78NJ853A,100,46.66,0,0.13,18.13,0.4958,1.8
24-Aug-20,Z78RI661A,100,472.59,0,0,10.66,431.13,3.36
24-Aug-20,Z78RY069B,100,107.05,0,0.4,1.54,27.24,16.2
24-Aug-20,Z78NJ720A,100,69.05,5,0.3,130.92,1351.68,82.7
24-Aug-20,Z78RI794B,100,87.74,2,0.23,98.88,4167.68,699
24-Aug-20,Z78MD977C,100,52817.92,3,0.08,63.42,93.7,253.7
24-Aug-20,Z78NJ746B,100,127.55,0,0,30.5,312.83,19.9
24-Aug-20,Z78NJ626C,100,176.63,0,0.01,1.72,201.09,1.13
25-Aug-20,Z78NJ853B,100,669.24,0,0,18.19,777.99,3.83
25-Aug-20,Z78JD823B,100,54.47,3,0.01,84.17,2129.92,7.2
25-Aug-20,Z78RI674A,100,136.94,3,0.01,71.58,2672.64,194.1
25-Aug-20,Z78NJ853C,100,274.3,1,0.01,46.08,1054.72,311.1
25-Aug-20,Z78RI674B,100,69.33,1,0.02,3.9,145.28,3.5
25-Aug-20,Z78JD823A,100,98.68,8,0.01,289.27,4556.8,15.1
25-Aug-20,Z78RI674C,100,90.71,1,1.23,7.97,8.92,9.2
25-Aug-20,Z78NJ720C,100,52.53,29,0.06,864.52,12800,43.3
25-Aug-20,Z78NJ720B,100,89.53,2,7.58,45.09,90.77,30
25-Aug-20,Z78RY069A,100,79.49,1,1.08,10.87,8.14,9.5
25-Aug-20,Z78RI794A,100,73.8,2,0.1,26.08,253.34,73.2
25-Aug-20,Z78NJ350C,100,104.43,2,0.11,60.68,170.42,5.5
25-Aug-20,Z78NJ853A,100,786.96,0,0,85.8,1925.12,1.75
25-Aug-20,Z78RI661A,100,195.32,0,0.15,1.6,18.1,578.2
25-Aug-20,Z78RY069B,100,89.78,0,0.11,246.29,3.87,11
25-Aug-20,Z78NJ720A,100,71.74,6,0.11,164.96,2293.76,195.5
25-Aug-20,Z78RI794B,100,64.02,2,0.18,47.47,976.63,39.1
25-Aug-20,Z78MD977C,99.72,58112,4,0.14,61.72,27.64,226.4
25-Aug-20,Z78NJ746B,100,159.68,1,0.01,143.58,1781.76,35.9
25-Aug-20,Z78NJ626C,100,86.96,0,0,14.51,190.57,12.9
26-Aug-20,Z78NJ853B,100,99.61,0,0.09,5.55,22.21,10.2
26-Aug-20,Z78JD823B,100,82.75,3,0.03,63.66,1904.64,14.1
26-Aug-20,Z78RI674A,100,113.39,4,0.01,71.19,5847.04,574.2
26-Aug-20,Z78NJ853C,100,141.48,1,0.06,6.07,114.06,8.1
26-Aug-20,Z78RI674B,100,100.08,0,0.05,1.53,30.85,4.3
26-Aug-20,Z78JD823A,100,112.91,8,0.05,290.57,4270.08,26.8
26-Aug-20,Z78RI674C,100,103.74,1,0.87,8.64,23.67,34.2
26-Aug-20,Z78NJ720C,100,69.94,28,0.09,838.58,9748.48,27.6
26-Aug-20,Z78NJ720B,100,99.04,2,0.21,38.6,87.6,83.8
26-Aug-20,Z78RY069A,100,66.86,1,1.85,11.56,8.64,10.7
26-Aug-20,Z78RI794A,100,106.28,2,0.05,27.56,259.32,41.8
26-Aug-20,Z78NJ350C,100,75.15,2,0.46,82.3,183.57,5.6
26-Aug-20,Z78NJ853A,100,27.63,0,0.94,33.1,0.6722,1.2
26-Aug-20,Z78RI661A,100,81.8,0,0.16,445.43,1.32,11.7
26-Aug-20,Z78RY069B,100,151.63,1,3.64,11.36,6.6,24.3
26-Aug-20,Z78NJ720A,100,83.83,3,0.11,120.75,391.2,40.2
26-Aug-20,Z78RI794B,100,35.69,3,0.19,53.73,727.16,6.5
26-Aug-20,Z78MD977C,100,80035.84,4,0.25,52.83,27.38,221
26-Aug-20,Z78NJ746B,100,195.21,1,0.01,412.26,3563.52,30.7
26-Aug-20,Z78NJ626C,100,188.11,0,0,3.58,232.7,244.5
27-Aug-20,Z78NJ853B,100,104.43,1,0.02,28.79,203.29,11.1
27-Aug-20,Z78JD823B,100,71.02,3,0.02,89.3,2263.04,7.6
27-Aug-20,Z78RI674A,100,197.47,3,0.02,108.5,1536,65
27-Aug-20,Z78NJ853C,100,144.75,1,0.02,12.66,174.48,15.2
27-Aug-20,Z78RI674B,100,127.88,0,0.35,1.02,15.74,5.7
27-Aug-20,Z78JD823A,100,95.83,8,0.07,396.52,5591.04,23.2
27-Aug-20,Z78RI674C,100,122.86,1,1.61,6.23,11.7,75.9
27-Aug-20,Z78NJ720C,100,63.68,29,0.08,1.115,16332.8,46.3
27-Aug-20,Z78NJ720B,100,60.93,2,5.14,30.03,27.03,17.5
27-Aug-20,Z78RY069A,100,69.59,1,1.46,7.17,11.46,39.2
27-Aug-20,Z78RI794A,100,116.45,2,0.04,26.69,589.62,7.7
27-Aug-20,Z78NJ350C,100,63.95,2,0.28,71.76,108.7,10.2
27-Aug-20,Z78NJ853A,100,61.2,0,0.06,34.04,0.8711,4.4
27-Aug-20,Z78RI661A,100,54.61,0,0.26,2.84,105.34,2.28
27-Aug-20,Z78RY069B,100,144.79,1,7.69,9.68,23.29,1.03
27-Aug-20,Z78NJ720A,100,61.18,5,0.14,154.16,706.04,75.2
27-Aug-20,Z78RI794B,100,57.9,2,0.15,60.5,853.01,4.4
27-Aug-20,Z78MD977C,100,73809.92,4,0.24,59.95,289.99,241.7
27-Aug-20,Z78NJ746B,100,115.98,1,0.01,236.54,3051.52,32.3
27-Aug-20,Z78NJ626C,100,130.72,0,0.04,3.04,164.63,96.7
28-Aug-20,Z78NJ853B,100,123.08,0,0.03,6.08,89.86,11.7
28-Aug-20,Z78JD823B,100,106.39,4,0.06,115.01,2007.04,14.1
28-Aug-20,Z78RI674A,100,72.03,3,0.05,59.68,883.68,7.3
28-Aug-20,Z78NJ853C,100,137.35,1,0,19.28,487.94,75.1
28-Aug-20,Z78RI674B,100,158.71,0,0.02,2.86,82.99,14.4
28-Aug-20,Z78JD823A,100,85.8,8,0.03,232.41,4618.24,14.8
28-Aug-20,Z78RI674C,100,106.88,1,1.71,7.75,36.01,61.5
28-Aug-20,Z78NJ720C,100,65.08,31,0.12,1.028,15288.32,41.1
28-Aug-20,Z78NJ720B,100,72.79,2,0.63,23.31,37.48,15.4
28-Aug-20,Z78RY069A,100,84.19,1,3.18,5.32,8.18,22.8
28-Aug-20,Z78RI794A,100,100.11,2,0.05,38.7,620.91,20
28-Aug-20,Z78NJ350C,100,87.65,2,0.14,68.92,129.06,9.6
28-Aug-20,Z78NJ853A,100,759.07,0,0,13.08,1136.64,20.75
28-Aug-20,Z78RI661A,100,102.38,0,0.52,336.88,1.48,54.9
28-Aug-20,Z78RY069B,100,161.15,1,1.24,9.14,18.89,10
28-Aug-20,Z78NJ720A,100,58.75,5,0.82,184.75,1669.12,31.1
28-Aug-20,Z78RI794B,100,83.27,3,0.12,49.8,555.8,3.2
28-Aug-20,Z78MD977C,100,92815.36,6,0.18,65.26,304.34,240.6
28-Aug-20,Z78NJ746B,100,185.39,2,0.02,194.19,3092.48,148.2
28-Aug-20,Z78NJ626C,100,72.79,1,0.01,22.68,746.63,43.7
29-Aug-20,Z78NJ853B,100,124.91,1,0.08,11.68,398.15,216.7
29-Aug-20,Z78JD823B,99.77,103.76,3,0.02,91.64,1996.8,9.2
29-Aug-20,Z78RI674A,100,99.75,3,0.03,72.07,1341.44,50.6
29-Aug-20,Z78NJ853C,100,49.15,1,0.02,19.22,3338.24,745.1
29-Aug-20,Z78RI674B,100,112.46,1,0.09,9.19,125.05,3.7
29-Aug-20,Z78JD823A,99.77,91.32,8,0.76,240.22,4218.88,22.6
29-Aug-20,Z78RI674C,100,107.04,1,0.2,7.36,405.38,3.34
29-Aug-20,Z78NJ720C,100,56.73,31,0.21,986.3,13875.2,51.5
29-Aug-20,Z78NJ720B,100,79.25,2,4.08,61.06,143.76,113.1
29-Aug-20,Z78RY069A,100,73.97,1,0.76,6.89,15.01,9.2
29-Aug-20,Z78RI794A,100,123.11,2,0.01,64.85,941.17,40.9
29-Aug-20,Z78NJ350C,100,104.74,2,0.07,38.08,252.51,7.9
29-Aug-20,Z78NJ853A,100,46.86,0,1.38,19.18,4.11,161.6
29-Aug-20,Z78RI661A,100,75.95,0,0.09,264.4,2.23,6.1
29-Aug-20,Z78RY069B,100,144.91,0,7.85,6.07,8.8,36.9
29-Aug-20,Z78NJ720A,100,47.74,6,0.07,237.9,2252.8,47.4
29-Aug-20,Z78RI794B,100,96.42,2,0.04,40.66,501.7,3.8
29-Aug-20,Z78MD977C,100,79564.8,6,0.81,56.83,92.08,184.3
29-Aug-20,Z78NJ746B,100,94.98,1,0.05,36.03,599.13,45.1
29-Aug-20,Z78NJ626C,100,94.05,1,0.01,10.25,318.62,40.5
30-Aug-20,Z78NJ853B,100,103.72,2,0.06,39.11,1239.04,38.6
30-Aug-20,Z78JD823B,100,88.82,4,0.08,103.65,2570.24,14.2
30-Aug-20,Z78RI674A,100,86.05,3,0.01,74.34,1331.2,20.9
30-Aug-20,Z78NJ853C,100,210.56,0,0.01,9.69,109.92,3.8
30-Aug-20,Z78RI674B,100,89.45,0,0.01,13.91,216.53,9.2
30-Aug-20,Z78JD823A,100,122.46,10,0.49,362.29,6041.6,16
30-Aug-20,Z78RI674C,100,89.28,1,3.3,2.25,6.12,4.2
30-Aug-20,Z78NJ720C,100,60.99,29,0.07,870.35,11509.76,27.2
30-Aug-20,Z78NJ720B,100,60.07,2,0.43,40.59,492.16,392.8
30-Aug-20,Z78RY069A,99.96,82.06,1,1.19,5.66,319.69,1.58
30-Aug-20,Z78RI794A,100,133.36,3,0.24,97.81,939.08,179.5
30-Aug-20,Z78NJ350C,100,109.16,2,0.07,40.43,210.83,7.7
30-Aug-20,Z78NJ853A,100,128.95,0,0.09,1.83,38.68,22.1
30-Aug-20,Z78RI661A,100,136.06,0,0.15,5.51,72.81,20.1
30-Aug-20,Z78RY069B,99.96,122.75,1,1.82,10.27,6.6,8.4
30-Aug-20,Z78NJ720A,100,38.64,4,0.14,74.25,368.22,19.2
30-Aug-20,Z78RI794B,100,58.45,3,0.11,74.26,1105.92,15.7
30-Aug-20,Z78MD977C,100,57210.88,5,0.83,58.74,284.82,197.1
30-Aug-20,Z78NJ746B,100,44.4,1,0.02,21.31,674.64,36.9
30-Aug-20,Z78NJ626C,100,52.13,1,0.03,6.64,234.69,1.5
31-Aug-20,Z78NJ853B,100,104.76,3,0.12,56.46,1259.52,26
31-Aug-20,Z78JD823B,100,81.71,3,0.46,90.93,2191.36,7.2
31-Aug-20,Z78RI674A,100,140.66,4,0.02,132.41,2498.56,84.9
31-Aug-20,Z78NJ853C,100,201.19,0,0.01,9.06,166.8,82.1
31-Aug-20,Z78RI674B,100,123.18,1,0.02,6.88,180.04,4.9
31-Aug-20,Z78JD823A,100,95.71,9,0.14,243.69,4362.24,12.7
31-Aug-20,Z78RI674C,100,81.68,1,0.56,6.21,65.68,171.8
31-Aug-20,Z78NJ720C,100,67.08,30,0.06,943.99,10731.52,21.4
31-Aug-20,Z78NJ720B,100,75.16,2,0.64,23.69,202.31,418.7
31-Aug-20,Z78RY069A,100,72.87,1,0.6,4.14,13.57,10.9
31-Aug-20,Z78RI794A,100,141.7,3,0.07,62.13,588.57,22.3
31-Aug-20,Z78NJ350C,100,109.98,2,0.15,54.03,275.24,20.5
31-Aug-20,Z78NJ853A,100,103.8,0,1.2,39.85,0.391,1.6
31-Aug-20,Z78RI661A,100,396.04,0,0.31,30.58,4485.12,13.23
31-Aug-20,Z78RY069B,100,124.15,1,4.97,13.91,8.33,4.9
31-Aug-20,Z78NJ720A,100,40.75,5,0.07,82.37,646.05,12.6
31-Aug-20,Z78RI794B,100,104.86,2,0.02,77.22,941.12,13.3
31-Aug-20,Z78MD977C,100,95068.16,5,0.83,63,54.58,202.2
31-Aug-20,Z78NJ746B,100,41.57,2,0.49,75.73,4608,258.1
31-Aug-20,Z78NJ626C,100,63.61,0,0.03,3.23,91.68,721
01-Sept-20,Z78NJ853B,100,77.4,3,0.15,50.57,1136.64,9.4
01-Sept-20,Z78JD823B,100,100.13,3,0.08,92.83,2437.12,42.1
01-Sept-20,Z78RI674A,100,98.27,4,0.01,75.36,1658.88,25.2
01-Sept-20,Z78NJ853C,100,239.98,0,0.03,4.36,45.07,1.3
01-Sept-20,Z78RI674B,100,83.29,1,0.01,7.61,206.81,1.6
01-Sept-20,Z78JD823A,100,84.49,9,0.03,219.93,5335.04,40.7
01-Sept-20,Z78RI674C,100,96.96,1,0.62,4.57,19.32,39.1
01-Sept-20,Z78NJ720C,100,67.9,30,0.14,1.024,15687.68,67.3
01-Sept-20,Z78NJ720B,100,66.88,2,1.07,42.22,174.25,44.8
01-Sept-20,Z78RY069A,100,30.71,0,1.14,2.99,15.58,12.5
01-Sept-20,Z78RI794A,100,112.5,3,0.08,70.12,586.94,8.7
01-Sept-20,Z78NJ350C,100,98.07,3,1.39,57.65,87.83,27
01-Sept-20,Z78NJ853A,100,165.67,0,0.01,329.43,3.83,878
01-Sept-20,Z78RI661A,100,100.05,0,0.5,10.82,95.63,300
01-Sept-20,Z78RY069B,100,108.23,1,0.72,10.85,9.75,24.2
01-Sept-20,Z78NJ720A,100,42.14,5,0.49,106.88,898.05,76.4
01-Sept-20,Z78RI794B,100,166.73,2,0.04,75.48,1505.28,57.5
01-Sept-20,Z78MD977C,100,53094.4,5,0.71,53.71,25.88,220.2
01-Sept-20,Z78NJ746B,100,12.51,1,0.35,82.59,13926.4,856.2
01-Sept-20,Z78NJ626C,100,55.83,1,0.27,7.25,190.82,5.2
02-Sept-20,Z78NJ853B,100,68.96,2,0.01,35.52,1034.24,5.7
02-Sept-20,Z78JD823B,100,67.43,3,0.06,93.19,2693.12,3.8
02-Sept-20,Z78RI674A,100,90.97,4,0.02,87,1832.96,12.6
02-Sept-20,Z78NJ853C,100,108.29,1,0.03,9.15,100.59,9
02-Sept-20,Z78RI674B,100,59.45,1,0.03,12.82,363.32,5.2
02-Sept-20,Z78JD823A,100,87.11,7,0.1,161.41,5662.72,13.2
02-Sept-20,Z78RI674C,100,89.73,1,1.9,4.37,18.78,8.6
02-Sept-20,Z78NJ720C,100,60.71,32,0.19,780.94,9625.6,20.5
02-Sept-20,Z78NJ720B,100,68.49,3,0.59,80.83,318.86,28.4
02-Sept-20,Z78RY069A,100,62.35,0,0.3,4.16,28.67,63.2
02-Sept-20,Z78RI794A,100,106.52,3,0.09,74.52,512.97,18.1
02-Sept-20,Z78NJ350C,100,159.21,3,0.19,89.8,1454.08,439.2
02-Sept-20,Z78NJ853A,100,50.44,0,0.86,12.69,1.02,100.1
02-Sept-20,Z78RI661A,100,77.97,1,0.89,9.95,7.45,11.9
02-Sept-20,Z78RY069B,100,117.13,1,12.04,11.14,16.1,71.2
02-Sept-20,Z78NJ720A,100,59.92,5,0.13,100.6,545.43,38.2
02-Sept-20,Z78RI794B,100,106.21,2,0.02,43.56,650.58,2
02-Sept-20,Z78MD977C,100,56842.24,5,0.19,54.82,121.92,257.8
02-Sept-20,Z78NJ746B,100,192.74,1,0.13,130.86,4065.28,558
02-Sept-20,Z78NJ626C,100,40.85,1,0.13,6.12,193.29,1.3
03-Sept-20,Z78NJ853B,100,49.44,2,0.01,35.57,963.23,4.1
03-Sept-20,Z78JD823B,100,76.12,3,0.65,99.17,3092.48,5.9
03-Sept-20,Z78RI674A,100,88,4,0,88.5,1945.6,24.5
03-Sept-20,Z78NJ853C,100,124.3,1,0.05,7.26,131.23,6.4
03-Sept-20,Z78RI674B,100,63.42,1,0.18,20.71,1005.79,111.4
03-Sept-20,Z78JD823A,100,94.73,8,0.07,139.98,3205.12,13.4
03-Sept-20,Z78RI674C,100,103.52,1,0.59,3.9,74.04,419.8
03-Sept-20,Z78NJ720C,100,56.84,31,0.1,738.55,11335.68,28.5
03-Sept-20,Z78NJ720B,100,63.22,3,0.25,49.47,149.77,26.2
03-Sept-20,Z78RY069A,99.95,29.26,0,1.32,3.21,6.08,10.7
03-Sept-20,Z78RI794A,100,86.75,3,0.06,63.43,599.27,47.6
03-Sept-20,Z78NJ350C,100,103.23,3,0.59,59.7,487.45,183.6
03-Sept-20,Z78NJ853A,100,82.66,0,0.17,29.76,0.3614,3.9
03-Sept-20,Z78RI661A,100,176.4,0,1.75,1.55,14.24,80.8
03-Sept-20,Z78RY069B,99.95,131.1,1,1.63,8.33,20.35,29.7
03-Sept-20,Z78NJ720A,100,88.61,6,0.18,216.43,1730.56,119.5
03-Sept-20,Z78RI794B,100,132.08,2,0.07,43.04,593.72,5
03-Sept-20,Z78MD977C,100,63129.6,4,0.06,64.16,26.35,234.9
03-Sept-20,Z78NJ746B,100,66.87,1,0.05,17.29,570.47,13.9
03-Sept-20,Z78NJ626C,100,52.43,1,0.12,30.15,241.05,5.8
04-Sept-20,Z78NJ853B,100,70.07,1,0.05,17.58,315.18,1.5
04-Sept-20,Z78JD823B,100,130.91,4,0.17,217.06,3665.92,14.9
04-Sept-20,Z78RI674A,100,102.02,3,0.05,50.69,1208.32,56.2
04-Sept-20,Z78NJ853C,100,138.05,1,0.11,9.33,229.91,57.2
04-Sept-20,Z78RI674B,100,116.03,1,0.03,18.33,279.02,3.6
04-Sept-20,Z78JD823A,100,95.59,7,0.04,149.98,4177.92,16.6
04-Sept-20,Z78RI674C,100,99.71,1,0.95,4.71,7.76,4.3
04-Sept-20,Z78NJ720C,100,59.74,30,0.13,762.83,13772.8,69.9
04-Sept-20,Z78NJ720B,100,68,2,2.69,33.57,44.44,30.2
04-Sept-20,Z78RY069A,100,107.46,1,3.07,3.3,8.99,10
04-Sept-20,Z78RI794A,100,110.45,4,0.04,70.94,997.48,30.6
04-Sept-20,Z78NJ350C,100,83.87,2,0.11,45.89,64.77,8.4
04-Sept-20,Z78NJ853A,100,84.63,0,0.32,83.77,2.47,2.6
04-Sept-20,Z78RI661A,100,153.73,0,14.74,1.15,88.54,557.4
04-Sept-20,Z78RY069B,100,108.5,1,0.57,10.6,67.07,51.8
04-Sept-20,Z78NJ720A,100,74.72,6,0.16,134.1,1607.68,50.3
04-Sept-20,Z78RI794B,100,122.36,1,0.08,35.26,504.67,25.3
04-Sept-20,Z78MD977C,100,67246.08,5,0.04,54.9,77.09,212
04-Sept-20,Z78NJ746B,100,113.66,1,0.02,17.19,286.73,5.6
04-Sept-20,Z78NJ626C,100,49.9,1,0.13,21.28,214.35,9.2
05-Sept-20,Z78NJ853B,100,79.34,2,0.09,19.3,146.16,3.1
05-Sept-20,Z78JD823B,100,90.78,3,0.08,97.85,1935.36,4.7
05-Sept-20,Z78RI674A,100,123.42,3,0.02,54.15,1566.72,69.1
05-Sept-20,Z78NJ853C,100,134.73,1,0.04,8.89,161.22,9.5
05-Sept-20,Z78RI674B,100,123.16,1,0.24,20.35,500.42,43.3
05-Sept-20,Z78JD823A,100,77.72,8,0.04,179.42,4894.72,12.5
05-Sept-20,Z78RI674C,100,105.37,1,0.87,5.11,57.09,1.29
05-Sept-20,Z78NJ720C,100,66.71,32,0.08,853,19763.2,111
05-Sept-20,Z78NJ720B,100,280.6,2,0.07,163.51,6625.28,6.9
05-Sept-20,Z78RY069A,100,103.2,1,0.1,3.48,16.59,3.9
05-Sept-20,Z78RI794A,100,117.02,3,0.01,73.33,900.59,9.2
05-Sept-20,Z78NJ350C,100,117.82,2,0.14,88.89,252.39,17.8
05-Sept-20,Z78NJ853A,100,78.9,0,0.06,12.57,0.3606,577
05-Sept-20,Z78RI661A,100,126.71,0,1.28,4.98,47.55,774.2
05-Sept-20,Z78RY069B,100,96.43,1,1.45,6.56,20.38,25
05-Sept-20,Z78NJ720A,100,126.08,5,0.11,208.35,7403.52,1.54
05-Sept-20,Z78RI794B,100,81.06,2,0.02,53.84,825.32,28.5
05-Sept-20,Z78MD977C,100,70901.76,5,0.26,61.11,20.63,217.3
05-Sept-20,Z78NJ746B,100,156.59,0,0.03,1.66,39.17,35.5
05-Sept-20,Z78NJ626C,100,138.89,1,0.01,8.24,194.24,725
06-Sept-20,Z78NJ853B,100,60.27,2,0.05,37.47,1177.6,4.4
06-Sept-20,Z78JD823B,100,77.45,3,0.05,86.22,1955.84,4.4
06-Sept-20,Z78RI674A,100,152.24,3,0.03,52.67,1044.48,57.6
06-Sept-20,Z78NJ853C,100,107.36,1,0.01,8.08,269.08,16.6
06-Sept-20,Z78RI674B,100,95.18,1,0.05,10.3,288.95,13.4
06-Sept-20,Z78JD823A,100,76.28,9,0.06,251.37,6533.12,17.9
06-Sept-20,Z78RI674C,100,101.48,1,0.52,3.3,10.89,7.3
06-Sept-20,Z78NJ720C,100,57.13,34,0.19,704.25,12267.52,37.4
06-Sept-20,Z78NJ720B,100,70.42,2,0.86,29.55,39.91,50.9
06-Sept-20,Z78RY069A,100,96.9,1,0.45,4.44,20.76,4.2
06-Sept-20,Z78RI794A,100,109.02,3,0.06,72.62,604.5,8.3
06-Sept-20,Z78NJ350C,100,104.56,3,5.12,34.97,156.59,93.9
06-Sept-20,Z78NJ853A,100,137.99,0,0.68,155.68,0.9843,3.1
06-Sept-20,Z78RI661A,100,83.78,0,2.09,5.38,88.65,378.9
06-Sept-20,Z78RY069B,100,118.63,1,1.03,9.93,21.57,6.8
06-Sept-20,Z78NJ720A,100,71.53,6,0.5,153.38,896.49,44.7
06-Sept-20,Z78RI794B,100,79.51,2,0.02,36.51,609.12,9.6
06-Sept-20,Z78MD977C,100,64225.28,5,0.1,65.6,26.59,232.2
06-Sept-20,Z78NJ746B,100,121.33,1,0.01,23.96,507.82,9.9
06-Sept-20,Z78NJ626C,100,66.72,1,0.02,5.18,142.47,559
07-Sept-20,Z78NJ853B,100,75.17,3,0.01,35.09,497.63,8.3
07-Sept-20,Z78JD823B,100,108.6,3,0.06,77.27,1966.08,29
07-Sept-20,Z78RI674A,100,105.87,4,0.24,101.12,4341.76,299.7
07-Sept-20,Z78NJ853C,100,92.26,2,0.01,23.55,523.05,47
07-Sept-20,Z78RI674B,100,103.22,1,0.03,13.97,245.01,4.1
07-Sept-20,Z78JD823A,100,80.53,8,0.63,202.85,6103.04,21.2
07-Sept-20,Z78RI674C,100,124.84,1,0.35,6.32,69.88,743
07-Sept-20,Z78NJ720C,100,53.71,30,0.22,630.51,9789.44,51.4
07-Sept-20,Z78NJ720B,100,140.27,2,0.08,34.54,770.43,3.5
07-Sept-20,Z78RY069A,100,99.32,1,0.57,2.7,10.2,17
07-Sept-20,Z78RI794A,100,154.01,4,0.04,87.9,637.35,20.6
07-Sept-20,Z78NJ350C,100,135.7,3,3.67,63.67,128.36,37.2
07-Sept-20,Z78NJ853A,100,34.32,1,0.02,14.19,768.45,156.5
07-Sept-20,Z78RI661A,100,91.21,0,1.42,6.4,11.08,105.1
07-Sept-20,Z78RY069B,100,130.67,0,0.2,3.94,85.3,14.6
07-Sept-20,Z78NJ720A,100,71.72,5,1.17,115.74,1054.72,336.1
07-Sept-20,Z78RI794B,100,38.37,2,0.1,38.66,712.23,26.3
07-Sept-20,Z78MD977C,100,71280.64,6,0.24,56.92,27.85,189.2
07-Sept-20,Z78NJ746B,100,88.9,1,0.01,20.23,349.29,4.6
07-Sept-20,Z78NJ626C,100,76.02,1,0.03,10.24,175.01,1.1
08-Sept-20,Z78NJ853B,100,280.86,2,1.13,57.24,1966.08,465.7
08-Sept-20,Z78JD823B,100,90.84,3,0.05,91.94,2293.76,7.3
08-Sept-20,Z78RI674A,100,120.69,3,0.09,90.07,1474.56,25.9
08-Sept-20,Z78NJ853C,100,411.19,1,0.5,64.32,3563.52,1.37
08-Sept-20,Z78RI674B,100,104.42,1,0.07,14.07,365.18,15.2
08-Sept-20,Z78JD823A,100,66.89,9,0.2,189.64,4679.68,14.1
08-Sept-20,Z78RI674C,100,101.34,1,1.4,4.7,50.73,160.2
08-Sept-20,Z78NJ720C,100,48.77,35,0.28,761.8,11786.24,26.2
08-Sept-20,Z78NJ720B,100,63.5,2,0.67,50.8,51.94,80.6
08-Sept-20,Z78RY069A,100,67.61,1,0.69,1.07,16.71,38.1
08-Sept-20,Z78RI794A,100,147.17,4,0.03,100.58,621.68,3.2
08-Sept-20,Z78NJ350C,100,115.77,4,1.66,61.58,144.93,22.2
08-Sept-20,Z78NJ853A,100,579.27,0,0.5,55.96,4003.84,6.02
08-Sept-20,Z78RI661A,100,127.59,0,0.16,897.33,10.34,168.4
08-Sept-20,Z78RY069B,100,132.13,0,7.22,7.62,36.39,4.3
08-Sept-20,Z78NJ720A,100,49.84,6,0.48,97.76,702.92,60.4
08-Sept-20,Z78RI794B,100,61.23,2,0.02,50.55,546.35,6.8
08-Sept-20,Z78MD977C,100,131092.48,6,0.36,61.37,94.15,199.9
08-Sept-20,Z78NJ746B,100,100.34,1,0.01,29.21,1024,11.4
08-Sept-20,Z78NJ626C,100,59.82,1,0.01,14.79,331.96,1.3
09-Sept-20,Z78NJ853B,100,64.69,1,0.18,12.85,106.99,13.4
09-Sept-20,Z78JD823B,100,65.39,4,0.06,126.5,3758.08,8
09-Sept-20,Z78RI674A,100,107.06,4,0.44,75.88,1443.84,40.2
09-Sept-20,Z78NJ853C,100,102.58,2,0.01,22.15,650.23,5.7
09-Sept-20,Z78RI674B,100,88.68,2,0.03,13.23,338.02,19.3
09-Sept-20,Z78JD823A,100,84.04,8,0.21,188.89,3665.92,11.1
09-Sept-20,Z78RI674C,100,94.45,1,1.08,2.55,11.28,6.9
09-Sept-20,Z78NJ720C,100,49.44,36,0.47,827.88,11622.4,26.5
09-Sept-20,Z78NJ720B,100,63.42,3,3.29,66.78,189.4,183.1
09-Sept-20,Z78RY069A,100,34.99,1,0.34,10.17,34.69,10.2
09-Sept-20,Z78RI794A,100,143.54,4,0.05,133.84,720.98,9.1
09-Sept-20,Z78NJ350C,100,69.51,3,1.49,67.85,277.84,16.1
09-Sept-20,Z78NJ853A,100,86.7,0,0.13,3.07,70.03,3.1
09-Sept-20,Z78RI661A,100,80.83,0,0.1,3.2,27.84,384.8
09-Sept-20,Z78RY069B,100,178.83,0,2.38,6.2,75.05,2.4
09-Sept-20,Z78NJ720A,100,61.34,7,0.08,123.13,1771.52,60.1
09-Sept-20,Z78RI794B,100,48.77,3,0.04,67.72,975.22,14.8
09-Sept-20,Z78MD977C,100,174540.8,7,0.39,62.78,90.94,180.1
09-Sept-20,Z78NJ746B,100,190.77,1,0.04,46.91,983.27,22.3
09-Sept-20,Z78NJ626C,100,95.67,1,0.02,15.77,374.23,1.8
10-Sept-20,Z78NJ853B,100,64.31,2,0.04,26.15,336.18,11
10-Sept-20,Z78JD823B,100,94.05,4,0.28,208.2,5621.76,85.7
10-Sept-20,Z78RI674A,100,113.71,4,0.06,46.66,961.94,45.1
10-Sept-20,Z78NJ853C,100,107.76,1,0.05,20.13,522.3,86.9
10-Sept-20,Z78RI674B,100,101.87,2,0.03,18.55,470.71,15.5
10-Sept-20,Z78JD823A,100,78.55,8,0.19,163.9,3676.16,45.3
10-Sept-20,Z78RI674C,100,117.17,1,0.28,6.08,607.44,1.85
10-Sept-20,Z78NJ720C,100,47.59,33,0.4,801.92,10260.48,29.1
10-Sept-20,Z78NJ720B,100,63.19,2,1.72,39.12,181.71,157.7
10-Sept-20,Z78RY069A,100,80,1,0.85,5.31,9.54,9.7
10-Sept-20,Z78RI794A,100,134.22,3,0.02,72.76,774.28,14.6
10-Sept-20,Z78NJ350C,100,89.54,4,2.02,79.56,268.26,38.4
10-Sept-20,Z78NJ853A,100,33.3,0,0.16,2.33,245.25,287.4
10-Sept-20,Z78RI661A,100,66.96,0,0.81,7.73,6.06,10.3
10-Sept-20,Z78RY069B,100,147.51,1,2.06,11.73,61.07,15.8
10-Sept-20,Z78NJ720A,100,66.82,7,0.28,217.72,3665.92,185
10-Sept-20,Z78RI794B,100,57.07,2,0.02,79.49,1126.4,9.6
10-Sept-20,Z78MD977C,100,55961.6,5,0.19,61.56,93.61,223.6
10-Sept-20,Z78NJ746B,100,68.6,2,0.17,59.31,855.56,36.9
10-Sept-20,Z78NJ626C,100,65.24,1,0.01,12.85,321.82,1.7
11-Sept-20,Z78NJ853B,100,92.97,2,0.4,19.42,209.53,13.7
11-Sept-20,Z78JD823B,100,109.57,4,0.22,166.26,4700.16,201.1
11-Sept-20,Z78RI674A,100,111.31,5,0.09,57.43,1638.4,99.8
11-Sept-20,Z78NJ853C,100,110.49,1,0.07,9.55,222.3,68.3
11-Sept-20,Z78RI674B,100,80.41,1,0.02,18.07,454.29,2.8
11-Sept-20,Z78JD823A,100,85.18,8,0.18,231.57,5683.2,22.9
11-Sept-20,Z78RI674C,100,80.34,1,0.12,7.34,296.42,23.5
11-Sept-20,Z78NJ720C,100,44.96,33,0.14,812.57,9809.92,18.9
11-Sept-20,Z78NJ720B,100,74.9,2,1.54,34.14,25.19,13.6
11-Sept-20,Z78RY069A,99.82,57.59,1,1.26,3.61,10.06,10.5
11-Sept-20,Z78RI794A,100,148.05,3,0.02,70.88,792.79,5
11-Sept-20,Z78NJ350C,100,96.75,3,0.24,68.82,175.1,23
11-Sept-20,Z78NJ853A,100,38.88,0,0.04,24.68,0.3359,643
11-Sept-20,Z78RI661A,100,31.05,0,0.8,9.02,123.6,617.3
11-Sept-20,Z78RY069B,99.82,74.83,1,0.83,3.16,16.19,21.5
11-Sept-20,Z78NJ720A,100,64.36,7,0.09,215.32,8427.52,654.7
11-Sept-20,Z78RI794B,100,49.14,2,0.4,40.17,514.67,4.1
11-Sept-20,Z78MD977C,100,56535.04,6,0.12,58.49,675.9,298.9
11-Sept-20,Z78NJ746B,100,148.17,2,0.01,39.17,466.93,3.5
11-Sept-20,Z78NJ626C,100,81.37,1,0.06,50.32,934.63,11.6
12-Sept-20,Z78NJ853B,100,87.07,2,0.01,18.79,228.75,11.3
12-Sept-20,Z78JD823B,100,114.78,6,0.15,217.08,3368.96,43.2
12-Sept-20,Z78RI674A,100,95.49,4,0.07,60.92,1392.64,92.8
12-Sept-20,Z78NJ853C,100,86.63,1,0.14,7.75,192.56,96.8
12-Sept-20,Z78RI674B,100,101.12,1,0.07,16.1,922.02,107.2
12-Sept-20,Z78JD823A,100,84.23,8,0.39,197.95,3348.48,7.3
12-Sept-20,Z78RI674C,100,106.1,1,0.15,4.12,106.01,5.6
12-Sept-20,Z78NJ720C,100,52.67,32,0.27,784.66,12288,23.8
12-Sept-20,Z78NJ720B,100,79.73,2,5.06,20.34,82.25,156.1
12-Sept-20,Z78RY069A,100,80.35,1,0.47,2,11.38,4.7
12-Sept-20,Z78RI794A,100,104.63,3,0.02,67.62,1269.76,5.3
12-Sept-20,Z78NJ350C,100,107.96,3,0.44,47.44,238.21,52.3
12-Sept-20,Z78NJ853A,100,102.85,0,0.24,1.9,202.41,51.1
12-Sept-20,Z78RI661A,100,76.51,1,0.86,7.78,402.17,1.22
12-Sept-20,Z78RY069B,100,116.76,1,0.19,10.71,66.28,2.2
12-Sept-20,Z78NJ720A,100,49.29,8,0.14,261.04,4218.88,162
12-Sept-20,Z78RI794B,100,64.84,2,0.03,66.9,655.72,5.5
12-Sept-20,Z78MD977C,100,73687.04,7,0.3,61.09,383.48,242.7
12-Sept-20,Z78NJ746B,100,224.64,1,0.01,155.79,2252.8,60.8
12-Sept-20,Z78NJ626C,100,47.07,2,0.07,24.77,584.46,5.5
13-Sept-20,Z78NJ853B,100,43.74,2,0.07,31.17,559.31,12.4
13-Sept-20,Z78JD823B,100,71.91,5,0.06,129.27,1863.68,12.1
13-Sept-20,Z78RI674A,100,119.31,3,0.37,57.14,825.59,52.4
13-Sept-20,Z78NJ853C,100,83.2,2,0.05,15.76,361.03,172.9
13-Sept-20,Z78RI674B,100,69.68,1,0.03,17.17,478.96,5.8
13-Sept-20,Z78JD823A,100,84.19,10,0.08,223.6,4300.8,28.5
13-Sept-20,Z78RI674C,100,92.04,1,1.54,2.7,13.09,18.9
13-Sept-20,Z78NJ720C,100,47.34,34,0.23,775.42,11898.88,14.7
13-Sept-20,Z78NJ720B,100,76.92,2,2.4,31.84,34.45,18.9
13-Sept-20,Z78RY069A,100,83.81,1,4.82,3.96,13.37,19.8
13-Sept-20,Z78RI794A,100,86.63,4,0.18,65.75,854.11,7.4
13-Sept-20,Z78NJ350C,100,96.71,3,1,66.8,170.03,14.6
13-Sept-20,Z78NJ853A,100,86.44,0,0.03,1.95,144.68,172.2
13-Sept-20,Z78RI661A,100,73.49,0,2.55,1.06,111.51,1.07
13-Sept-20,Z78RY069B,100,138.83,1,0.38,7.92,61.4,12.5
13-Sept-20,Z78NJ720A,100,106.11,8,0.04,357.28,6113.28,356.1
13-Sept-20,Z78RI794B,100,59.89,2,0.03,43.15,578.1,3.5
13-Sept-20,Z78MD977C,100,94965.76,9,0.41,53.74,325.47,206.5
13-Sept-20,Z78NJ746B,100,80.55,1,0.06,28.65,902.04,36
13-Sept-20,Z78NJ626C,100,78.67,2,0.02,23.18,541.27,17.2
14-Sept-20,Z78NJ853B,100,71.03,3,0.15,43.41,1198.08,28.5
14-Sept-20,Z78JD823B,100,87.91,5,0.32,106.16,2385.92,32.3
14-Sept-20,Z78RI674A,100,115.61,3,0.02,78.84,1259.52,27.5
14-Sept-20,Z78NJ853C,100,141.46,2,0.03,17.55,264.9,42.7
14-Sept-20,Z78RI674B,100,98.33,3,0.06,51.07,1228.8,7
14-Sept-20,Z78JD823A,100,90.39,9,0.3,192.71,3235.84,13.5
14-Sept-20,Z78RI674C,100,120.86,1,1.27,3.17,17.84,5.6
14-Sept-20,Z78NJ720C,100,38.97,36,0.58,826.28,13486.08,18.8
14-Sept-20,Z78NJ720B,100,88.26,2,0.23,24.33,53.25,22.9
14-Sept-20,Z78RY069A,100,61.61,1,0.62,8.18,49.11,7.9
14-Sept-20,Z78RI794A,100,70.75,4,0.24,48.67,686.54,8.7
14-Sept-20,Z78NJ350C,100,107.56,4,4.57,74.72,89.82,41.8
14-Sept-20,Z78NJ853A,100,91.04,1,0.06,10.3,342.73,8.6
14-Sept-20,Z78RI661A,100,101.14,0,0.69,522.01,5.24,29.6
14-Sept-20,Z78RY069B,100,148.99,1,0.27,10.81,155.14,4.5
14-Sept-20,Z78NJ720A,100,80.2,7,1.02,186.69,2140.16,132.7
14-Sept-20,Z78RI794B,100,77.69,2,0.24,38.52,485.88,22.6
14-Sept-20,Z78MD977C,100,72263.68,9,0.29,50.5,228.53,186.4
14-Sept-20,Z78NJ746B,100,67.74,1,0.14,29.7,457.26,19.6
14-Sept-20,Z78NJ626C,100,99.16,1,0.03,32.42,718.89,13.1
15-Sept-20,Z78NJ853B,100,80.3,2,0.06,47.82,1146.88,15
15-Sept-20,Z78JD823B,100,82.93,6,0.27,157.79,4597.76,53.3
15-Sept-20,Z78RI674A,100,127.04,4,0.01,88.28,1576.96,24.7
15-Sept-20,Z78NJ853C,100,135.98,1,0.04,9.77,195.08,28.3
15-Sept-20,Z78RI674B,100,100.48,2,0.15,31.6,694.05,8.4
15-Sept-20,Z78JD823A,100,83.74,8,0.2,211.51,3809.28,11
15-Sept-20,Z78RI674C,100,110.83,1,0.81,6.98,43.96,204.7
15-Sept-20,Z78NJ720C,100,43.11,36,0.38,824.18,13608.96,39.1
15-Sept-20,Z78NJ720B,100,75.19,1,0.47,17.63,21.53,20.1
15-Sept-20,Z78RY069A,100,65.85,1,0.78,8.42,172.82,591.1
15-Sept-20,Z78RI794A,100,60.2,4,0.21,43.92,710.52,5.1
15-Sept-20,Z78NJ350C,100,102.35,3,2.44,47.55,203.69,47.6
15-Sept-20,Z78NJ853A,100,95.06,0,0.02,3.46,105.09,1.7
15-Sept-20,Z78RI661A,100,154.63,0,0.95,1.96,17.48,71.4
15-Sept-20,Z78RY069B,100,137.95,1,0.49,10.24,85.64,69.7
15-Sept-20,Z78NJ720A,100,86.1,7,0.05,186.92,2334.72,153
15-Sept-20,Z78RI794B,100,80.63,2,0.08,38.3,478.54,6.8
15-Sept-20,Z78MD977C,100,100198.4,8,0.29,53.64,473.93,220.1
15-Sept-20,Z78NJ746B,100,77.03,2,0.46,23.65,657.63,101.7
15-Sept-20,Z78NJ626C,100,64.71,1,0.03,18.61,499.42,14.2
16-Sept-20,Z78NJ853B,100,50.16,2,0.02,42.02,1054.72,3.3
16-Sept-20,Z78JD823B,100,72.58,6,0.11,163.77,3543.04,5.4
16-Sept-20,Z78RI674A,100,112.51,3,0.02,74.73,873.88,18.7
16-Sept-20,Z78NJ853C,100,156.91,1,0.04,23.77,364.57,69
16-Sept-20,Z78RI674B,100,84.94,2,0.12,32.79,1024,14.1
16-Sept-20,Z78JD823A,100,87.87,8,0.05,234.27,4157.44,10.8
16-Sept-20,Z78RI674C,100,119.66,1,0.04,4.53,113.82,516.1
16-Sept-20,Z78NJ720C,100,45.24,37,0.45,961.93,12748.8,21.2
16-Sept-20,Z78NJ720B,100,86.87,2,0.56,84.03,161.15,88
16-Sept-20,Z78RY069A,100,65.45,1,1.21,7.77,16.9,17.9
16-Sept-20,Z78RI794A,100,89.4,4,0.28,81.92,671.05,6.1
16-Sept-20,Z78NJ350C,100,107.57,4,0.31,71.09,618.74,21.5
16-Sept-20,Z78NJ853A,100,55.38,1,0.04,12.86,349,23.5
16-Sept-20,Z78RI661A,100,107.32,0,0.68,2.57,44.47,415.7
16-Sept-20,Z78RY069B,100,118.72,1,0.41,8.37,93.32,26.2
16-Sept-20,Z78NJ720A,100,81.51,7,0.05,204.06,4300.8,223.4
16-Sept-20,Z78RI794B,100,61.01,2,0.07,55.5,642.76,2.1
16-Sept-20,Z78MD977C,100,87920.64,7,0.43,58.76,347.45,178.7
16-Sept-20,Z78NJ746B,100,105.57,1,0.04,56.8,1218.56,54.2
16-Sept-20,Z78NJ626C,100,75.7,1,0.01,27.98,429.43,9.5
17-Sept-20,Z78NJ853B,100,37.97,2,0,29.41,965.52,9.9
17-Sept-20,Z78JD823B,99.96,113.13,7,0.09,217.09,6266.88,61.2
17-Sept-20,Z78RI674A,100,109.83,4,0.01,104.18,2887.68,116.6
17-Sept-20,Z78NJ853C,100,70.95,1,0.11,5.76,154.55,80.7
17-Sept-20,Z78RI674B,100,103.94,3,0.02,74.31,1689.6,57
17-Sept-20,Z78JD823A,99.96,119.69,6,0.53,227.37,2600.96,29.1
17-Sept-20,Z78RI674C,100,104.43,1,0.44,2.69,16.62,37.6
17-Sept-20,Z78NJ720C,99.82,54.84,30,0.22,734.77,10342.4,24.4
17-Sept-20,Z78NJ720B,99.82,79.08,2,0.92,41.66,51.36,27.1
17-Sept-20,Z78RY069A,100,64.61,1,1.16,4.24,57.17,26.1
17-Sept-20,Z78RI794A,100,84.47,5,0.22,76.25,1064.96,47.9
17-Sept-20,Z78NJ350C,100,127.3,4,0.97,59.01,297.59,6
17-Sept-20,Z78NJ853A,100,65.58,1,0.15,17.27,495.7,69.3
17-Sept-20,Z78RI661A,99.98,99.97,0,0.64,651.26,14,2.17
17-Sept-20,Z78RY069B,100,78.2,1,0.3,9.08,113.65,3.2
17-Sept-20,Z78NJ720A,99.82,73.24,7,0.12,199.17,4065.28,191.1
17-Sept-20,Z78RI794B,100,83.89,3,0.09,51.66,842.23,73.3
17-Sept-20,Z78MD977C,100,112476.16,10,0.4,53.43,476.25,225.3
17-Sept-20,Z78NJ746B,100,77.72,0,0.02,41.91,719.35,11.1
17-Sept-20,Z78NJ626C,99.97,98.98,1,0.01,16.36,409.32,21.5
18-Sept-20,Z78NJ853B,100,106.12,2,0,14.28,331.24,15.5
18-Sept-20,Z78JD823B,100,84.83,9,1.01,180.34,4208.64,21.8
18-Sept-20,Z78RI674A,100,101.33,4,0.19,79.92,1792,76.9
18-Sept-20,Z78NJ853C,100,106.91,1,0.05,11.88,168.78,88
18-Sept-20,Z78RI674B,100,94.96,2,1.43,32.14,682.62,34.6
18-Sept-20,Z78JD823A,100,82.04,6,0.38,162.23,2385.92,34.4
18-Sept-20,Z78RI674C,100,162.95,1,0.42,4.48,15.34,21.1
18-Sept-20,Z78NJ720C,100,60.06,30,0.14,695.2,9543.68,48.5
18-Sept-20,Z78NJ720B,100,71.94,3,1.77,90.03,794.84,432.4
18-Sept-20,Z78RY069A,100,93.9,1,0.3,6.78,395.92,703.3
18-Sept-20,Z78RI794A,100,188.32,4,0.03,109.8,1515.52,52.6
18-Sept-20,Z78NJ350C,100,107.05,4,0.71,78.16,653.77,12.5
18-Sept-20,Z78NJ853A,100,105.75,1,0.27,4.95,29.47,32.6
18-Sept-20,Z78RI661A,100,53.78,0,0.42,361.09,5.81,2.48
18-Sept-20,Z78RY069B,100,64.88,1,0.89,10.61,121.72,8.5
18-Sept-20,Z78NJ720A,100,72.93,7,0.03,302.89,6492.16,316.6
18-Sept-20,Z78RI794B,100,159.63,3,0.14,30.9,527.93,90.6
18-Sept-20,Z78MD977C,100,85002.24,9,0.34,59.52,749.98,249.9
18-Sept-20,Z78NJ746B,100,126.19,1,0.05,34.53,813.93,85.5
18-Sept-20,Z78NJ626C,100,62.6,1,0.01,21.22,517.3,1.6
19-Sept-20,Z78NJ853B,100,88.33,2,0.01,9.43,183.69,1.3
19-Sept-20,Z78JD823B,100,76.17,9,0.06,338.56,5048.32,14.6
19-Sept-20,Z78RI674A,100,98.09,4,0.06,106.17,1751.04,54.5
19-Sept-20,Z78NJ853C,100,62.13,1,0.09,3.5,198.4,280
19-Sept-20,Z78RI674B,100,102.98,2,0.06,35.29,983.62,31.6
19-Sept-20,Z78JD823A,100,102.7,6,0.26,159.89,3153.92,103
19-Sept-20,Z78RI674C,100,124.7,1,0.15,3.97,156.8,872.8
19-Sept-20,Z78NJ720C,100,63.36,33,0.14,705.92,9687.04,37.9
19-Sept-20,Z78NJ720B,100,65.52,1,6.97,25.96,55.25,75.6
19-Sept-20,Z78RY069A,100,155.89,1,0.22,4.99,52.67,1.25
19-Sept-20,Z78RI794A,100,100.41,5,0.06,73,1085.44,85.2
19-Sept-20,Z78NJ350C,100,105.73,3,0.76,58.88,895.23,44.4
19-Sept-20,Z78NJ853A,100,84.46,1,0.03,21.78,5836.8,1.93
19-Sept-20,Z78RI661A,100,226.71,0,0.27,2.47,6.4,74.2
19-Sept-20,Z78RY069B,100,130.53,1,0.21,10.42,93.31,69.8
19-Sept-20,Z78NJ720A,100,58.78,7,0.26,178.72,2938.88,144.1
19-Sept-20,Z78RI794B,100,300.16,2,0.06,25.38,382.92,189.3
19-Sept-20,Z78MD977C,100,70696.96,8,0.77,56.78,344.25,214.2
19-Sept-20,Z78NJ746B,100,202.03,1,0.02,76.62,1310.72,14.7
19-Sept-20,Z78NJ626C,100,221.79,1,0,49.98,817.1,10.9
20-Sept-20,Z78NJ853B,100,51.72,2,0.04,33.05,1341.44,9.9
20-Sept-20,Z78JD823B,100,80.55,9,0.07,262.92,5591.04,19.6
20-Sept-20,Z78RI674A,100,160.05,4,0.02,92.29,1638.4,67
20-Sept-20,Z78NJ853C,100,147.53,1,0.05,4.64,171.17,87.9
20-Sept-20,Z78RI674B,100,72.09,2,0.15,35.89,1146.88,48.6
20-Sept-20,Z78JD823A,100,99.7,6,0.14,148.77,2611.2,35.7
20-Sept-20,Z78RI674C,100,167.29,1,0.3,4.72,47.79,56.2
20-Sept-20,Z78NJ720C,100,52.84,34,0.11,825.5,12226.56,22.1
20-Sept-20,Z78NJ720B,100,81.58,2,3.7,126.07,146.1,48.1
20-Sept-20,Z78RY069A,100,167.05,1,0.04,7.76,2713.6,6.87
20-Sept-20,Z78RI794A,100,81.76,4,0.21,59.46,797.12,64
20-Sept-20,Z78NJ350C,100,95.93,4,0.23,73.79,977.95,24.6
20-Sept-20,Z78NJ853A,100,94.86,1,0.06,9.01,89.04,8
20-Sept-20,Z78RI661A,100,254.53,0,0.08,1.84,338.83,4.9
20-Sept-20,Z78RY069B,100,309.97,1,0.19,11.74,121.68,164.5
20-Sept-20,Z78NJ720A,100,62.98,9,0.12,192.86,1822.72,153.2
20-Sept-20,Z78RI794B,100,459.46,2,0.02,62.27,728.61,829.5
20-Sept-20,Z78MD977C,100,53954.56,9,0.45,40.61,595,235.4
20-Sept-20,Z78NJ746B,100,117.95,1,0.02,36.16,884.65,25.1
20-Sept-20,Z78NJ626C,100,94.13,1,0.02,13.64,345.84,1.6
21-Sept-20,Z78NJ853B,100,67.92,2,0.01,48.81,1218.56,10.3
21-Sept-20,Z78JD823B,100,71.85,9,0.33,226.03,5836.8,19.6
21-Sept-20,Z78RI674A,100,240.37,4,0.01,118.5,4065.28,1.39
21-Sept-20,Z78NJ853C,100,220.13,1,0.02,12.56,563.63,76.3
21-Sept-20,Z78RI674B,100,267.59,2,0.06,36.35,902.62,292.9
21-Sept-20,Z78JD823A,100,76.57,5,0.16,99.52,968.9,18.3
21-Sept-20,Z78RI674C,100,249.67,1,0.06,10.11,148.41,256.9
21-Sept-20,Z78NJ720C,100,52.41,35,0.13,844.87,14059.52,51.3
21-Sept-20,Z78NJ720B,100,100.14,1,5.06,25.51,18.44,16.7
21-Sept-20,Z78RY069A,100,137.53,1,1.43,5.25,39.13,139.3
21-Sept-20,Z78RI794A,100,177.65,4,0.15,77.97,790.44,207.8
21-Sept-20,Z78NJ350C,100,108.27,4,0.18,66.08,508.84,24.2
21-Sept-20,Z78NJ853A,100,66.27,1,1.29,11.95,173.09,26.7
21-Sept-20,Z78RI661A,100,227.05,0,1.42,1.97,20.17,678.3
21-Sept-20,Z78RY069B,100,341.83,1,0.05,19.29,147.16,63.2
21-Sept-20,Z78NJ720A,100,55.33,9,0.2,166.46,1443.84,87.6
21-Sept-20,Z78RI794B,100,280.24,3,0.01,72.33,1136.64,2.18
21-Sept-20,Z78MD977C,100,72488.96,9,1.17,47.18,522.07,197.5
21-Sept-20,Z78NJ746B,100,139.08,1,0.05,18.33,339.44,26.2
21-Sept-20,Z78NJ626C,100,74.18,1,0.05,12.73,309.11,1
22-Sept-20,Z78NJ853B,100,77.81,2,0.02,56.23,1484.8,30.9
22-Sept-20,Z78JD823B,100,83.14,8,0.08,207.84,4802.56,5.4
22-Sept-20,Z78RI674A,100,411.34,3,0.01,61.84,1873.92,4.97
22-Sept-20,Z78NJ853C,100,239.96,1,0.02,23.96,268.5,64.8
22-Sept-20,Z78RI674B,100,245.92,2,0.03,39.67,1177.6,364.3
22-Sept-20,Z78JD823A,100,54.82,5,0.34,77.34,689.17,38.8
22-Sept-20,Z78RI674C,100,253.32,1,0.25,5.31,22.41,665.5
22-Sept-20,Z78NJ720C,100,49.84,35,0.44,771.46,11161.6,24.1
22-Sept-20,Z78NJ720B,100,83.48,1,3.04,17.01,22.22,19.2
22-Sept-20,Z78RY069A,100,123.11,1,2.84,3.76,18.1,206.6
22-Sept-20,Z78RI794A,100,73.61,3,0.21,52.62,681.51,52.6
22-Sept-20,Z78NJ350C,100,88.57,3,0.25,54.47,523.68,30.2
22-Sept-20,Z78NJ853A,100,88.06,1,0.34,8.43,78.93,17.7
22-Sept-20,Z78RI661A,100,111.9,0,0.12,1.61,115.02,3.79
22-Sept-20,Z78RY069B,100,297.26,1,0.13,9.66,59.78,1.18
22-Sept-20,Z78NJ720A,100,65.53,8,0.13,152.45,4608,168
22-Sept-20,Z78RI794B,100,273.32,3,0.01,73.54,992.77,182.1
22-Sept-20,Z78MD977C,100,95211.52,7,0.5,57.88,368.76,222.9
22-Sept-20,Z78NJ746B,100,131.44,1,0.05,31.09,495.4,21.6
22-Sept-20,Z78NJ626C,100,60.3,1,0.01,13.93,383.04,1
23-Sept-20,Z78NJ853B,100,125.49,2,0,23.56,356.77,2
23-Sept-20,Z78JD823B,100,68.2,8,0.13,196.82,3604.48,12.2
23-Sept-20,Z78RI674A,100,324.54,2,0,58.3,1167.36,460
23-Sept-20,Z78NJ853C,100,198.65,1,0.32,7.73,256.64,63.4
23-Sept-20,Z78RI674B,100,159.98,2,0.04,49.45,999.53,199.3
23-Sept-20,Z78JD823A,100,102.69,4,0.07,219.86,2355.2,27.9
23-Sept-20,Z78RI674C,100,169.38,1,0.3,6.18,19.92,115.8
23-Sept-20,Z78NJ720C,100,49.46,34,0.13,809.68,12175.36,34.4
23-Sept-20,Z78NJ720B,100,85.23,1,2.52,20.24,14.14,15.5
23-Sept-20,Z78RY069A,99.67,131.1,1,0.43,4.33,23.08,919.5
23-Sept-20,Z78RI794A,100,51.24,4,0.25,58.81,1095.68,58.2
23-Sept-20,Z78NJ350C,100,118.65,4,0.24,71.33,531.45,22.2
23-Sept-20,Z78NJ853A,100,116.13,0,0.56,5.99,10.54,5.8
23-Sept-20,Z78RI661A,100,226.33,0,0.02,4.91,31.22,259.7
23-Sept-20,Z78RY069B,99.67,407.24,1,0.43,12.89,123.17,854.5
23-Sept-20,Z78NJ720A,100,56.52,7,0.21,177.89,3532.8,63
23-Sept-20,Z78RI794B,100,49,2,0.04,44.3,652.8,79
23-Sept-20,Z78MD977C,100,145059.84,7,0.48,73.31,172.35,210.5
23-Sept-20,Z78NJ746B,100,114.84,0,0,8.92,210.62,84.6
23-Sept-20,Z78NJ626C,100,77.94,1,0,25.44,750.87,16.5
24-Sept-20,Z78NJ853B,100,94.07,2,0.09,23.57,324.57,1.2
24-Sept-20,Z78JD823B,100,99.64,7,0.06,206.8,3471.36,12.9
24-Sept-20,Z78RI674A,100,343.02,4,0,85.79,2201.6,4.27
24-Sept-20,Z78NJ853C,100,74.98,1,0.4,3.71,78.87,22.9
24-Sept-20,Z78RI674B,100,168.59,2,0.02,38.5,1064.96,817.5
24-Sept-20,Z78JD823A,100,128.19,4,0.04,192.74,2549.76,14.8
24-Sept-20,Z78RI674C,100,76.15,1,0.19,3,22.87,432.9
24-Sept-20,Z78NJ720C,100,57.66,33,0.15,703.08,10721.28,24.9
24-Sept-20,Z78NJ720B,100,55.22,2,3.47,18.12,19.26,24.5
24-Sept-20,Z78RY069A,100,102.14,1,0.31,8.39,60.27,578.8
24-Sept-20,Z78RI794A,100,58.7,3,0.04,42.99,1269.76,223.3
24-Sept-20,Z78NJ350C,100,132.59,2,0.37,23.33,242.2,15.2
24-Sept-20,Z78NJ853A,100,107.24,1,0.35,11.97,123.03,4.6
24-Sept-20,Z78RI661A,100,214.18,0,0.08,4.4,15.85,152.4
24-Sept-20,Z78RY069B,100,271.54,1,0.16,10.62,110.97,202.3
24-Sept-20,Z78NJ720A,100,50.79,8,0.21,181.54,1832.96,36.2
24-Sept-20,Z78RI794B,100,119.75,3,0.02,42.4,599.5,231.4
24-Sept-20,Z78MD977C,100,71004.16,7,0.39,57.95,257.18,192.1
24-Sept-20,Z78NJ746B,100,88.31,0,0.01,16.6,413.8,59.4
24-Sept-20,Z78NJ626C,100,64.82,1,0.01,19.5,402.82,1.3
25-Sept-20,Z78NJ853B,100,94.33,2,0.02,13.33,205.38,6.4
25-Sept-20,Z78JD823B,100,68.21,8,0.06,269.28,4608,63
25-Sept-20,Z78RI674A,100,289.66,4,0.03,62.88,1341.44,278.3
25-Sept-20,Z78NJ853C,100,117.01,1,0.04,10.72,151.13,5.9
25-Sept-20,Z78RI674B,100,260.07,2,0.05,37.42,720.71,323.8
25-Sept-20,Z78JD823A,100,75.32,4,0.09,116.75,2232.32,60.5
25-Sept-20,Z78RI674C,100,182.44,1,0.12,3.38,39.84,367.2
25-Sept-20,Z78NJ720C,100,56.16,32,0.1,709.56,10752,23.4
25-Sept-20,Z78NJ720B,100,58.14,1,8.58,21.74,26.01,42.5
25-Sept-20,Z78RY069A,99.63,111.74,1,0.29,6.03,447.43,10.37
25-Sept-20,Z78RI794A,100,135.34,3,0.14,33.1,494.82,43.5
25-Sept-20,Z78NJ350C,100,125.55,2,0.76,16.75,207.95,45.5
25-Sept-20,Z78NJ853A,100,92.83,1,0.04,5.12,51.47,1.3
25-Sept-20,Z78RI661A,100,230.29,0,0.89,1.36,5.56,100.2
25-Sept-20,Z78RY069B,99.63,224.54,1,0.65,4.62,66.38,1.17
25-Sept-20,Z78NJ720A,100,50.32,9,0.91,239.64,1812.48,47.7
25-Sept-20,Z78RI794B,100,271.06,2,0.01,56.69,761.75,95
25-Sept-20,Z78MD977C,100,152565.76,8,0.24,68.36,345.48,230.1
25-Sept-20,Z78NJ746B,100,96.72,1,0.03,43.98,931.78,15.2
25-Sept-20,Z78NJ626C,100,72.72,1,0,20.76,434.2,1.4
26-Sept-20,Z78NJ853B,100,210.39,2,0.01,12.88,205.95,6.4
26-Sept-20,Z78JD823B,99.86,115.29,8,0.13,236.42,4229.12,81.7
26-Sept-20,Z78RI674A,100,279.04,4,0.01,86.6,1423.36,801.3
26-Sept-20,Z78NJ853C,100,234.03,1,0,20.35,407.53,178.9
26-Sept-20,Z78RI674B,100,268.56,2,0.45,19.26,617.58,2.53
26-Sept-20,Z78JD823A,99.86,196.61,4,0.1,115.49,2754.56,1.49
26-Sept-20,Z78RI674C,100,395.53,1,0.09,6.24,64.27,2.65
26-Sept-20,Z78NJ720C,100,73.28,32,0.06,783.43,11714.56,124.3
26-Sept-20,Z78NJ720B,100,111.71,1,0.12,17.5,117.5,24.5
26-Sept-20,Z78RY069A,100,469.71,1,0.16,55.88,5345.28,42.09
26-Sept-20,Z78RI794A,100,128.69,3,0.16,47.78,549.69,389.1
26-Sept-20,Z78NJ350C,100,122.21,3,0.18,34.55,400.08,69.1
26-Sept-20,Z78NJ853A,100,238.59,1,0.01,9.46,318,460.2
26-Sept-20,Z78RI661A,100,260.42,0,0.03,6.29,32.32,136.2
26-Sept-20,Z78RY069B,100,573.78,0,0.01,34.19,3348.48,51.82
26-Sept-20,Z78NJ720A,100,56.53,7,0.13,204.62,3266.56,268.9
26-Sept-20,Z78RI794B,100,379.05,4,0,78.83,1187.84,68.9
26-Sept-20,Z78MD977C,100,98191.36,7,0.28,72.2,181.34,218.1
26-Sept-20,Z78NJ746B,99.88,257.88,1,0.02,37.59,956.93,273
26-Sept-20,Z78NJ626C,100,174.66,1,0,20.27,340.07,1.1
27-Sept-20,Z78NJ853B,100,221.8,2,0.03,46.68,1607.68,71.6
27-Sept-20,Z78JD823B,100,168.31,9,0.08,286.23,6748.16,346.7
27-Sept-20,Z78RI674A,100,393.12,4,0.02,53.43,913.4,4.28
27-Sept-20,Z78NJ853C,100,325.13,1,0.02,7.97,179.04,1.53
27-Sept-20,Z78RI674B,100,319.55,2,0.04,19.65,780.38,2.24
27-Sept-20,Z78JD823A,100,185.21,4,0.05,128.51,1955.84,313.3
27-Sept-20,Z78RI674C,100,275.18,1,0.58,3.4,30.07,425.8
27-Sept-20,Z78NJ720C,100,82.72,35,0.07,968.73,13557.76,81.6
27-Sept-20,Z78NJ720B,100,98.25,1,0.22,25.51,365.24,63.8
27-Sept-20,Z78RY069A,100,389.41,1,0.11,2.91,77.46,10
27-Sept-20,Z78RI794A,100,75.36,3,0.3,33.49,452.7,36.9
27-Sept-20,Z78NJ350C,100,303.18,2,0.09,19.79,203.51,1.29
27-Sept-20,Z78NJ853A,100,194.18,1,0.02,6.62,184.07,689.5
27-Sept-20,Z78RI661A,100,104.45,0,0.02,1.99,133.42,7.96
27-Sept-20,Z78RY069B,100,373.57,1,0.07,9.53,73.04,4.15
27-Sept-20,Z78NJ720A,100,134.97,8,0.08,219.84,3010.56,144.2
27-Sept-20,Z78RI794B,100,478.31,3,0,65.6,955.59,360.9
27-Sept-20,Z78MD977C,100,89978.88,8,0.45,49.45,247.04,152.8
27-Sept-20,Z78NJ746B,100,301.29,0,0.02,7.28,161.84,5.45
27-Sept-20,Z78NJ626C,100,100.8,1,0.01,12.02,279.66,442.9
28-Sept-20,Z78NJ853B,100,161.37,2,0.27,51.37,1044.48,120.5
28-Sept-20,Z78JD823B,100,81.23,10,0.12,259.3,5918.72,135.3
28-Sept-20,Z78RI674A,100,388.74,3,0.02,66.33,1239.04,3
28-Sept-20,Z78NJ853C,100,343.51,1,0.01,6.73,125.14,64.8
28-Sept-20,Z78RI674B,100,251.29,2,6.89,26.47,837.15,1.46
28-Sept-20,Z78JD823A,100,232.02,4,0.08,111.71,3082.24,1.2
28-Sept-20,Z78RI674C,100,407.75,1,0.11,3.3,26.93,1.63
28-Sept-20,Z78NJ720C,100,103.64,34,0.03,862.55,13608.96,205.6
28-Sept-20,Z78NJ720B,100,209.58,2,0.06,59.32,917.42,33.4
28-Sept-20,Z78RY069A,100,229.03,0,0.4,4.58,15.9,841.7
28-Sept-20,Z78RI794A,100,77.95,4,0.17,45.17,1187.84,799.8
28-Sept-20,Z78NJ350C,100,309.16,2,0.05,25.1,338.32,904.2
28-Sept-20,Z78NJ853A,100,577.98,0,0.03,4.28,77.14,1.76
28-Sept-20,Z78RI661A,100,259.09,0,0.04,4.2,151.7,180.3
28-Sept-20,Z78RY069B,100,442.94,1,0.27,13.87,68.72,129.4
28-Sept-20,Z78NJ720A,100,146.19,9,0.14,255.75,3768.32,236.8
28-Sept-20,Z78RI794B,100,320.6,4,0.03,76.08,2088.96,1.54
28-Sept-20,Z78MD977C,100,89047.04,7,0.78,47.63,122.44,127.5
28-Sept-20,Z78NJ746B,100,349.6,1,0,121.26,1351.68,129.6
28-Sept-20,Z78NJ626C,100,232.91,1,0,21.67,444.24,44.96
29-Sept-20,Z78NJ853B,100,369.91,1,0.03,35.16,674.69,448.5
29-Sept-20,Z78JD823B,100,93.95,10,0.08,287.1,6041.6,118.7
29-Sept-20,Z78RI674A,100,310.98,4,0.04,69.23,1075.2,968
29-Sept-20,Z78NJ853C,100,312.38,1,0.01,10.36,502.94,13.94
29-Sept-20,Z78RI674B,100,216.36,3,0.08,23.61,541.94,346.9
29-Sept-20,Z78JD823A,100,233.92,4,0.03,165.15,2693.12,793.8
29-Sept-20,Z78RI674C,100,273.51,1,0.34,4.4,17.46,414
29-Sept-20,Z78NJ720C,100,99.33,33,0.05,946.45,15687.68,252.9
29-Sept-20,Z78NJ720B,100,299.37,3,0.05,62.14,817.23,167.2
29-Sept-20,Z78RY069A,100,116.72,0,0.91,2.4,104.81,9.58
29-Sept-20,Z78RI794A,100,132.86,3,0.29,35.15,303.32,73.6
29-Sept-20,Z78NJ350C,100,236.3,2,2.7,54.17,113.36,601.4
29-Sept-20,Z78NJ853A,100,119.65,1,0.06,14.74,604.74,332.3
29-Sept-20,Z78RI661A,100,156.3,1,0,4.05,370.62,4.15
29-Sept-20,Z78RY069B,100,347.73,1,0.43,13.04,132.29,4.66
29-Sept-20,Z78NJ720A,100,183.28,8,0.07,187.04,3041.28,111.5
29-Sept-20,Z78RI794B,100,344.68,3,0.02,80.69,1710.08,202
29-Sept-20,Z78MD977C,99.58,102051.84,7,0.45,46.73,208.98,150
29-Sept-20,Z78NJ746B,100,277.38,1,0.05,77.74,1843.2,971.6
29-Sept-20,Z78NJ626C,100,120.17,1,0.01,34.59,588.43,114.3
30-Sept-20,Z78NJ853B,100,68.8,1,0.09,13.99,260.4,59.1
30-Sept-20,Z78JD823B,100,196.68,10,0.07,288.57,6103.04,191.5
30-Sept-20,Z78RI674A,100,314.8,4,0.03,106.78,1832.96,2
30-Sept-20,Z78NJ853C,100,344.39,1,0.02,17.41,347.06,706.7
30-Sept-20,Z78RI674B,100,271.98,3,0.03,62.31,1187.84,577.8
30-Sept-20,Z78JD823A,100,187.46,6,0.04,111.21,2467.84,1.31
30-Sept-20,Z78RI674C,100,386.02,1,0.13,4.09,78.04,948.8
30-Sept-20,Z78NJ720C,100,87.44,33,0.03,826.47,12288,163.2
30-Sept-20,Z78NJ720B,100,306.85,2,0.09,41.44,717.69,66.7
30-Sept-20,Z78RY069A,100,111.86,0,0.87,1.91,11.07,412.7
30-Sept-20,Z78RI794A,100,146.82,4,0.33,39.07,461.39,24.1
30-Sept-20,Z78NJ350C,100,242.32,3,0.88,48.66,592.41,265.7
30-Sept-20,Z78NJ853A,100,198.89,1,0.04,15.15,74.6,212.9
30-Sept-20,Z78RI661A,100,163.98,1,0.02,2.48,114.78,269.3
30-Sept-20,Z78RY069B,100,348.84,1,0.07,9.83,89.97,437.3
30-Sept-20,Z78NJ720A,100,47.8,8,0.25,201.28,3604.48,258.9
30-Sept-20,Z78RI794B,100,179.68,3,0.1,59.42,1689.6,308.5
30-Sept-20,Z78MD977C,98.9,95877.12,9,0.93,49.64,587.74,168.3
30-Sept-20,Z78NJ746B,100,189.76,2,0.04,53.49,911.27,1.16
30-Sept-20,Z78NJ626C,100,211.77,2,0.02,54.32,1044.48,78.4
01-Oct-20,Z78NJ853B,100,323.8,1,0.01,15.39,308.84,243.8
01-Oct-20,Z78JD823B,100,123.98,10,0.17,215.35,4986.88,1.62
01-Oct-20,Z78RI674A,100,417.25,4,0.01,130.53,2058.24,1.78
01-Oct-20,Z78NJ853C,100,278.49,1,0.01,12.09,279.02,5.81
01-Oct-20,Z78RI674B,100,277.77,2,0.02,46.77,863.93,1.17
01-Oct-20,Z78JD823A,100,91.2,5,0.02,149.96,2488.32,317.6
01-Oct-20,Z78RI674C,100,312.3,0,0.16,2.53,95.54,9.1
01-Oct-20,Z78NJ720C,100,69.8,31,0.07,792.61,11397.12,227.5
01-Oct-20,Z78NJ720B,100,214.51,0,0.24,6.53,59.26,328.8
01-Oct-20,Z78RY069A,100,662.96,0,0.03,9.8,647.82,52.49
01-Oct-20,Z78RI794A,100,70.1,3,0.34,61.52,517.4,64.9
01-Oct-20,Z78NJ350C,100,41.66,2,0.4,67.29,173.3,121.4
01-Oct-20,Z78NJ853A,100,379.54,1,0.01,13.17,721.6,12.32
01-Oct-20,Z78RI661A,100,155.84,1,0,5.74,296.25,407.5
01-Oct-20,Z78RY069B,100,608.62,1,0.01,12.38,269.83,2.69
01-Oct-20,Z78NJ720A,100,103.51,7,0.66,209.29,1116.16,66.1
01-Oct-20,Z78RI794B,100,223.83,3,0.03,87.09,1474.56,235
01-Oct-20,Z78MD977C,99.43,101857.28,8,0.47,52.67,89.63,109.5
01-Oct-20,Z78NJ746B,100,303.71,0,0.03,9.88,199.75,348.5
01-Oct-20,Z78NJ626C,100,320.55,2,0.05,58.12,618.81,587.8
02-Oct-20,Z78NJ853B,100,185.2,1,0.02,6.87,81.11,140
02-Oct-20,Z78JD823B,100,162.13,9,0.16,245.64,4188.16,301.9
02-Oct-20,Z78RI674A,100,489.4,5,0.01,118.44,2273.28,517.9
02-Oct-20,Z78NJ853C,100,84.25,0,0.05,622.1,126.45,142.2
02-Oct-20,Z78RI674B,100,160.7,2,0.05,42.59,1085.44,163
02-Oct-20,Z78JD823A,100,142.9,5,0.02,166.88,10987.52,4.23
02-Oct-20,Z78RI674C,100,363.99,1,0.21,5.61,17.54,127.1
02-Oct-20,Z78NJ720C,100,69.68,29,0.06,743.51,13486.08,577.8
02-Oct-20,Z78NJ720B,100,172.99,1,1.79,72.85,428.93,378.5
02-Oct-20,Z78RY069A,100,176.78,1,0.54,5.5,51.94,566
02-Oct-20,Z78RI794A,100,86.21,4,0.12,59.26,456.97,25.9
02-Oct-20,Z78NJ350C,100,72.22,3,0.22,54.73,225.67,310.2
02-Oct-20,Z78NJ853A,100,319.23,1,0.11,18.84,32.02,701.1
02-Oct-20,Z78RI661A,100,117.73,0,0.03,360.85,18.1,3.46
02-Oct-20,Z78RY069B,100,390.88,1,0.05,10.01,108.7,72.2
02-Oct-20,Z78NJ720A,100,90.65,9,0.46,329.49,3706.88,165.4
02-Oct-20,Z78RI794B,100,224.35,2,0,45.28,1914.88,1.07
02-Oct-20,Z78MD977C,100,89077.76,7,0.65,60.82,314.44,180.1
02-Oct-20,Z78NJ746B,100,306.35,1,0.02,54.95,552.78,6.41
02-Oct-20,Z78NJ626C,100,228.94,1,0.07,27.58,697.97,977.3
03-Oct-20,Z78NJ853B,100,377.29,1,0.09,22.73,265.23,2.17
03-Oct-20,Z78JD823B,100,134.19,10,0.08,321.76,4710.4,189.2
03-Oct-20,Z78RI674A,100,407.28,6,0.01,137.03,2836.48,543.2
03-Oct-20,Z78NJ853C,100,220.65,0,0.01,567.51,104.92,13.08
03-Oct-20,Z78RI674B,100,216.76,3,0.01,46.27,927.67,1.06
03-Oct-20,Z78JD823A,100,178.23,4,0.05,89.38,1576.96,1.17
03-Oct-20,Z78RI674C,100,240.41,1,0.08,4.55,33.39,105.4
03-Oct-20,Z78NJ720C,100,78.45,33,0.08,894.98,17920,456.5
03-Oct-20,Z78NJ720B,100,164.52,1,0.12,16.73,60.4,149.6
03-Oct-20,Z78RY069A,100,127.96,1,0.34,2.71,17.56,157.7
03-Oct-20,Z78RI794A,100,52.16,3,0.22,45.02,351.83,78
03-Oct-20,Z78NJ350C,100,211.2,3,0.19,56.6,521.22,941.8
03-Oct-20,Z78NJ853A,100,270.39,0,0,1.93,166.94,1.29
03-Oct-20,Z78RI661A,100,167.91,0,0.01,3.72,110.96,1.12
03-Oct-20,Z78RY069B,100,389.88,1,0.12,9.45,112.87,629.7
03-Oct-20,Z78NJ720A,100,110.45,9,0.06,315.65,3123.2,315.3
03-Oct-20,Z78RI794B,100,113.69,3,0.02,53.85,1669.12,187.5
03-Oct-20,Z78MD977C,100,72232.96,6,0.39,59.87,280.8,195.4
03-Oct-20,Z78NJ746B,100,378.32,2,0.1,60.16,618.59,392.7
03-Oct-20,Z78NJ626C,100,142.12,2,0.08,26.79,543.31,141.3
04-Oct-20,Z78NJ853B,100,56.23,2,0.07,31.11,1259.52,67.9
04-Oct-20,Z78JD823B,100,116.57,10,0.17,226.12,7854.08,754.1
04-Oct-20,Z78RI674A,100,391.28,5,0,101.61,2805.76,609
04-Oct-20,Z78NJ853C,100,161.93,0,0.06,1.61,33.55,2.58
04-Oct-20,Z78RI674B,100,128.1,2,0.02,26.3,596.46,302.1
04-Oct-20,Z78JD823A,100,236.74,4,0.23,151.28,2447.36,1.08
04-Oct-20,Z78RI674C,100,275.9,1,0.12,5.94,51.91,368.8
04-Oct-20,Z78NJ720C,100,67.78,33,0.96,843.17,16291.84,412.7
04-Oct-20,Z78NJ720B,100,101.8,2,0.18,32.41,246.71,61.9
04-Oct-20,Z78RY069A,100,141.58,1,0.99,4.23,25.68,1.18
04-Oct-20,Z78RI794A,100,55.59,4,0.22,57.83,520.88,170.1
04-Oct-20,Z78NJ350C,100,153.34,3,0.06,57.76,793.36,275.8
04-Oct-20,Z78NJ853A,100,261.56,0,0.01,1.27,65.29,327.2
04-Oct-20,Z78RI661A,100,149.83,0,0.01,2.99,125.7,390.3
04-Oct-20,Z78RY069B,100,238.46,1,0.36,12.63,109.28,66.8
04-Oct-20,Z78NJ720A,100,111.95,9,0.13,289.14,2703.36,135.2
04-Oct-20,Z78RI794B,100,118.31,3,0.06,70.46,2365.44,178
04-Oct-20,Z78MD977C,100,69652.48,7,0.55,51.77,322.24,170
04-Oct-20,Z78NJ746B,100,343.42,1,0.26,62.1,1454.08,3.18
04-Oct-20,Z78NJ626C,100,195.42,1,0.01,17.15,387.58,80.4
05-Oct-20,Z78NJ853B,100,201.97,2,0.02,38.97,1054.72,103.4
05-Oct-20,Z78JD823B,100,143.15,10,0.08,276.15,14499.84,2.07
05-Oct-20,Z78RI674A,100,224.65,5,0,128.17,4055.04,1.38
05-Oct-20,Z78NJ853C,100,103.23,0,0.06,1.88,47.85,949.2
05-Oct-20,Z78RI674B,100,352.78,3,0.06,24.81,393.26,219.1
05-Oct-20,Z78JD823A,100,264.6,4,0.08,60.95,709.65,280.7
05-Oct-20,Z78RI674C,100,213.92,1,0.17,3.46,24.9,104.5
05-Oct-20,Z78NJ720C,100,87.97,30,0.03,767.38,12666.88,380.2
05-Oct-20,Z78NJ720B,100,97.28,3,0.55,80.42,977.68,100.8
05-Oct-20,Z78RY069A,99.47,93.86,1,0.5,4.49,18.84,274.9
05-Oct-20,Z78RI794A,100,81.75,4,0.7,74.84,693.84,136.3
05-Oct-20,Z78NJ350C,100,237.82,3,0.1,53.55,791.64,1.56
05-Oct-20,Z78NJ853A,100,293.51,0,0.07,995.32,34.87,539.4
05-Oct-20,Z78RI661A,100,169.8,1,0.01,6.09,134.4,1.89
05-Oct-20,Z78RY069B,99.47,360.06,1,0.03,13.32,111.27,215.3
05-Oct-20,Z78NJ720A,100,126.6,9,0.3,197.05,1740.8,104.6
05-Oct-20,Z78RI794B,100,304.54,3,0.01,54.66,2129.92,1.27
05-Oct-20,Z78MD977C,76.84,49571.84,8,0.57,43.68,237.4,156.5
05-Oct-20,Z78NJ746B,100,187.44,2,0.04,29.24,578.56,167.1
05-Oct-20,Z78NJ626C,100,214.16,1,0,67.43,1116.16,37.3
06-Oct-20,Z78NJ853B,100,227.19,3,0.07,38.68,937.73,61.3
06-Oct-20,Z78JD823B,100,142.2,11,0.17,376.12,10065.92,631.2
06-Oct-20,Z78RI674A,100,225.43,4,0,123.45,2867.2,1.74
06-Oct-20,Z78NJ853C,100,200.98,0,0.08,2.72,167.42,1.45
06-Oct-20,Z78RI674B,100,344.72,2,0.04,37.16,861.68,1.04
06-Oct-20,Z78JD823A,100,170.24,5,0.12,96.48,1812.48,415.3
06-Oct-20,Z78RI674C,100,330.24,1,0.06,9.64,69.23,2.32
06-Oct-20,Z78NJ720C,100,69.9,36,0.28,822.73,13250.56,190.9
06-Oct-20,Z78NJ720B,100,197.62,1,0.27,17.67,264.21,537.9
06-Oct-20,Z78RY069A,99.62,160.03,1,0.82,4.21,23.68,437.1
06-Oct-20,Z78RI794A,100,51.24,3,0.18,44.31,345.54,203.8
06-Oct-20,Z78NJ350C,100,239.06,3,0.14,64.32,1034.24,274.7
06-Oct-20,Z78NJ853A,100,355.76,0,0.26,595.67,10.12,169.8
06-Oct-20,Z78RI661A,100,138.84,1,0.07,4.39,212.89,630.9
06-Oct-20,Z78RY069B,99.62,302.83,1,0.03,12.92,103.74,34.6
06-Oct-20,Z78NJ720A,100,106.16,8,0.28,209.94,3072,115.7
06-Oct-20,Z78RI794B,100,176.82,3,0.03,70.18,1873.92,565.5
06-Oct-20,Z78MD977C,99.24,71198.72,8,1.52,47.9,375.13,233.6
06-Oct-20,Z78NJ746B,100,284.81,2,0.02,117.49,1587.2,800.6
06-Oct-20,Z78NJ626C,100,209.77,1,0.01,16.01,380.15,54.1
07-Oct-20,Z78NJ853B,100,129.87,3,0.17,39.47,872,146.2
07-Oct-20,Z78JD823B,100,154.32,11,0.51,368.05,13864.96,1.36
07-Oct-20,Z78RI674A,100,273.85,4,0.01,107.87,2181.12,1.38
07-Oct-20,Z78NJ853C,100,161.34,0,0.22,3.19,41,315.7
07-Oct-20,Z78RI674B,100,293.67,2,0.04,28.15,598.35,1.24
07-Oct-20,Z78JD823A,100,192.21,5,0.2,84.25,1249.28,493.7
07-Oct-20,Z78RI674C,100,329.73,1,0.09,4.68,41.02,4.98
07-Oct-20,Z78NJ720C,100,92.73,31,0.05,852.16,15790.08,388.1
07-Oct-20,Z78NJ720B,100,158.57,2,0.4,21.85,81.7,46
07-Oct-20,Z78RY069A,100,124.47,1,0.68,4.87,19.45,1.92
07-Oct-20,Z78RI794A,100,43.92,4,1.2,76.67,248.76,70.2
07-Oct-20,Z78NJ350C,100,67.63,3,0.32,76.73,869.35,544.4
07-Oct-20,Z78NJ853A,100,172.78,0,2.04,1.21,37.27,92.5
07-Oct-20,Z78RI661A,100,263.86,1,0.01,6.52,144.99,643.2
07-Oct-20,Z78RY069B,100,349,1,0.07,11.28,82.68,507.6
07-Oct-20,Z78NJ720A,100,92.6,9,0.13,243.66,3942.4,217.8
07-Oct-20,Z78RI794B,100,106.42,3,0.05,44.54,1010.52,171.4
07-Oct-20,Z78MD977C,100,96870.4,7,0.58,50.8,672.31,250.6
07-Oct-20,Z78NJ746B,100,271.84,1,0.02,50.68,876.31,603.6
07-Oct-20,Z78NJ626C,100,181.2,1,0.01,18.2,359.3,53.2
08-Oct-20,Z78NJ853B,100,295.57,3,0.02,51.85,996.21,81.8
08-Oct-20,Z78JD823B,100,64.57,12,0.23,348.95,8181.76,485.2
08-Oct-20,Z78RI674A,100,277.85,4,0.02,74.78,1761.28,1.46
08-Oct-20,Z78NJ853C,100,209.2,1,0.91,5.8,101.04,562.2
08-Oct-20,Z78RI674B,100,284.42,2,0.05,12.87,284.81,1.28
08-Oct-20,Z78JD823A,100,128.91,5,0.1,139.03,1454.08,404.3
08-Oct-20,Z78RI674C,100,274.77,1,0.26,9.74,79.96,109
08-Oct-20,Z78NJ720C,100,42.39,31,0.29,804.13,10598.4,95.4
08-Oct-20,Z78NJ720B,100,125.1,1,0.17,21.73,165.9,31.2
08-Oct-20,Z78RY069A,100,170.75,1,0.22,5.31,90.47,8.36
08-Oct-20,Z78RI794A,100,63.86,4,0.23,76.2,501.67,42.4
08-Oct-20,Z78NJ350C,100,244.56,3,0.21,95.96,1464.32,1.16
08-Oct-20,Z78NJ853A,100,117.24,0,0.22,1.51,277.37,2.73
08-Oct-20,Z78RI661A,100,176.83,1,0.01,8.51,201.75,484.9
08-Oct-20,Z78RY069B,100,259.8,1,0.41,8.73,75.79,454.2
08-Oct-20,Z78NJ720A,100,86.67,9,0.41,321.16,4014.08,253.3
08-Oct-20,Z78RI794B,100,137.91,3,0.01,60.85,1177.6,797.2
08-Oct-20,Z78MD977C,100,104478.72,9,0.16,58.13,777.36,297.3
08-Oct-20,Z78NJ746B,100,253.87,1,0.21,28.36,887.24,403.1
08-Oct-20,Z78NJ626C,100,51.68,1,0.04,11.69,291.27,27.7
09-Oct-20,Z78NJ853B,100,393.28,2,0.03,16.81,218.15,385.3
09-Oct-20,Z78JD823B,100,58.6,12,0.25,297.06,7116.8,316.3
09-Oct-20,Z78RI674A,100,318.16,5,0.01,95.75,1443.84,592.3
09-Oct-20,Z78NJ853C,100,168.93,1,0.1,3.06,90.65,474.2
09-Oct-20,Z78RI674B,100,254.87,2,0.03,26.12,832.36,249.2
09-Oct-20,Z78JD823A,100,124.57,6,0.35,186.95,2058.24,553.9
09-Oct-20,Z78RI674C,100,294.33,1,0.1,11.33,66.53,255.3
09-Oct-20,Z78NJ720C,100,114.71,30,0.06,847.63,10577.92,257.3
09-Oct-20,Z78NJ720B,100,128.94,2,0.73,35.52,138.52,59.3
09-Oct-20,Z78RY069A,100,109.78,0,0.39,2.35,56.39,8.49
09-Oct-20,Z78RI794A,100,159.83,4,0.32,57.05,325.97,143.7
09-Oct-20,Z78NJ350C,100,221.54,3,0.13,66.52,951.29,1.39
09-Oct-20,Z78NJ853A,100,120.3,0,1.42,638.8,11.81,53.5
09-Oct-20,Z78RI661A,100,166.08,0,0.07,2.09,34.7,64.3
09-Oct-20,Z78RY069B,100,254.28,1,0.2,12.57,146.38,456.6
09-Oct-20,Z78NJ720A,100,111.8,9,0.03,235.87,3225.6,125.4
09-Oct-20,Z78RI794B,100,187.38,3,0.08,56.65,1413.12,629.6
09-Oct-20,Z78MD977C,100,110499.84,7,0.4,61.34,388.95,240.4
09-Oct-20,Z78NJ746B,100,160.95,2,0.05,38.92,1515.52,781.3
09-Oct-20,Z78NJ626C,81.67,145.06,1,0.16,61.12,603.4,236.8
10-Oct-20,Z78NJ853B,100,264.84,2,0.04,24.73,341.61,625.7
10-Oct-20,Z78JD823B,100,173.06,9,0.13,267.46,6768.64,350.2
10-Oct-20,Z78RI674A,100,294.49,4,0.01,112.2,11786.24,21.56
10-Oct-20,Z78NJ853C,100,163.54,1,0.1,6.34,133.61,594.1
10-Oct-20,Z78RI674B,100,196.88,2,0.09,35.46,636.17,336.1
10-Oct-20,Z78JD823A,100,196.69,7,0.07,175.28,3604.48,805.5
10-Oct-20,Z78RI674C,100,241.46,1,0.11,15.72,38.78,73.4
10-Oct-20,Z78NJ720C,100,77.75,34,0.17,1.003,12912.64,177.8
10-Oct-20,Z78NJ720B,100,80.44,5,0.31,126.76,2088.96,62.6
10-Oct-20,Z78RY069A,100,100.37,1,0.36,3.29,24.31,1.92
10-Oct-20,Z78RI794A,100,322.1,3,0.04,42.94,444.51,192.1
10-Oct-20,Z78NJ350C,100,243.74,3,0.06,62.24,558.28,786.5
10-Oct-20,Z78NJ853A,100,550.39,0,0.09,13.36,1382.4,6.77
10-Oct-20,Z78RI661A,100,160.5,1,0.01,9.45,235.69,209.3
10-Oct-20,Z78RY069B,100,287.1,1,0.36,14.7,135.13,1.34
10-Oct-20,Z78NJ720A,100,96.3,9,0.79,221.99,3174.4,207.2
10-Oct-20,Z78RI794B,100,258.72,3,0.02,56.71,990.27,757.4
10-Oct-20,Z78MD977C,100,80547.84,7,0.17,64.01,428.15,238
10-Oct-20,Z78NJ746B,100,166.66,2,0.02,44.39,963.51,712.4
10-Oct-20,Z78NJ626C,100,183.8,1,0.01,73.27,873.39,159.3
11-Oct-20,Z78NJ853B,100,105.11,3,0.04,39.01,1198.08,66.9
11-Oct-20,Z78JD823B,100,109.81,11,0.16,447.26,11253.76,647.7
11-Oct-20,Z78RI674A,100,418.78,4,0,161.77,16179.2,19.95
11-Oct-20,Z78NJ853C,100,212.73,1,0.05,7.54,260.64,3.5
11-Oct-20,Z78RI674B,100,117.69,2,0.29,24.62,847.42,712.2
11-Oct-20,Z78JD823A,100,165.07,6,0.06,156.61,2754.56,792.8
11-Oct-20,Z78RI674C,100,314.38,1,0.3,8.04,29.15,1.68
11-Oct-20,Z78NJ720C,100,69.02,33,0.3,927.65,12759.04,97.4
11-Oct-20,Z78NJ720B,100,96.42,4,0.12,110.34,1812.48,55.1
11-Oct-20,Z78RY069A,100,117.3,1,0.21,2.96,26.05,125.9
11-Oct-20,Z78RI794A,100,284.91,2,0.09,25.82,313.5,215.5
11-Oct-20,Z78NJ350C,100,108.51,4,0.1,88.94,547.01,204.7
11-Oct-20,Z78NJ853A,100,81.99,0,0.51,3.49,1064.96,102.4
11-Oct-20,Z78RI661A,100,134.85,1,0.01,6.14,139.8,792.6
11-Oct-20,Z78RY069B,100,302.67,1,0.72,21.38,260.42,155.6
11-Oct-20,Z78NJ720A,100,41.78,8,0.49,159.37,2355.2,132
11-Oct-20,Z78RI794B,100,37.19,5,0.08,98.28,3399.68,3.61
11-Oct-20,Z78MD977C,100,63703.04,7,0.27,45.18,343.68,186
11-Oct-20,Z78NJ746B,100,273.72,2,0.02,69.92,1105.92,137
11-Oct-20,Z78NJ626C,100,99.19,1,0.02,19.93,543.6,613
12-Oct-20,Z78NJ853B,100,128.18,2,0.03,49.89,865.5,57.1
12-Oct-20,Z78JD823B,100,148.33,10,0.1,342.65,8007.68,461.5
12-Oct-20,Z78RI674A,100,188.97,4,0.03,109.92,4024.32,1.02
12-Oct-20,Z78NJ853C,100,159.14,1,0.14,3.23,90.45,638.1
12-Oct-20,Z78RI674B,100,151.9,2,0.08,17.35,437.57,269.4
12-Oct-20,Z78JD823A,100,134.81,6,0.02,202.25,2580.48,226.8
12-Oct-20,Z78RI674C,100,143.51,1,0.14,11.93,27.8,109.7
12-Oct-20,Z78NJ720C,100,30.72,38,0.28,842.63,13721.6,92.5
12-Oct-20,Z78NJ720B,100,50.54,4,0.44,110.71,1894.4,55.4
12-Oct-20,Z78RY069A,100,111.34,1,0.48,6.82,138.32,10.55
12-Oct-20,Z78RI794A,100,336.41,3,0.11,33.52,379.49,220.6
12-Oct-20,Z78NJ350C,100,183.16,4,0.14,84.98,837.2,485
12-Oct-20,Z78NJ853A,100,82.19,0,1.5,2.16,131.11,119.6
12-Oct-20,Z78RI661A,100,186.16,1,0.02,14.54,114.13,292.1
12-Oct-20,Z78RY069B,100,342.87,1,0.56,18.32,178.53,1.32
12-Oct-20,Z78NJ720A,100,64.49,10,0.98,187.49,2805.76,112.6
12-Oct-20,Z78RI794B,100,216.81,5,0.05,113.28,2048,899.3
12-Oct-20,Z78MD977C,100,79861.76,7,0.18,46.31,494.38,230.5
12-Oct-20,Z78NJ746B,100,206.4,2,0.09,53.89,1126.4,454
12-Oct-20,Z78NJ626C,100,81.05,1,0.03,36.98,560.93,435.3
13-Oct-20,Z78NJ853B,100,163.11,3,0.03,59.58,1095.68,52
13-Oct-20,Z78JD823B,100,149.51,11,0.06,356.72,7086.08,385.6
13-Oct-20,Z78RI674A,99.47,332.99,4,0.03,123.74,5836.8,4.08
13-Oct-20,Z78NJ853C,100,216.89,1,0.24,3.16,144.69,430.5
13-Oct-20,Z78RI674B,99.47,274.43,3,0.02,46.63,1904.64,291.6
13-Oct-20,Z78JD823A,100,151.16,7,0.04,189.65,4536.32,1.13
13-Oct-20,Z78RI674C,99.47,349.46,1,0.1,7.73,26.31,22
13-Oct-20,Z78NJ720C,100,51.83,32,0.19,896.49,12718.08,177.9
13-Oct-20,Z78NJ720B,100,78.09,4,0.76,112.37,1361.92,35.6
13-Oct-20,Z78RY069A,100,168.23,1,2.66,4.53,17.08,637.3
13-Oct-20,Z78RI794A,99.99,354.55,2,0.09,32.72,412.54,395
13-Oct-20,Z78NJ350C,100,223.64,3,0.08,85.03,522.18,150
13-Oct-20,Z78NJ853A,100,110.64,0,0.35,315.85,15.57,55.2
13-Oct-20,Z78RI661A,100,124.3,1,0.05,9.47,140.44,420.5
13-Oct-20,Z78RY069B,100,351.57,1,0.05,19.94,134.87,477.9
13-Oct-20,Z78NJ720A,100,72.5,9,0.5,195.99,2949.12,175.2
13-Oct-20,Z78RI794B,99.99,107.61,5,0.32,107.88,1607.68,782.9
13-Oct-20,Z78MD977C,100,75212.8,7,0.31,46.73,827.47,276
13-Oct-20,Z78NJ746B,100,200.83,1,0.02,40.29,1361.92,4.64
13-Oct-20,Z78NJ626C,100,93.1,1,0.01,27.23,524.52,173.5
14-Oct-20,Z78NJ853B,100,180.33,3,0.01,61.49,1054.72,41.2
14-Oct-20,Z78JD823B,100,180.75,11,0.1,427.12,9123.84,586.7
14-Oct-20,Z78RI674A,100,364.59,4,0.01,100.64,4874.24,5.11
14-Oct-20,Z78NJ853C,100,195.16,1,0.13,3.44,67.42,560.9
14-Oct-20,Z78RI674B,100,183.47,3,0.06,104.18,1536,201.1
14-Oct-20,Z78JD823A,100,126.28,6,0.07,161.71,3553.28,663.7
14-Oct-20,Z78RI674C,100,232.03,2,0.16,14.44,48.01,71.1
14-Oct-20,Z78NJ720C,100,50,38,0.21,1.124,16517.12,160.1
14-Oct-20,Z78NJ720B,100,83.74,4,0.66,88.52,1648.64,51.5
14-Oct-20,Z78RY069A,100,147.49,1,0.57,6.06,17.06,118.2
14-Oct-20,Z78RI794A,100,347.2,2,0.02,31.77,559.68,184.9
14-Oct-20,Z78NJ350C,100,224.18,3,0.09,91.77,990.58,360.1
14-Oct-20,Z78NJ853A,100,54.84,0,0.16,335.6,24.7,1.09
14-Oct-20,Z78RI661A,100,195.24,1,0.03,21.23,334.02,427
14-Oct-20,Z78RY069B,100,316.34,1,0.13,15.22,93.17,82.5
14-Oct-20,Z78NJ720A,100,75.43,11,0.28,301.81,3993.6,107.3
14-Oct-20,Z78RI794B,100,92.08,5,0.02,108.55,2508.8,1.65
14-Oct-20,Z78MD977C,100,76318.72,8,0.63,52.72,312.69,242
14-Oct-20,Z78NJ746B,100,240.91,2,0.02,108.23,1914.88,137.3
14-Oct-20,Z78NJ626C,100,54.26,1,0.01,20.83,441.88,53.8
15-Oct-20,Z78NJ853B,100,395.53,3,0,101.13,1402.88,510.1
15-Oct-20,Z78JD823B,100,121.3,9,0.15,226.99,4198.4,135.3
15-Oct-20,Z78RI674A,100,322.77,4,0.04,78.6,2375.68,986.8
15-Oct-20,Z78NJ853C,100,280.06,2,0.46,35.03,153.52,370.5
15-Oct-20,Z78RI674B,100,370.8,3,0.02,49.71,1361.92,4.61
15-Oct-20,Z78JD823A,100,95.01,7,0.01,337.18,7536.64,934.1
15-Oct-20,Z78RI674C,100,317.11,2,0.32,13.71,113.38,66.2
15-Oct-20,Z78NJ720C,100,51.77,39,0.29,940.66,17121.28,179
15-Oct-20,Z78NJ720B,100,67.46,4,0.78,113.39,1648.64,40.4
15-Oct-20,Z78RY069A,100,105.35,1,5.65,3.71,31.74,67.1
15-Oct-20,Z78RI794A,100,101.01,3,0.02,56.28,1064.96,175.2
15-Oct-20,Z78NJ350C,100,202.13,3,0.15,55.05,407.51,430.1
15-Oct-20,Z78NJ853A,100,215.63,0,0.16,3.33,91.59,136.3
15-Oct-20,Z78RI661A,100,59.69,1,0.45,10.14,265.72,71.6
15-Oct-20,Z78RY069B,100,41.76,0,0.23,5.94,131.22,81.9
15-Oct-20,Z78NJ720A,100,42.06,10,0.55,256.2,3358.72,77
15-Oct-20,Z78RI794B,100,72.51,5,0.05,124.48,2641.92,671.8
15-Oct-20,Z78MD977C,100,73902.08,8,0.24,47.2,607.7,261.3
15-Oct-20,Z78NJ746B,100,250.16,2,0.04,90.63,3092.48,376.6
15-Oct-20,Z78NJ626C,100,209.95,1,0,30.3,629.64,3.15
16-Oct-20,Z78NJ853B,100,398.49,3,0.02,22.27,340.58,1.55
16-Oct-20,Z78JD823B,100,72.53,10,0.2,271.52,10270.72,1.16
16-Oct-20,Z78RI674A,100,379.26,7,0.01,141.05,2580.48,1.41
16-Oct-20,Z78NJ853C,100,301.72,2,0.06,19.08,409.87,1.58
16-Oct-20,Z78RI674B,100,220.28,3,0.03,60.13,1290.24,2.21
16-Oct-20,Z78JD823A,100,54.2,6,0.06,139.26,2385.92,374.9
16-Oct-20,Z78RI674C,100,283.77,2,2.06,14.19,95.22,104.6
16-Oct-20,Z78NJ720C,100,51.71,36,0.19,783.88,12851.2,238.9
16-Oct-20,Z78NJ720B,100,48.79,3,2.49,60.51,769.8,43.9
16-Oct-20,Z78RY069A,100,90.49,1,0.97,8.03,158.23,32.1
16-Oct-20,Z78RI794A,100,269.97,3,0.12,57.81,991.35,186.3
16-Oct-20,Z78NJ350C,100,217.85,4,0.06,66.02,934.38,181.9
16-Oct-20,Z78NJ853A,100,420.19,0,0.44,2.27,48.57,477
16-Oct-20,Z78RI661A,100,69.28,1,0.44,1.28,28.29,320
16-Oct-20,Z78RY069B,100,133.45,1,0.08,9.79,108.02,202.9
16-Oct-20,Z78NJ720A,100,63.47,10,0.24,274.57,4024.32,113.1
16-Oct-20,Z78RI794B,100,152.36,5,0.01,100.92,1986.56,495.6
16-Oct-20,Z78MD977C,100,62310.4,7,0.14,56.33,378.53,251.3
16-Oct-20,Z78NJ746B,100,230.37,1,0.13,14.1,345.23,679.1
16-Oct-20,Z78NJ626C,100,132.51,2,0.01,37.46,1116.16,323.1
17-Oct-20,Z78NJ853B,100,338.64,3,0.04,25.4,355.46,1.48
17-Oct-20,Z78JD823B,100,214.79,8,0.22,276.05,5273.6,508.3
17-Oct-20,Z78RI674A,100,247.67,6,0.02,103.94,2058.24,591.4
17-Oct-20,Z78NJ853C,100,325.89,1,0.04,6.35,535.92,8
17-Oct-20,Z78RI674B,100,152.87,3,1.4,28.44,866.21,442.2
17-Oct-20,Z78JD823A,100,180.03,7,0.04,197.68,6645.76,2.24
17-Oct-20,Z78RI674C,100,358.96,2,0.33,13.45,94.76,106.1
17-Oct-20,Z78NJ720C,100,26.73,40,0.32,971.74,15872,193.3
17-Oct-20,Z78NJ720B,100,50.56,2,4.61,35.87,589.22,69
17-Oct-20,Z78RY069A,100,110.25,1,0.76,7.61,37.49,53.8
17-Oct-20,Z78RI794A,100,310.74,3,0.04,50.02,544.05,59.6
17-Oct-20,Z78NJ350C,100,221.06,3,0.24,62.94,436.61,76.8
17-Oct-20,Z78NJ853A,100,213.89,0,0.15,2.44,44.49,486.6
17-Oct-20,Z78RI661A,100,182.63,1,0.01,9.5,244.03,403.1
17-Oct-20,Z78RY069B,100,352.72,1,0.57,15.92,77.01,1.1
17-Oct-20,Z78NJ720A,100,80.51,11,0.33,323.72,5591.04,132.4
17-Oct-20,Z78RI794B,100,231.78,4,0.01,85.34,1822.72,1.14
17-Oct-20,Z78MD977C,100,65228.8,8,0.23,55.33,430.58,234.8
17-Oct-20,Z78NJ746B,100,299.01,2,0.02,50.27,1218.56,817.9
17-Oct-20,Z78NJ626C,100,96.78,2,0.8,35.6,685.55,71.3
18-Oct-20,Z78NJ853B,100,206.71,3,0.02,47.14,1423.36,6.36
18-Oct-20,Z78JD823B,100,139.47,9,0.21,376.85,7413.76,383.7
18-Oct-20,Z78RI674A,100,244.1,5,0.01,186.69,2775.04,539.3
18-Oct-20,Z78NJ853C,100,148.81,1,0.38,2.03,173.36,442.4
18-Oct-20,Z78RI674B,100,243.27,3,0.02,34.76,1617.92,4.1
18-Oct-20,Z78JD823A,100,178.65,8,0.02,177.54,3205.12,399.5
18-Oct-20,Z78RI674C,100,363.7,1,1.43,8.81,22.3,141.4
18-Oct-20,Z78NJ720C,99.65,46.89,43,0.69,1.19,17940.48,126.5
18-Oct-20,Z78NJ720B,100,50.75,3,0.21,70.79,1085.44,66.7
18-Oct-20,Z78RY069A,100,117.72,1,1.97,6.19,106.78,115.7
18-Oct-20,Z78RI794A,100,338.53,3,0.02,37.82,418.49,81.7
18-Oct-20,Z78NJ350C,100,169.06,3,0.15,68.52,429.32,118.2
18-Oct-20,Z78NJ853A,100,127.47,1,0.4,4.68,307.45,713.8
18-Oct-20,Z78RI661A,100,185.63,1,0.02,4.7,472.28,1.39
18-Oct-20,Z78RY069B,100,235.02,1,0.22,12.2,29.7,171.6
18-Oct-20,Z78NJ720A,100,76.97,11,0.45,222.19,3522.56,89.2
18-Oct-20,Z78RI794B,100,357.22,5,0.01,94.31,1822.72,1.23
18-Oct-20,Z78MD977C,100,50903.04,6,0.45,44.34,346.67,214.7
18-Oct-20,Z78NJ746B,100,152.16,1,0.07,18.1,455.8,271.1
18-Oct-20,Z78NJ626C,100,71.56,2,0.12,29.27,606.35,233.4
19-Oct-20,Z78NJ853B,100,254.44,3,0.15,35.32,863.3,911.2
19-Oct-20,Z78JD823B,100,144.15,11,0.23,336.61,10823.68,353.7
19-Oct-20,Z78RI674A,100,282.5,5,0.01,127.12,2529.28,1.96
19-Oct-20,Z78NJ853C,100,113.54,1,0.24,3.78,132.78,890.1
19-Oct-20,Z78RI674B,100,86.46,3,0.08,39.86,2058.24,562.7
19-Oct-20,Z78JD823A,100,132.24,8,0.08,184.46,2631.68,201.5
19-Oct-20,Z78RI674C,100,395.79,2,0.06,12.34,71.78,24.9
19-Oct-20,Z78NJ720C,100,44.73,45,0.6,1.205,17029.12,118.3
19-Oct-20,Z78NJ720B,100,93.63,4,0.57,108.13,1372.16,43.5
19-Oct-20,Z78RY069A,100,111.76,1,0.11,9.31,127.93,26.5
19-Oct-20,Z78RI794A,100,310.81,3,0.03,58.14,369.77,120.6
19-Oct-20,Z78NJ350C,100,149.87,3,0.09,84.94,740.92,112.8
19-Oct-20,Z78NJ853A,100,171.75,0,19.45,2.31,28.86,19.6
19-Oct-20,Z78RI661A,100,147.04,1,0.02,7.48,232.72,402.3
19-Oct-20,Z78RY069B,100,341.54,1,0.19,19.87,36.29,174.3
19-Oct-20,Z78NJ720A,100,42.1,10,0.14,205.91,2498.56,56.6
19-Oct-20,Z78RI794B,100,92.35,5,0.01,119.42,4597.76,2.51
19-Oct-20,Z78MD977C,100,85811.2,7,0.62,43.96,268.03,183.6
19-Oct-20,Z78NJ746B,100,193.26,1,0.06,19.43,558.63,2.1
19-Oct-20,Z78NJ626C,100,167.96,2,0.01,32.13,460.25,189.4
20-Oct-20,Z78NJ853B,100,243.31,3,0.11,40.3,916.27,545.4
20-Oct-20,Z78JD823B,100,173.19,10,0.11,280.6,9379.84,1.28
20-Oct-20,Z78RI674A,100,214.74,5,0.01,127.08,1935.36,255.8
20-Oct-20,Z78NJ853C,100,217.33,1,0.16,15.56,199.92,210.3
20-Oct-20,Z78RI674B,100,311.64,4,0.15,42.4,1361.92,1.01
20-Oct-20,Z78JD823A,100,172.96,9,0.02,251.55,4823.04,739.7
20-Oct-20,Z78RI674C,100,360.98,2,0.03,15.41,323.09,584.3
20-Oct-20,Z78NJ720C,98.01,43.71,44,0.27,1.128,15564.8,92.3
20-Oct-20,Z78NJ720B,98.01,88.27,5,1.18,108.37,1495.04,52.9
20-Oct-20,Z78RY069A,97.32,139.95,1,0.51,4.92,28.98,64
20-Oct-20,Z78RI794A,100,316.62,3,0.02,39.76,411.49,65.1
20-Oct-20,Z78NJ350C,100,200.59,3,0.12,54.49,734.53,301.1
20-Oct-20,Z78NJ853A,100,146.9,0,4.15,1.67,24.07,129.1
20-Oct-20,Z78RI661A,100,200.82,1,0.01,5.67,282.62,684.9
20-Oct-20,Z78RY069B,97.32,230.45,1,0.18,14.79,48.78,62.1
20-Oct-20,Z78NJ720A,98.01,71.73,9,0.27,198.62,3573.76,126.2
20-Oct-20,Z78RI794B,100,315.19,6,0.01,138.14,2826.24,647.7
20-Oct-20,Z78MD977C,100,59658.24,7,0.69,48.7,218.11,178.6
20-Oct-20,Z78NJ746B,100,299.49,1,0.04,24.3,853.62,6.29
20-Oct-20,Z78NJ626C,100,179.17,2,0.01,34.77,567.41,124.4
21-Oct-20,Z78NJ853B,100,269.63,2,0.1,23.42,787.53,261.5
21-Oct-20,Z78JD823B,100,162.93,10,0.03,343.01,9021.44,515.7
21-Oct-20,Z78RI674A,100,200.31,5,0.03,122.03,2488.32,252.5
21-Oct-20,Z78NJ853C,100,234.57,2,0.31,15.21,155.93,308.3
21-Oct-20,Z78RI674B,100,354.79,3,0.08,25.31,1034.24,570.5
21-Oct-20,Z78JD823A,100,137.95,9,0.02,281.43,7065.6,1.68
21-Oct-20,Z78RI674C,100,372.55,1,0.12,8.23,42.57,361.9
21-Oct-20,Z78NJ720C,100,33.67,42,0.55,1.113,17418.24,126.8
21-Oct-20,Z78NJ720B,100,84.46,4,0.7,100.16,2037.76,70.7
21-Oct-20,Z78RY069A,100,110.33,1,1.39,4.58,19.14,46.8
21-Oct-20,Z78RI794A,100,297.9,3,0.04,35.74,438.54,79.6
21-Oct-20,Z78NJ350C,100,203.49,4,0.19,78.56,1126.4,127.6
21-Oct-20,Z78NJ853A,100,111.33,0,16.72,2.23,17.78,17.9
21-Oct-20,Z78RI661A,100,131.8,0,0.01,4.75,124.49,679.9
21-Oct-20,Z78RY069B,100,269.69,1,0.14,6.05,66.28,771.2
21-Oct-20,Z78NJ720A,100,69.94,9,0.63,205.03,3082.24,73.7
21-Oct-20,Z78RI794B,100,104.67,6,0.07,102.39,2068.48,220.6
21-Oct-20,Z78MD977C,100,85288.96,6,0.44,43.08,344.34,197.2
21-Oct-20,Z78NJ746B,100,249.75,2,0.02,74.71,1249.28,198.4
21-Oct-20,Z78NJ626C,100,48.86,3,0.06,48.1,490.1,104
22-Oct-20,Z78NJ853B,100,144.2,3,0.01,30.04,938.39,102
22-Oct-20,Z78JD823B,100,160.57,10,0.07,284.41,6328.32,212.3
22-Oct-20,Z78RI674A,100,284.27,4,0.02,67.99,1259.52,1.75
22-Oct-20,Z78NJ853C,100,231.14,2,0.41,18.83,134.31,171.5
22-Oct-20,Z78RI674B,100,261.31,2,0.08,28.01,985.01,571.7
22-Oct-20,Z78JD823A,100,151.85,7,0.11,220.7,4771.84,345
22-Oct-20,Z78RI674C,100,212.55,1,0.13,7.33,40.59,512.7
22-Oct-20,Z78NJ720C,100,33.38,47,0.69,1.035,19742.72,171.1
22-Oct-20,Z78NJ720B,100,103.6,4,0.25,108.69,2109.44,86.5
22-Oct-20,Z78RY069A,100,124.91,1,0.18,5.72,141.52,1.38
22-Oct-20,Z78RI794A,100,270.34,2,0.11,45.13,664.84,121.9
22-Oct-20,Z78NJ350C,100,122.11,3,0.13,61.29,743.2,112.4
22-Oct-20,Z78NJ853A,100,158.61,1,0.15,2.55,108.16,900.3
22-Oct-20,Z78RI661A,100,145.55,1,0.1,8.14,56.7,392.6
22-Oct-20,Z78RY069B,100,296.25,1,0.38,10.33,53.84,28.9
22-Oct-20,Z78NJ720A,100,79.71,11,0.34,278.15,4259.84,155.5
22-Oct-20,Z78RI794B,100,313.94,6,0.02,107.8,2068.48,655.8
22-Oct-20,Z78MD977C,100,65382.4,7,0.28,52.14,309.03,235.1
22-Oct-20,Z78NJ746B,100,283.57,1,0.02,73.76,660.34,186
22-Oct-20,Z78NJ626C,100,93.67,2,0.05,35.36,769.13,136.9
23-Oct-20,Z78NJ853B,100,294.2,3,0.02,19.85,391.26,2.96
23-Oct-20,Z78JD823B,100,245.02,9,0.09,272.26,4730.88,220.8
23-Oct-20,Z78RI674A,100,368.48,4,0.01,84.59,2938.88,3.7
23-Oct-20,Z78NJ853C,100,206.67,1,0.51,3.18,51.9,174.1
23-Oct-20,Z78RI674B,100,213.84,2,0.11,36.64,1402.88,987.8
23-Oct-20,Z78JD823A,100,156.87,7,0.06,153.12,2744.32,478.2
23-Oct-20,Z78RI674C,100,299.36,1,0.06,12.76,105.73,186.7
23-Oct-20,Z78NJ720C,100,42.65,45,0.2,1.064,28313.6,366.2
23-Oct-20,Z78NJ720B,100,66.05,5,0.7,113.57,1955.84,89.8
23-Oct-20,Z78RY069A,100,153.87,1,0.33,7.56,39.03,249.5
23-Oct-20,Z78RI794A,100,258.22,3,0.08,35.29,329.19,117.8
23-Oct-20,Z78NJ350C,100,202.84,3,0.1,55.74,640.59,155.6
23-Oct-20,Z78NJ853A,100,187.48,0,0.28,3.02,158.31,444.1
23-Oct-20,Z78RI661A,100,114.26,1,0.09,7.37,44.5,175.8
23-Oct-20,Z78RY069B,100,294.74,1,0.44,9.61,12.55,558.3
23-Oct-20,Z78NJ720A,100,119.09,11,0.44,271.03,7014.4,491.1
23-Oct-20,Z78RI794B,100,159.77,5,0.02,96.14,1873.92,630
23-Oct-20,Z78MD977C,100,50145.28,6,0.2,56.14,313.36,241
23-Oct-20,Z78NJ746B,100,202.22,1,0.03,28.7,485.72,325.9
23-Oct-20,Z78NJ626C,100,46.6,2,0.08,31.9,664.03,110.4
24-Oct-20,Z78NJ853B,100,327.29,3,0.02,30.4,357.04,1.58
24-Oct-20,Z78JD823B,100,149.94,10,0.13,344.36,8949.76,238
24-Oct-20,Z78RI674A,100,200.59,5,0.02,122.76,2334.72,873.4
24-Oct-20,Z78NJ853C,100,110.77,1,0.63,5.3,114.55,336.4
24-Oct-20,Z78RI674B,100,164.95,3,1.84,38.35,717.69,290.8
24-Oct-20,Z78JD823A,100,130.11,8,0.05,164.46,2631.68,80.6
24-Oct-20,Z78RI674C,100,242.08,2,0.16,15.15,126.45,783.5
24-Oct-20,Z78NJ720C,100,37.21,45,0.73,968.22,15349.76,154.1
24-Oct-20,Z78NJ720B,100,83.25,5,0.87,156.59,3328,105.1
24-Oct-20,Z78RY069A,100,167.35,1,0.52,9.42,60.99,203.6
24-Oct-20,Z78RI794A,100,254.21,3,0.12,45.43,272.99,106.8
24-Oct-20,Z78NJ350C,100,234.39,4,0.07,47.09,841.94,440.6
24-Oct-20,Z78NJ853A,100,177.39,0,0.52,3.67,68.15,228.9
24-Oct-20,Z78RI661A,100,177.42,0,0.05,5.32,240.42,331.7
24-Oct-20,Z78RY069B,100,144.63,1,0.59,9.61,34.84,63.9
24-Oct-20,Z78NJ720A,100,82.1,11,0.4,256.9,3747.84,121.9
24-Oct-20,Z78RI794B,100,273.81,5,0.02,98.41,1587.2,378.3
24-Oct-20,Z78MD977C,100,69826.56,6,0.2,53.55,96.1,185.4
24-Oct-20,Z78NJ746B,100,343.93,1,0.01,30.76,812.16,22.9
24-Oct-20,Z78NJ626C,100,310.17,2,0.01,178.66,1832.96,355.6
25-Oct-20,Z78NJ853B,100,195.31,3,0.01,37.57,1218.56,146.4
25-Oct-20,Z78JD823B,100,167.29,12,0.13,316.69,7106.56,312.5
25-Oct-20,Z78RI674A,100,346.43,4,0.03,119.05,2539.52,755.4
25-Oct-20,Z78NJ853C,100,84.13,1,0.13,6.32,118.69,731.7
25-Oct-20,Z78RI674B,100,228.53,2,0.13,39.94,588.45,135.1
25-Oct-20,Z78JD823A,100,171.12,8,0.02,228.71,9932.8,2.73
25-Oct-20,Z78RI674C,100,259.56,1,0.19,15.08,98.43,167.5
25-Oct-20,Z78NJ720C,100,57.52,42,0.58,1.04,18708.48,145.6
25-Oct-20,Z78NJ720B,100,82.28,4,1.26,91.52,1018.93,55
25-Oct-20,Z78RY069A,100,112.97,1,1.61,10.63,59.12,39.6
25-Oct-20,Z78RI794A,100,123.36,3,0.2,39.18,485.11,54
25-Oct-20,Z78NJ350C,100,156.09,3,0.17,66.71,646.09,87
25-Oct-20,Z78NJ853A,100,218.69,1,0.15,6.56,186.57,377.8
25-Oct-20,Z78RI661A,100,96.87,1,0.09,10,74.74,260.8
25-Oct-20,Z78RY069B,100,422.08,1,0.12,16.39,64.18,101.7
25-Oct-20,Z78NJ720A,100,70.34,12,0.19,241.81,6932.48,248.8
25-Oct-20,Z78RI794B,100,226.46,5,0.02,119.15,3993.6,1.71
25-Oct-20,Z78MD977C,100,86558.72,6,0.52,54.3,71.97,157.3
25-Oct-20,Z78NJ746B,100,132.51,1,0.09,44.86,519.56,960.4
25-Oct-20,Z78NJ626C,100,46.21,2,0.03,31.38,528.49,21.4
26-Oct-20,Z78NJ853B,99.94,252.74,3,0.09,31.48,1020.87,578.8
26-Oct-20,Z78JD823B,100,174.86,12,0.11,395.47,6912,166.6
26-Oct-20,Z78RI674A,100,395.45,4,0.01,107.39,2457.6,1.28
26-Oct-20,Z78NJ853C,99.94,114.69,0,0.6,2.26,71.73,311.8
26-Oct-20,Z78RI674B,100,192.55,2,0.14,31.84,990.92,1.01
26-Oct-20,Z78JD823A,100,206.64,8,0.02,238.45,4106.24,173.5
26-Oct-20,Z78RI674C,100,176.54,2,0.12,11.61,103.26,190.3
26-Oct-20,Z78NJ720C,97.85,51.37,45,0.9,1.113,17633.28,138.1
26-Oct-20,Z78NJ720B,97.91,33.79,4,1.3,62.9,833.31,74.1
26-Oct-20,Z78RY069A,100,184.63,2,0.35,16.7,163.97,84.9
26-Oct-20,Z78RI794A,100,280.19,2,0.02,53.66,474.17,193.5
26-Oct-20,Z78NJ350C,99.79,171.02,4,0.3,58.85,845.93,107.7
26-Oct-20,Z78NJ853A,99.94,100.31,1,1.01,5.51,260.59,736
26-Oct-20,Z78RI661A,100,124.48,1,0.13,4.63,187.46,368.3
26-Oct-20,Z78RY069B,100,276.55,1,0.7,7.89,13.44,120.4
26-Oct-20,Z78NJ720A,97.8,83.1,9,0.17,180.64,3328,97.5
26-Oct-20,Z78RI794B,100,288.07,5,0.01,134.57,2099.2,432.6
26-Oct-20,Z78MD977C,100,92815.36,9,0.79,55.18,200.41,177.7
26-Oct-20,Z78NJ746B,100,292.49,2,0.03,52.95,1126.4,612.6
26-Oct-20,Z78NJ626C,100,306.5,1,0.01,143.22,1320.96,316.5
27-Oct-20,Z78NJ853B,100,123.4,2,0.13,36.02,989.28,200.6
27-Oct-20,Z78JD823B,100,164.29,13,0.17,396.87,8284.16,310.8
27-Oct-20,Z78RI674A,100,405.29,4,0.03,77.15,1607.68,349.6
27-Oct-20,Z78NJ853C,100,146.87,1,0.14,6.81,102.9,743.1
27-Oct-20,Z78RI674B,100,301.12,3,0.07,31.98,793.27,350.4
27-Oct-20,Z78JD823A,100,215.45,6,0.02,223.76,3194.88,147.3
27-Oct-20,Z78RI674C,100,80.66,2,0.31,10.46,88.2,76.9
27-Oct-20,Z78NJ720C,99.76,53.8,41,0.67,941.3,17172.48,122.3
27-Oct-20,Z78NJ720B,99.85,80.41,4,0.63,91.52,793.05,60.2
27-Oct-20,Z78RY069A,100,161.6,2,1.01,9.95,98,484.9
27-Oct-20,Z78RI794A,100,208.52,2,0.08,47.82,359.28,67.4
27-Oct-20,Z78NJ350C,100,187.7,4,0.12,67.93,1433.6,667.9
27-Oct-20,Z78NJ853A,100,131.69,1,2.11,3.76,82.24,93.9
27-Oct-20,Z78RI661A,100,172.43,1,0.06,8.71,245.83,819.2
27-Oct-20,Z78RY069B,100,362.14,1,0.24,9.45,25.25,1.42
27-Oct-20,Z78NJ720A,99.76,119.41,10,0.1,389.14,7178.24,236.4
27-Oct-20,Z78RI794B,100,368.97,5,0.02,123.65,3696.64,1.65
27-Oct-20,Z78MD977C,71.03,58429.44,9,0.2,50.52,815.88,405.3
27-Oct-20,Z78NJ746B,100,240.12,1,0.05,17.68,679.04,3.53
27-Oct-20,Z78NJ626C,100,140.45,1,0.01,30.63,562.75,587.7
28-Oct-20,Z78NJ853B,100,357.08,3,0.08,96.67,1536,123
28-Oct-20,Z78JD823B,100,149.78,11,0.15,308.4,5365.76,117.9
28-Oct-20,Z78RI674A,100,404.76,5,0.03,88.24,1914.88,825.9
28-Oct-20,Z78NJ853C,100,180.23,1,0.03,7.03,297.24,2.18
28-Oct-20,Z78RI674B,100,310.3,4,0.03,61.12,1034.24,177.7
28-Oct-20,Z78JD823A,100,251.92,7,0.01,171.52,3215.36,162.7
28-Oct-20,Z78RI674C,100,247.22,1,0.05,7.55,57.4,468.6
28-Oct-20,Z78NJ720C,100,92,44,0.26,1.204,15923.2,114.8
28-Oct-20,Z78NJ720B,100,63.75,4,0.36,134.73,2181.12,80.7
28-Oct-20,Z78RY069A,100,304.07,2,0.96,19.97,144.99,272.7
28-Oct-20,Z78RI794A,100,120.71,2,0.14,44.28,395.16,275.8
28-Oct-20,Z78NJ350C,100,230.18,3,0.02,75.81,1464.32,696.6
28-Oct-20,Z78NJ853A,100,262.27,1,0.79,6.13,121.5,267.8
28-Oct-20,Z78RI661A,100,199.87,1,0.04,13.04,307.17,217.2
28-Oct-20,Z78RY069B,100,354.88,1,0.31,14.45,30.39,641.4
28-Oct-20,Z78NJ720A,100,98.37,10,0.21,234.23,4208.64,170.6
28-Oct-20,Z78RI794B,100,363.49,5,0.25,102.52,2007.04,602.4
28-Oct-20,Z78MD977C,89.52,85872.64,8,0.6,46.5,422.75,281.7
28-Oct-20,Z78NJ746B,100,97.01,1,0.05,23.89,505.74,933.6
28-Oct-20,Z78NJ626C,100,242.4,1,0.01,17,474.05,5.32
29-Oct-20,Z78NJ853B,100,414.1,3,0.01,111.42,1443.84,259.6
29-Oct-20,Z78JD823B,100,241.23,10,0.09,293.03,6615.04,199.1
29-Oct-20,Z78RI674A,100,108.79,5,0.09,108.6,1832.96,419
29-Oct-20,Z78NJ853C,100,244.07,1,0.03,13.41,1361.92,5.95
29-Oct-20,Z78RI674B,100,363.02,4,0.02,63.36,1587.2,374.1
29-Oct-20,Z78JD823A,100,161.25,8,0.02,240.04,4741.12,156.6
29-Oct-20,Z78RI674C,100,277.45,2,0.08,16.32,490.65,2.01
29-Oct-20,Z78NJ720C,100,64.43,42,0.78,1.033,17377.28,129.2
29-Oct-20,Z78NJ720B,100,111.82,3,0.07,99.99,1822.72,75.9
29-Oct-20,Z78RY069A,100,208.39,2,0.27,19.48,320.5,370
29-Oct-20,Z78RI794A,100,305.55,3,0.04,58.02,518.64,123.3
29-Oct-20,Z78NJ350C,100,120.56,3,0.02,91.54,1894.4,676.6
29-Oct-20,Z78NJ853A,100,228.04,1,0.03,6.59,192.19,160.4
29-Oct-20,Z78RI661A,100,210.15,2,0.03,42.55,512.93,751.8
29-Oct-20,Z78RY069B,100,415.65,1,0.09,22.82,150.28,1.05
29-Oct-20,Z78NJ720A,100,91.05,10,0.62,246.68,4495.36,178.1
29-Oct-20,Z78RI794B,100,359.67,5,0.04,110.92,3082.24,1.28
29-Oct-20,Z78MD977C,100,76840.96,8,0.77,43.97,736.55,337.4
29-Oct-20,Z78NJ746B,100,293.57,2,0.01,28.04,799.62,1.08
29-Oct-20,Z78NJ626C,100,259.14,1,0.02,16.59,479.55,2.89
30-Oct-20,Z78NJ853B,100,276.44,3,0.01,23.04,410.97,183.4
30-Oct-20,Z78JD823B,100,224.92,10,0.1,229.61,4597.76,204.1
30-Oct-20,Z78RI674A,100,351.26,6,0.04,136.34,3676.16,954.7
30-Oct-20,Z78NJ853C,100,284.8,1,0.12,9.84,336.3,1.05
30-Oct-20,Z78RI674B,100,297.04,4,0.18,68.13,1863.68,347.5
30-Oct-20,Z78JD823A,100,163.42,7,0.01,229.12,5089.28,539
30-Oct-20,Z78RI674C,100,280.79,2,0.31,13.19,117.81,274
30-Oct-20,Z78NJ720C,100,66.51,40,0.54,968.85,13260.8,134.5
30-Oct-20,Z78NJ720B,100,73.79,4,0.23,74.71,1085.44,112.4
30-Oct-20,Z78RY069A,100,244.75,2,0.53,12.98,67.34,90.6
30-Oct-20,Z78RI794A,100,137.44,3,0.02,92.2,863.28,96.3
30-Oct-20,Z78NJ350C,100,198.11,4,0.04,72.97,2918.4,1.39
30-Oct-20,Z78NJ853A,100,118.22,0,0.15,2.89,24.28,85.4
30-Oct-20,Z78RI661A,100,249.57,2,0.01,48.39,704.58,786.8
30-Oct-20,Z78RY069B,100,615.37,1,0.12,6.47,114.06,3.21
30-Oct-20,Z78NJ720A,100,68.69,9,0.36,252.07,4638.72,480.8
30-Oct-20,Z78RI794B,100,377.6,4,1.63,94.94,1505.28,548.4
30-Oct-20,Z78MD977C,100,66375.68,6,0.44,62.12,99.71,217.8
30-Oct-20,Z78NJ746B,100,273.94,2,0.01,114.07,2652.16,936.2
30-Oct-20,Z78NJ626C,100,208.05,1,0.01,26.27,717.01,1.05
31-Oct-20,Z78NJ853B,100,446.73,2,0,25.73,502.98,358.7
31-Oct-20,Z78JD823B,100,205.62,10,0.1,271.87,6113.28,284.2
31-Oct-20,Z78RI674A,100,178.96,6,0.03,111.66,1955.84,249.5
31-Oct-20,Z78NJ853C,100,154.38,1,0.07,7.77,346.2,815.8
31-Oct-20,Z78RI674B,100,355.37,5,0.3,61.02,1054.72,334.5
31-Oct-20,Z78JD823A,100,206.53,8,0.05,237.5,4239.36,484.7
31-Oct-20,Z78RI674C,100,257.73,2,0.14,16.33,181.8,169
31-Oct-20,Z78NJ720C,100,92.65,45,0.36,1.241,16424.96,122.1
31-Oct-20,Z78NJ720B,100,155.59,3,0.06,34.71,283.67,303.2
31-Oct-20,Z78RY069A,100,266.57,2,0.62,15,93.08,192.1
31-Oct-20,Z78RI794A,100,212.92,3,0.03,81.19,1095.68,173.5
31-Oct-20,Z78NJ350C,100,192.94,4,0.05,97.48,1720.32,289.9
31-Oct-20,Z78NJ853A,100,242.68,0,0.02,8.23,112.76,675.5
31-Oct-20,Z78RI661A,100,145.49,1,0.04,16.93,284.96,257
31-Oct-20,Z78RY069B,100,419.75,1,0.8,14.2,32.34,125.7
31-Oct-20,Z78NJ720A,100,67.34,10,0.08,374.41,5754.88,311
31-Oct-20,Z78RI794B,100,290.04,4,0.04,119.56,2600.96,996.4
31-Oct-20,Z78MD977C,100,86456.32,7,0.43,59.71,198.37,237.8
31-Oct-20,Z78NJ746B,100,83.81,2,2.8,54.6,838.19,83.7
31-Oct-20,Z78NJ626C,100,129.63,2,0,49.4,1177.6,205.3
01-Nov-20,Z78NJ853B,100,284.93,2,0,46.8,1546.24,142.5
01-Nov-20,Z78JD823B,100,224.03,11,0.04,453.85,8796.16,371
01-Nov-20,Z78RI674A,100,296.42,5,0.04,94.8,1873.92,459.8
01-Nov-20,Z78NJ853C,100,79.04,1,0.04,17.56,337.46,320
01-Nov-20,Z78RI674B,100,294.08,4,0.12,34.73,1177.6,211.6
01-Nov-20,Z78JD823A,100,215.95,8,0.01,247.44,4945.92,121.9
01-Nov-20,Z78RI674C,100,311.7,2,0.2,10.41,117.86,429.4
01-Nov-20,Z78NJ720C,100,69.56,47,0.77,1.246,17899.52,106.4
01-Nov-20,Z78NJ720B,100,84.13,2,0.16,55.6,151.04,55.9
01-Nov-20,Z78RY069A,100,263.36,2,1.67,10.05,49.27,114.1
01-Nov-20,Z78RI794A,100,372.42,3,0.05,87.15,1177.6,154.3
01-Nov-20,Z78NJ350C,100,218.3,5,0.04,122.3,1525.76,160.8
01-Nov-20,Z78NJ853A,100,266.88,1,0.16,5.47,231.76,339.2
01-Nov-20,Z78RI661A,100,150.08,1,0.05,31.83,217.35,420.6
01-Nov-20,Z78RY069B,100,557.27,1,0.08,15.26,55.78,72
01-Nov-20,Z78NJ720A,100,87.04,9,0.04,212.49,4433.92,252.4
01-Nov-20,Z78RI794B,100,268.21,5,0.05,113.26,1884.16,502.3
01-Nov-20,Z78MD977C,100,73420.8,7,0.58,58.52,484.76,317.1
01-Nov-20,Z78NJ746B,100,232.1,1,0.01,17.32,1228.8,2.45
01-Nov-20,Z78NJ626C,99.86,199.95,1,0.01,70.5,1218.56,329.8
02-Nov-20,Z78NJ853B,100,173.86,2,0.11,40.44,1351.68,206
02-Nov-20,Z78JD823B,100,212.04,12,0.02,340.47,6952.96,274.4
02-Nov-20,Z78RI674A,100,369.17,6,0.01,153.55,5283.84,3.18
02-Nov-20,Z78NJ853C,100,105.75,1,0.29,20.79,202.12,65.9
02-Nov-20,Z78RI674B,100,235.49,4,0.1,46.8,1607.68,756.2
02-Nov-20,Z78JD823A,100,103.83,8,0.01,249.31,4413.44,191.4
02-Nov-20,Z78RI674C,100,216.67,1,0.62,25.65,226.01,441.8
02-Nov-20,Z78NJ720C,100,99.33,47,0.22,1.373,18001.92,133.2
02-Nov-20,Z78NJ720B,100,84.22,2,0.56,53.24,308.09,105.2
02-Nov-20,Z78RY069A,100,193.62,2,1.72,13.02,38.89,120.2
02-Nov-20,Z78RI794A,100,424.05,3,0.01,66.89,478.49,112.5
02-Nov-20,Z78NJ350C,100,128.85,5,0.17,118.14,2222.08,230.4
02-Nov-20,Z78NJ853A,100,228.25,1,1.04,5.66,186.15,96
02-Nov-20,Z78RI661A,100,223.86,1,0.1,9.65,296.82,1.18
02-Nov-20,Z78RY069B,100,544.06,1,0.09,18.36,56.35,41.4
02-Nov-20,Z78NJ720A,100,88.8,9,0.06,262.72,3338.24,185
02-Nov-20,Z78RI794B,100,256.22,6,0.06,158.46,2314.24,373.7
02-Nov-20,Z78MD977C,99.57,65894.4,9,0.4,48.66,1945.6,689.4
02-Nov-20,Z78NJ746B,100,313.38,1,0,30.4,1105.92,3.23
02-Nov-20,Z78NJ626C,100,267.6,1,0.01,50.86,674.2,3.09
03-Nov-20,Z78NJ853B,100,116.89,2,0.1,53.14,1177.6,96.1
03-Nov-20,Z78JD823B,100,247.94,11,0.03,313.55,5857.28,185.6
03-Nov-20,Z78RI674A,100,332.88,5,0.05,119.74,2560,1.61
03-Nov-20,Z78NJ853C,100,159.65,1,0.04,11.53,579.48,445.4
03-Nov-20,Z78RI674B,100,290.91,4,0.14,45.14,1034.24,325
03-Nov-20,Z78JD823A,100,198.51,9,0,266.17,5734.4,119.2
03-Nov-20,Z78RI674C,100,313.48,2,0.26,13.11,91.34,135.6
03-Nov-20,Z78NJ720C,100,95.66,46,0.09,1.495,19322.88,128.1
03-Nov-20,Z78NJ720B,100,46.53,2,0.13,41.8,276.9,42.9
03-Nov-20,Z78RY069A,100,183.21,2,0.53,14.19,62.9,244.7
03-Nov-20,Z78RI794A,100,269.98,3,0.02,48.77,533.69,111
03-Nov-20,Z78NJ350C,100,230.52,4,0.04,133.15,3932.16,990.4
03-Nov-20,Z78NJ853A,100,146.35,1,0.81,4.34,313.61,52.9
03-Nov-20,Z78RI661A,100,120.44,1,0.07,14.97,278.17,184.3
03-Nov-20,Z78RY069B,100,482.75,1,0.11,19.86,150.17,141.3
03-Nov-20,Z78NJ720A,100,54.59,8,0.05,206.53,4782.08,235.8
03-Nov-20,Z78RI794B,100,294.69,6,0.03,163.65,2734.08,783.2
03-Nov-20,Z78MD977C,100,74536.96,7,1.22,49.16,1556.48,471.8
03-Nov-20,Z78NJ746B,100,267.85,1,0.01,39.21,1218.56,1.13
03-Nov-20,Z78NJ626C,100,104.97,0,0.02,8.07,243.39,2.57
04-Nov-20,Z78NJ853B,100,85.23,2,0.15,28.57,919.88,45.4
04-Nov-20,Z78JD823B,100,207.26,11,0.11,331.18,6062.08,181.2
04-Nov-20,Z78RI674A,100,250.03,6,0.02,143.41,2621.44,383.9
04-Nov-20,Z78NJ853C,100,122.39,2,1.15,25.99,503.24,134
04-Nov-20,Z78RI674B,100,206.37,4,0.08,56.27,1536,156.4
04-Nov-20,Z78JD823A,100,224.09,10,0.01,302.54,6205.44,136.7
04-Nov-20,Z78RI674C,100,301.29,1,0.13,9.87,91.12,166.2
04-Nov-20,Z78NJ720C,100,83,48,0.22,1.267,20152.32,159.1
04-Nov-20,Z78NJ720B,100,66.37,3,0.21,35.8,152.61,59.8
04-Nov-20,Z78RY069A,100,258.3,1,0.47,18.15,54.79,127.3
04-Nov-20,Z78RI794A,100,443.02,2,0.02,72.61,510.49,97.5
04-Nov-20,Z78NJ350C,100,209.87,6,0.02,210.99,2549.76,283
04-Nov-20,Z78NJ853A,100,127.87,1,1.05,3.78,132.77,198.4
04-Nov-20,Z78RI661A,100,133.03,1,0.05,5.5,163.74,306.2
04-Nov-20,Z78RY069B,100,467.78,1,0.12,21.5,133.22,689.7
04-Nov-20,Z78NJ720A,100,54.17,8,0.03,205.45,3471.36,155.7
04-Nov-20,Z78RI794B,100,254.77,6,0.1,151.36,2324.48,228.3
04-Nov-20,Z78MD977C,85.54,75151.36,8,0.16,46.21,227.67,257.9
04-Nov-20,Z78NJ746B,100,239.34,1,0.02,26.01,765.23,87.5
04-Nov-20,Z78NJ626C,100,181.6,1,0.07,17.61,241.98,68.4
05-Nov-20,Z78NJ853B,100,85.58,3,0.22,54.64,871.93,84
05-Nov-20,Z78JD823B,100,214.18,12,0.11,391.36,7208.96,203.5
05-Nov-20,Z78RI674A,100,300.95,6,0.04,194.98,3205.12,508
05-Nov-20,Z78NJ853C,100,263.8,2,0.15,58.7,427.47,194.2
05-Nov-20,Z78RI674B,100,183.22,4,0.21,64.58,1576.96,165.5
05-Nov-20,Z78JD823A,100,199.64,9,0.02,214.69,5273.6,443.3
05-Nov-20,Z78RI674C,100,288.61,2,0.12,10.19,93.66,208.7
05-Nov-20,Z78NJ720C,100,103.34,45,0.27,1.451,18800.64,127
05-Nov-20,Z78NJ720B,100,126.34,4,0.02,71.5,853.39,150.1
05-Nov-20,Z78RY069A,100,241.32,2,1.09,17.72,76.21,170.5
05-Nov-20,Z78RI794A,100,276.28,3,0.27,66.45,423.02,125.2
05-Nov-20,Z78NJ350C,100,127.11,5,0.05,165.5,3491.84,483.5
05-Nov-20,Z78NJ853A,100,196.06,1,0.6,5.87,117.31,387
05-Nov-20,Z78RI661A,100,165.56,1,0.31,13.13,387.91,1.19
05-Nov-20,Z78RY069B,100,419.43,1,0.09,17.08,136.5,282.2
05-Nov-20,Z78NJ720A,100,63.65,8,0.04,186.4,3788.8,294.9
05-Nov-20,Z78RI794B,100,226.38,6,0.07,111.25,2488.32,469.1
05-Nov-20,Z78MD977C,100,112680.96,6,0.28,56.93,5294.08,1.32
05-Nov-20,Z78NJ746B,100,78.31,2,0.09,46.94,1628.16,37.6
05-Nov-20,Z78NJ626C,100,77.34,1,0.05,11.87,313.15,110.9
06-Nov-20,Z78NJ853B,100,308.91,3,0.03,44.8,870.17,300.9
06-Nov-20,Z78JD823B,100,210.53,9,0.1,235.71,4249.6,284.5
06-Nov-20,Z78RI674A,100,359.32,7,0.01,172.99,4577.28,1.2
06-Nov-20,Z78NJ853C,100,192.15,2,0.12,15.25,217.1,83.2
06-Nov-20,Z78RI674B,100,275.63,5,0.13,73.64,1495.04,114.8
06-Nov-20,Z78JD823A,100,165.34,10,0.01,265.7,6512.64,656.6
06-Nov-20,Z78RI674C,100,389.33,2,1.27,13.04,296.76,901.7
06-Nov-20,Z78NJ720C,100,89.14,44,0.07,1.236,16476.16,145.1
06-Nov-20,Z78NJ720B,100,169.93,3,0.02,44.51,329.98,92.5
06-Nov-20,Z78RY069A,100,145.91,1,0.5,9.77,59.02,237.5
06-Nov-20,Z78RI794A,100,202.17,4,0.03,70.65,871.44,126
06-Nov-20,Z78NJ350C,100,251.36,5,0.01,181.21,9297.92,3.52
06-Nov-20,Z78NJ853A,100,194.91,1,0.77,4.01,36.22,49.9
06-Nov-20,Z78RI661A,100,269.44,1,0.56,6.13,417.04,2.88
06-Nov-20,Z78RY069B,100,513.17,1,0.04,23.92,96.71,203.4
06-Nov-20,Z78NJ720A,100,42.72,9,0.07,180.35,4423.68,247.7
06-Nov-20,Z78RI794B,100,602.37,5,0.01,250.01,3082.24,244.6
06-Nov-20,Z78MD977C,100,47452.16,6,0.39,55.92,779.18,581
06-Nov-20,Z78NJ746B,100,358.84,2,0.01,149.58,1771.52,702.2
06-Nov-20,Z78NJ626C,100,128.67,2,0.03,37.07,1792,404.5
07-Nov-20,Z78NJ853B,100,432.71,3,0.01,45.67,670.25,997.1
07-Nov-20,Z78JD823B,100,239.85,9,0.13,249.64,5376,284.8
07-Nov-20,Z78RI674A,100,366.73,6,0.08,93.46,2836.48,718.2
07-Nov-20,Z78NJ853C,100,168.96,2,0.14,13.69,257.07,151.3
07-Nov-20,Z78RI674B,100,303.26,4,0.13,49.72,1198.08,159.6
07-Nov-20,Z78JD823A,100,199.04,10,0.01,279.31,4833.28,185
07-Nov-20,Z78RI674C,100,160.83,2,0.24,10.05,62.27,180.3
07-Nov-20,Z78NJ720C,99.98,55.14,44,0.09,1.146,14069.76,117.3
07-Nov-20,Z78NJ720B,99.98,146.84,3,0.07,38.99,251.55,142.8
07-Nov-20,Z78RY069A,100,91.52,2,0.9,11.82,155.8,315.6
07-Nov-20,Z78RI794A,100,371.55,3,0.02,61.82,704.07,108.7
07-Nov-20,Z78NJ350C,100,162.3,6,0.02,156.5,2887.68,462
07-Nov-20,Z78NJ853A,100,239.49,0,0.3,3.29,213.83,531.1
07-Nov-20,Z78RI661A,100,205.38,1,0.08,21.06,160.62,101.7
07-Nov-20,Z78RY069B,100,541.4,1,1.18,13.57,125.84,908.8
07-Nov-20,Z78NJ720A,99.98,67.18,10,0.06,224.06,4055.04,271.7
07-Nov-20,Z78RI794B,100,445.4,6,0.02,171.6,5416.96,999
07-Nov-20,Z78MD977C,100,48773.12,6,0.33,57.1,871.66,750.5
07-Nov-20,Z78NJ746B,100,345.68,1,0.01,26.77,471.11,1.78
07-Nov-20,Z78NJ626C,100,203.87,1,0.01,20.72,490.21,4.74
08-Nov-20,Z78NJ853B,100,88.18,2,0.04,42.01,1464.32,74.5
08-Nov-20,Z78JD823B,100,187.5,12,0.1,359.25,7096.32,253.6
08-Nov-20,Z78RI674A,100,394.93,6,0.02,138.06,2805.76,680
08-Nov-20,Z78NJ853C,100,269.68,2,4.22,26.74,228.55,205.8
08-Nov-20,Z78RI674B,100,218.27,4,0.19,47.74,914.97,125.3
08-Nov-20,Z78JD823A,100,171.13,11,0.01,299.33,6041.6,178.4
08-Nov-20,Z78RI674C,100,227.85,2,0.11,10.18,79.62,52.2
08-Nov-20,Z78NJ720C,100,59.14,47,0.49,1.397,18104.32,76.3
08-Nov-20,Z78NJ720B,100,75.48,3,1.41,39.35,44.71,53.1
08-Nov-20,Z78RY069A,100,153.91,2,2.19,12.52,65.97,130.3
08-Nov-20,Z78RI794A,100,313.75,3,0.02,90.4,545.51,88.9
08-Nov-20,Z78NJ350C,100,239.95,5,0.03,137.75,3461.12,510.8
08-Nov-20,Z78NJ853A,100,147.04,0,0.93,2.27,54.89,402.6
08-Nov-20,Z78RI661A,100,215.15,2,0.17,20.92,796.05,2.07
08-Nov-20,Z78RY069B,100,511.31,1,0.14,13.11,60.8,104.7
08-Nov-20,Z78NJ720A,100,98.4,10,0.34,291.96,5642.24,166.2
08-Nov-20,Z78RI794B,100,283.32,6,0.03,208.08,3481.6,440.8
08-Nov-20,Z78MD977C,99.58,81223.68,7,0.18,46.58,3399.68,901.6
08-Nov-20,Z78NJ746B,100,183.66,2,0.01,48.06,771.74,32.6
08-Nov-20,Z78NJ626C,100,141,0,0.03,6.56,188.33,109
09-Nov-20,Z78NJ853B,100,61.76,2,0.26,30.53,1064.96,105.4
09-Nov-20,Z78JD823B,100,197.86,10,0.24,294.8,5120,142.4
09-Nov-20,Z78RI674A,100,313.73,5,0.05,108.76,1966.08,203.1
09-Nov-20,Z78NJ853C,100,249.53,2,0.14,23.62,404.66,641.4
09-Nov-20,Z78RI674B,100,148.49,4,0.18,56.16,2150.4,161.2
09-Nov-20,Z78JD823A,100,83.31,9,0.02,325.44,6871.04,118.1
09-Nov-20,Z78RI674C,100,253.94,1,0.25,8.58,69,119.8
09-Nov-20,Z78NJ720C,100,69.09,45,0.3,1.326,17786.88,105.2
09-Nov-20,Z78NJ720B,100,92.95,3,0.23,54.94,221.84,63.6
09-Nov-20,Z78RY069A,100,211.77,2,0.53,19.65,125.07,268.2
09-Nov-20,Z78RI794A,100,242.51,4,0.18,148.27,765.29,130.9
09-Nov-20,Z78NJ350C,100,236.53,6,0.03,193.25,7956.48,3.33
09-Nov-20,Z78NJ853A,100,214.6,1,0.92,8.6,54.62,21
09-Nov-20,Z78RI661A,100,166.79,1,0.05,13.14,416.94,662.6
09-Nov-20,Z78RY069B,100,485.44,1,0.05,21.97,964.32,1.04
09-Nov-20,Z78NJ720A,100,51.41,11,0.23,278.94,11059.2,620.3
09-Nov-20,Z78RI794B,100,198.24,6,0.03,149.66,4290.56,656.7
09-Nov-20,Z78MD977C,100,78530.56,10,0.64,48.17,830.39,359
09-Nov-20,Z78NJ746B,100,78.92,1,0.12,16.15,582.07,63.8
09-Nov-20,Z78NJ626C,100,157.25,2,0.01,35.11,757.66,175.3
10-Nov-20,Z78NJ853B,100,96.83,3,0.3,50.09,2129.92,361.1
10-Nov-20,Z78JD823B,100,195.82,10,0.11,317.09,4976.64,166.6
10-Nov-20,Z78RI674A,100,288.65,6,0.08,265.96,3993.6,359.6
10-Nov-20,Z78NJ853C,100,198.62,1,0.07,11.8,340.36,2.02
10-Nov-20,Z78RI674B,100,236.69,5,0.15,79.55,1894.4,318.6
10-Nov-20,Z78JD823A,100,145.53,10,0,494.65,9738.24,102.1
10-Nov-20,Z78RI674C,100,278.91,2,0.1,17.25,271.53,293.2
10-Nov-20,Z78NJ720C,100,46.76,45,0.25,1.461,21196.8,171.8
10-Nov-20,Z78NJ720B,100,78.44,4,0.16,97.73,577.96,69.3
10-Nov-20,Z78RY069A,100,242.09,2,1.1,17.55,63.68,206
10-Nov-20,Z78RI794A,100,161.2,4,0.58,92.66,657.81,69
10-Nov-20,Z78NJ350C,100,210.69,6,0.01,173.72,45936.64,10.88
10-Nov-20,Z78NJ853A,100,155.88,0,1.68,1.89,17.22,32.4
10-Nov-20,Z78RI661A,100,204.22,2,0.07,42.19,297.34,158.4
10-Nov-20,Z78RY069B,100,529.86,1,0.11,14.51,46.68,60.2
10-Nov-20,Z78NJ720A,100,71.16,11,0.03,453.33,6758.4,229.6
10-Nov-20,Z78RI794B,100,265.76,6,0.03,133.3,4218.88,757.7
10-Nov-20,Z78MD977C,100,104509.44,9,0.56,50.62,250.42,214.7
10-Nov-20,Z78NJ746B,100,272.31,2,0.01,155.07,2775.04,447.1
10-Nov-20,Z78NJ626C,100,79.36,1,0.03,24,1075.2,399.9
11-Nov-20,Z78NJ853B,100,412.21,3,0.18,58.41,1331.2,198.1
11-Nov-20,Z78JD823B,100,172.92,9,0.09,306.63,4597.76,134.2
11-Nov-20,Z78RI674A,100,286.1,6,0.04,198.69,2969.6,207.2
11-Nov-20,Z78NJ853C,100,159.94,1,0.09,11.96,971.86,3.26
11-Nov-20,Z78RI674B,100,206.64,5,0.15,65.65,1310.72,87.8
11-Nov-20,Z78JD823A,100,162.7,10,0,481.51,7956.48,254.4
11-Nov-20,Z78RI674C,100,216.29,1,0.18,9.04,50.87,169.1
11-Nov-20,Z78NJ720C,100,60.34,46,0.45,1.473,24903.68,220.2
11-Nov-20,Z78NJ720B,100,86.27,4,0.28,103.88,772.91,72.9
11-Nov-20,Z78RY069A,100,214.27,2,0.65,19.18,75.8,155.2
11-Nov-20,Z78RI794A,100,196.16,5,0.35,131.22,1021.2,69.2
11-Nov-20,Z78NJ350C,100,191.11,5,0.03,152.07,6533.12,1.38
11-Nov-20,Z78NJ853A,100,106.01,1,2.97,4.61,155.8,54.3
11-Nov-20,Z78RI661A,100,137.45,2,0.09,42.16,376.74,216.6
11-Nov-20,Z78RY069B,100,551.66,1,0.04,15.39,193.03,45.4
11-Nov-20,Z78NJ720A,100,49.45,11,0.03,424.19,7004.16,201.6
11-Nov-20,Z78RI794B,100,242,6,0.05,165.89,11294.72,2.38
11-Nov-20,Z78MD977C,100,87449.6,8,0.23,46.29,1402.88,465.6
11-Nov-20,Z78NJ746B,100,196.56,2,0.01,60.27,1310.72,365.7
11-Nov-20,Z78NJ626C,100,201.04,0,0.02,10.7,282.63,16.04
12-Nov-20,Z78NJ853B,100,292.2,3,0.02,63.82,1525.76,171
12-Nov-20,Z78JD823B,100,161.96,9,0.11,256.21,5468.16,367.2
12-Nov-20,Z78RI674A,100,203.87,6,0.08,158.95,2754.56,240.4
12-Nov-20,Z78NJ853C,100,406.6,1,0.19,26.14,183.75,181.6
12-Nov-20,Z78RI674B,100,336.91,4,0.06,46.16,1095.68,293.9
12-Nov-20,Z78JD823A,100,229,10,0.02,334.91,5253.12,140
12-Nov-20,Z78RI674C,100,265.5,1,0.45,10.58,82.97,66
12-Nov-20,Z78NJ720C,100,69.43,44,0.31,1.267,19916.8,153.3
12-Nov-20,Z78NJ720B,100,81.63,3,0.19,66.46,837.75,68
12-Nov-20,Z78RY069A,100,70.09,1,1.51,13.84,59.03,106.8
12-Nov-20,Z78RI794A,100,121.62,5,0.37,133.06,1198.08,69.6
12-Nov-20,Z78NJ350C,100,220.86,5,0.01,183.29,4474.88,1.18
12-Nov-20,Z78NJ853A,100,125.65,0,0.23,1.06,14.91,71.4
12-Nov-20,Z78RI661A,100,180.81,2,0.24,24.07,455.21,507.2
12-Nov-20,Z78RY069B,100,584.81,0,0.19,5.61,26.28,104.6
12-Nov-20,Z78NJ720A,100,58.82,10,0.02,289.74,5447.68,157.3
12-Nov-20,Z78RI794B,100,209.61,6,0.06,152.2,3031.04,363.2
12-Nov-20,Z78MD977C,100,104427.52,9,0.15,47.46,806.46,369.9
12-Nov-20,Z78NJ746B,100,204.05,3,0.05,71.34,2447.36,340.2
12-Nov-20,Z78NJ626C,100,112.3,1,0.04,25.09,397.62,736.8
13-Nov-20,Z78NJ853B,100,217.81,3,0.06,33.11,553.86,617.6
13-Nov-20,Z78JD823B,100,192.51,7,0.15,170.43,3102.72,258.8
13-Nov-20,Z78RI674A,100,295.7,6,1.28,160.09,7618.56,1.86
13-Nov-20,Z78NJ853C,100,221.9,1,0.19,11.62,271.24,677.6
13-Nov-20,Z78RI674B,100,332.47,4,0.09,46.67,915.04,476.2
13-Nov-20,Z78JD823A,100,148.62,10,0.03,283.96,4403.2,189.5
13-Nov-20,Z78RI674C,100,317.93,2,0.62,14.01,187.08,766.9
13-Nov-20,Z78NJ720C,100,66.88,39,0.05,957.53,18186.24,324.2
13-Nov-20,Z78NJ720B,100,77.13,4,0.12,155.94,2273.28,257.4
13-Nov-20,Z78RY069A,100,215.89,1,0.46,19.8,52.17,124.1
13-Nov-20,Z78RI794A,100,324.17,4,0.06,101.55,745.89,125.4
13-Nov-20,Z78NJ350C,100,239.05,5,0.02,125.26,2201.6,468.5
13-Nov-20,Z78NJ853A,100,144.93,1,0.27,5.13,94.41,435.9
13-Nov-20,Z78RI661A,100,210.58,1,0.23,9.88,227.36,975.2
13-Nov-20,Z78RY069B,100,418.81,1,0.15,10.13,46.43,762.9
13-Nov-20,Z78NJ720A,100,64.25,10,0.15,253.25,6707.2,535.2
13-Nov-20,Z78RI794B,100,419.55,6,0.06,123.92,2048,512.9
13-Nov-20,Z78MD977C,100,88381.44,6,0.12,53.63,2744.32,955
13-Nov-20,Z78NJ746B,100,196.06,2,0.04,138.52,1822.72,137.4
13-Nov-20,Z78NJ626C,100,176.97,1,0.01,21.19,435.34,334
14-Nov-20,Z78NJ853B,100,218.71,2,0.04,32.74,491.99,118.1
14-Nov-20,Z78JD823B,100,118.22,7,0.09,257.32,4945.92,169.1
14-Nov-20,Z78RI674A,100,319.57,6,0.02,210.26,5509.12,2.15
14-Nov-20,Z78NJ853C,100,221.01,1,1.13,31.64,209.6,134.5
14-Nov-20,Z78RI674B,100,305.92,4,0.09,61.95,3123.2,907.4
14-Nov-20,Z78JD823A,100,165.45,10,0.03,286.79,6758.4,1.06
14-Nov-20,Z78RI674C,100,263.74,1,0.32,10.6,113.76,375.4
14-Nov-20,Z78NJ720C,100,73.41,44,0.13,1.198,15656.96,173.1
14-Nov-20,Z78NJ720B,100,141.41,3,5.64,29.91,84.33,81.1
14-Nov-20,Z78RY069A,100,146.85,1,0.23,13.82,352.17,2.29
14-Nov-20,Z78RI794A,100,293.73,4,1.07,68.16,1792,2.8
14-Nov-20,Z78NJ350C,100,187.69,4,0.02,93.94,1587.2,424
14-Nov-20,Z78NJ853A,100,99.17,0,7.03,2.66,19.45,41
14-Nov-20,Z78RI661A,100,85.97,2,0.49,11.48,263.48,290.7
14-Nov-20,Z78RY069B,100,409.64,0,0.11,7.15,199.07,6.86
14-Nov-20,Z78NJ720A,100,82.35,13,0.03,309.08,6891.52,346.5
14-Nov-20,Z78RI794B,100,209.66,7,0.02,121.42,2007.04,141.7
14-Nov-20,Z78MD977C,100,62300.16,5,0.29,62.76,604.82,517.5
14-Nov-20,Z78NJ746B,100,124.43,2,0.03,43.33,1259.52,78.9
14-Nov-20,Z78NJ626C,100,102.38,1,0.02,30.49,384.74,44.7
15-Nov-20,Z78NJ853B,100,190.24,3,0.03,58.95,1628.16,118.9
15-Nov-20,Z78JD823B,100,160.38,10,0.11,364.98,9615.36,251.8
15-Nov-20,Z78RI674A,100,294.5,5,0.03,132.1,2293.76,631.1
15-Nov-20,Z78NJ853C,100,192.26,1,0.71,11.44,110.32,51.2
15-Nov-20,Z78RI674B,100,211.24,4,0.39,54.99,2058.24,255.1
15-Nov-20,Z78JD823A,100,95.14,10,0.03,307.3,7045.12,191.7
15-Nov-20,Z78RI674C,100,264.29,2,0.08,11.64,194.55,1.2
15-Nov-20,Z78NJ720C,100,59.76,48,0.11,1.231,17827.84,160.9
15-Nov-20,Z78NJ720B,100,121.07,2,0.23,36.18,165.97,56.2
15-Nov-20,Z78RY069A,100,181.75,2,0.38,8.85,76.53,139.5
15-Nov-20,Z78RI794A,100,181.56,3,0.05,74.48,157.33,57
15-Nov-20,Z78NJ350C,100,182.77,5,0.03,158.4,6000.64,753.9
15-Nov-20,Z78NJ853A,100,147.1,0,0.74,2.78,142.84,61.6
15-Nov-20,Z78RI661A,100,113.02,1,0.53,16.55,201.75,255.5
15-Nov-20,Z78RY069B,100,505.54,1,0.29,13.75,43.21,473.2
15-Nov-20,Z78NJ720A,100,82.74,13,0.01,305.16,6328.32,263.9
15-Nov-20,Z78RI794B,100,138.73,8,0.05,154.31,2314.24,90.2
15-Nov-20,Z78MD977C,100,108656.64,8,0.14,46.86,748.66,326.9
15-Nov-20,Z78NJ746B,100,127.44,2,0.12,26.01,928.41,129
15-Nov-20,Z78NJ626C,100,152.34,1,0.01,13.79,259.74,201
16-Nov-20,Z78NJ853B,100,383.89,3,0.01,94.28,1433.6,187.2
16-Nov-20,Z78JD823B,100,136.33,11,0.2,294.04,6277.12,215
16-Nov-20,Z78RI674A,100,404.69,6,0.02,131.51,2508.8,720.1
16-Nov-20,Z78NJ853C,100,213.37,1,0.18,21.24,316.86,116.6
16-Nov-20,Z78RI674B,100,341.55,4,0.43,61.03,2201.6,562.4
16-Nov-20,Z78JD823A,100,134.81,9,0.03,292.53,6072.32,324.8
16-Nov-20,Z78RI674C,100,281.19,2,0.33,13.9,297.27,2.88
16-Nov-20,Z78NJ720C,100,49.77,50,0.16,1.225,16824.32,138
16-Nov-20,Z78NJ720B,100,57.47,2,0.84,55.27,227.27,30.5
16-Nov-20,Z78RY069A,100,225.6,1,0.63,8.43,103.97,212.4
16-Nov-20,Z78RI794A,100,237.51,3,0.13,75.12,181.88,216.8
16-Nov-20,Z78NJ350C,100,235.7,5,0.06,133.11,2887.68,593
16-Nov-20,Z78NJ853A,100,167.61,1,0.31,3.58,57.48,76.7
16-Nov-20,Z78RI661A,100,152.62,1,0.83,14.21,341.37,188.2
16-Nov-20,Z78RY069B,100,512.82,1,0.01,20.13,2058.24,126.6
16-Nov-20,Z78NJ720A,100,63.93,13,0.02,265.57,5908.48,176.9
16-Nov-20,Z78RI794B,100,225.57,8,0.03,187.21,3358.72,258.3
16-Nov-20,Z78MD977C,99.19,98191.36,8,0.36,48.73,429.05,242.5
16-Nov-20,Z78NJ746B,100,254.53,2,0.04,76.71,1392.64,125.3
16-Nov-20,Z78NJ626C,100,175.07,1,0.02,20.53,782.44,2
17-Nov-20,Z78NJ853B,100,258.72,3,0.02,74.53,1863.68,90
17-Nov-20,Z78JD823B,100,117.04,11,0.17,321.42,7403.52,276.2
17-Nov-20,Z78RI674A,100,399.14,7,0.02,176.12,2682.88,957.5
17-Nov-20,Z78NJ853C,100,190.82,2,0.74,30.85,225.2,304.7
17-Nov-20,Z78RI674B,100,276.55,4,0.31,61.48,1832.96,151.4
17-Nov-20,Z78JD823A,100,73.59,10,0.03,258.8,5744.64,239.2
17-Nov-20,Z78RI674C,100,172.13,2,0.1,16.88,572.35,631.2
17-Nov-20,Z78NJ720C,100,39.55,49,0.13,1.288,20285.44,123.5
17-Nov-20,Z78NJ720B,100,60.46,1,0.86,32.87,141.69,41.3
17-Nov-20,Z78RY069A,100,225.17,1,0.27,12.38,116.39,190.5
17-Nov-20,Z78RI794A,100,116.43,4,0.32,74.52,271.1,49.7
17-Nov-20,Z78NJ350C,100,268.81,6,0.06,166.6,3276.8,335.7
17-Nov-20,Z78NJ853A,100,208.95,0,0.27,1.86,70.81,427.1
17-Nov-20,Z78RI661A,100,207.76,1,0.39,21.67,243.68,292.5
17-Nov-20,Z78RY069B,100,475.18,0,1.14,4.43,139.7,4.15
17-Nov-20,Z78NJ720A,100,75.13,13,0.02,308.74,8028.16,349.8
17-Nov-20,Z78RI794B,100,167.2,7,0.07,134.85,1628.16,80.4
17-Nov-20,Z78MD977C,100,104796.16,8,0.36,55.22,1177.6,450.4
17-Nov-20,Z78NJ746B,100,224.5,2,0.04,34.26,1000.53,91.6
17-Nov-20,Z78NJ626C,100,89.26,1,0.13,38.13,871.69,286.1
18-Nov-20,Z78NJ853B,100,143.01,3,0.08,63.56,1648.64,91.5
18-Nov-20,Z78JD823B,100,201.08,10,0.1,318.54,6481.92,273.3
18-Nov-20,Z78RI674A,100,226.63,7,0.05,141.17,2631.68,459.5
18-Nov-20,Z78NJ853C,100,220.35,2,0.4,31.98,197.39,186.5
18-Nov-20,Z78RI674B,100,384.31,5,0.15,60.5,1853.44,651.9
18-Nov-20,Z78JD823A,100,74.99,10,0.01,366.32,6123.52,171.3
18-Nov-20,Z78RI674C,100,318.26,2,0.15,14.57,347.93,1.16
18-Nov-20,Z78NJ720C,100,42.31,48,0.31,1.305,19148.8,112.7
18-Nov-20,Z78NJ720B,100,152.25,3,0.1,54.25,316.26,85.5
18-Nov-20,Z78RY069A,100,163.72,1,0.72,6.15,52.07,129.5
18-Nov-20,Z78RI794A,100,177.56,5,0.1,113.07,277.87,188
18-Nov-20,Z78NJ350C,100,240.49,5,0.01,179.38,5488.64,1.32
18-Nov-20,Z78NJ853A,100,142.79,1,0.78,2.11,40.12,34.7
18-Nov-20,Z78RI661A,100,193.04,2,1.09,26.87,926.45,224.4
18-Nov-20,Z78RY069B,100,503.09,1,0.24,7.32,49.78,723.7
18-Nov-20,Z78NJ720A,100,72.85,13,0.02,313.18,7854.08,420.3
18-Nov-20,Z78RI794B,100,60.03,7,0.05,115.89,5171.2,1.11
18-Nov-20,Z78MD977C,100,107714.56,9,0.37,57.44,477.06,275.8
18-Nov-20,Z78NJ746B,100,65.9,2,0.35,34.85,1546.24,145.4
18-Nov-20,Z78NJ626C,100,156.13,1,0.01,24.05,675.96,513.5
19-Nov-20,Z78NJ853B,100,64.26,3,0.26,62.81,1157.12,113.3
19-Nov-20,Z78JD823B,100,107.57,10,0.21,352.04,6574.08,298.9
19-Nov-20,Z78RI674A,100,347.53,7,0.06,162.94,5263.36,2.85
19-Nov-20,Z78NJ853C,100,197.95,2,0.67,12.71,550.81,591
19-Nov-20,Z78RI674B,100,362.74,5,0.17,80.16,2293.76,810.5
19-Nov-20,Z78JD823A,100,181.54,9,0.02,268.79,6051.84,893.1
19-Nov-20,Z78RI674C,100,231.49,2,0.33,11.21,144.3,366.8
19-Nov-20,Z78NJ720C,100,34.3,46,0.31,1.245,19220.48,111.3
19-Nov-20,Z78NJ720B,100,117.55,4,0.06,93.46,1167.36,78.2
19-Nov-20,Z78RY069A,100,222.82,2,0.24,15.05,170.21,53.5
19-Nov-20,Z78RI794A,100,249.3,5,0.18,130.01,203.97,82.9
19-Nov-20,Z78NJ350C,100,225.35,6,0.03,272.2,3932.16,604.8
19-Nov-20,Z78NJ853A,100,219.24,1,0.28,3.19,244.4,1.65
19-Nov-20,Z78RI661A,100,245.57,2,0.34,109.73,146.06,155.4
19-Nov-20,Z78RY069B,100,246.07,0,0.14,2.45,54.61,69.2
19-Nov-20,Z78NJ720A,100,76.83,11,0.8,326.16,6840.32,367.6
19-Nov-20,Z78RI794B,100,186.95,6,0.03,180.07,3266.56,135.3
19-Nov-20,Z78MD977C,100,115056.64,9,0.31,59.21,1105.92,419.7
19-Nov-20,Z78NJ746B,100,133.46,2,0.52,13.53,652.27,186.4
19-Nov-20,Z78NJ626C,100,210.52,2,0.01,38.76,697.4,281.3
20-Nov-20,Z78NJ853B,100,272.93,2,0.01,31.99,669.38,474.1
20-Nov-20,Z78JD823B,100,144.44,10,0.11,336.38,5222.4,173.9
20-Nov-20,Z78RI674A,100,366.7,7,0.04,189.03,3061.76,368.9
20-Nov-20,Z78NJ853C,100,261.38,2,0.28,96.92,361.44,66.9
20-Nov-20,Z78RI674B,100,348.38,6,0.14,96.14,3317.76,1.01
20-Nov-20,Z78JD823A,100,99.49,8,0.01,255,4106.24,900.7
20-Nov-20,Z78RI674C,100,191.48,2,0.14,21.3,693.39,589.1
20-Nov-20,Z78NJ720C,100,48.66,43,0.08,1.379,17510.4,139.1
20-Nov-20,Z78NJ720B,100,128.81,3,0.02,74.7,1016.49,161.4
20-Nov-20,Z78RY069A,100,349.99,1,0.4,10.43,162.66,1.43
20-Nov-20,Z78RI794A,100,139.77,4,0.25,90.4,141.25,121.7
20-Nov-20,Z78NJ350C,100,164.68,6,0.03,223.39,16230.4,3.03
20-Nov-20,Z78NJ853A,100,195.88,0,1.43,1.57,23.99,24
20-Nov-20,Z78RI661A,100,108.97,1,0.44,13.67,115.26,476.8
20-Nov-20,Z78RY069B,100,200.52,0,0.72,683.46,9.93,319.4
20-Nov-20,Z78NJ720A,100,58.7,11,1.07,283.72,6082.56,325.9
20-Nov-20,Z78RI794B,100,124.92,8,0.04,189.18,5232.64,846.2
20-Nov-20,Z78MD977C,100,92047.36,7,0.61,75.81,2058.24,1.06
20-Nov-20,Z78NJ746B,100,79.37,2,0.03,23.5,685.39,56.8
20-Nov-20,Z78NJ626C,100,171.84,1,0.03,18.69,1751.04,1.69
21-Nov-20,Z78NJ853B,100,235.05,2,0.04,27.71,614.77,59.1
21-Nov-20,Z78JD823B,100,111.74,9,0.09,260.67,6543.36,325.4
21-Nov-20,Z78RI674A,100,377.07,8,0.05,168.92,5038.08,2.43
21-Nov-20,Z78NJ853C,100,130.15,2,1.67,22.73,335.51,116
21-Nov-20,Z78RI674B,100,258.28,5,0.1,68.64,2324.48,460.9
21-Nov-20,Z78JD823A,100,199.68,10,0.02,273.47,5488.64,978.7
21-Nov-20,Z78RI674C,100,210.05,2,0.15,12.25,301.16,998.1
21-Nov-20,Z78NJ720C,98.62,46.29,44,0.12,1.279,17346.56,92.5
21-Nov-20,Z78NJ720B,98.87,76.76,3,0.14,60.49,932.41,223
21-Nov-20,Z78RY069A,100,310.26,1,1.93,19.12,100.52,96.6
21-Nov-20,Z78RI794A,100,85.83,3,0.2,60.62,103.83,24.9
21-Nov-20,Z78NJ350C,100,138.15,5,0.04,154.85,3737.6,227
21-Nov-20,Z78NJ853A,100,142.03,1,0.28,5.21,96.36,77.3
21-Nov-20,Z78RI661A,100,165.32,1,0.58,18.78,333.22,186.6
21-Nov-20,Z78RY069B,100,252.64,0,0.26,1.83,36.82,245.6
21-Nov-20,Z78NJ720A,98.72,45.12,12,0.13,325.54,5908.48,223.2
21-Nov-20,Z78RI794B,100,246.5,7,0.02,143.4,4956.16,1.18
21-Nov-20,Z78MD977C,100,79462.4,8,0.3,57.52,2775.04,1.1
21-Nov-20,Z78NJ746B,100,184.46,2,0.02,28.72,451.45,175.7
21-Nov-20,Z78NJ626C,100,183.17,1,0.03,21.73,524.73,391.5
22-Nov-20,Z78NJ853B,100,361.24,3,0.01,59.78,1576.96,822.9
22-Nov-20,Z78JD823B,100,195.24,10,0.02,370.28,9154.56,640.7
22-Nov-20,Z78RI674A,100,274.16,7,0.06,153.13,3010.56,735.8
22-Nov-20,Z78NJ853C,100,136.02,1,0.65,6.45,223.08,70.9
22-Nov-20,Z78RI674B,100,295.45,5,0.4,88.96,2068.48,292.1
22-Nov-20,Z78JD823A,100,177.99,10,0.02,355.66,7587.84,461
22-Nov-20,Z78RI674C,100,167.82,2,0.24,12.53,173.71,463.1
22-Nov-20,Z78NJ720C,100,48.38,45,0.59,1.14,21585.92,159.3
22-Nov-20,Z78NJ720B,100,120.01,3,1,74.24,128.77,182.5
22-Nov-20,Z78RY069A,100,184.38,2,1.27,9.69,118.85,43.6
22-Nov-20,Z78RI794A,100,98.89,3,0.86,55.22,83.03,57.5
22-Nov-20,Z78NJ350C,100,194.57,6,0.03,227.47,4628.48,380.1
22-Nov-20,Z78NJ853A,100,271.83,1,1.13,8.02,115.7,109.7
22-Nov-20,Z78RI661A,100,150.89,1,0.61,32.75,171.53,62.1
22-Nov-20,Z78RY069B,100,345.48,1,0.02,15.02,1761.28,264
22-Nov-20,Z78NJ720A,100,44.75,13,0.25,304.44,6973.44,268.6
22-Nov-20,Z78RI794B,100,121.63,8,0.06,181.86,6287.36,258
22-Nov-20,Z78MD977C,100,100167.68,10,0.43,48.4,4044.8,833.8
22-Nov-20,Z78NJ746B,100,328.38,1,0.01,36.07,688.03,95.1
22-Nov-20,Z78NJ626C,100,70.35,1,0.01,23.7,786.42,84.4
23-Nov-20,Z78NJ853B,100,355.69,2,0,50.08,1740.8,297.9
23-Nov-20,Z78JD823B,100,161.28,10,0.04,341,8488.96,210.9
23-Nov-20,Z78RI674A,100,361.95,8,0.05,173.56,3624.96,1.51
23-Nov-20,Z78NJ853C,100,194.94,1,1.27,14.28,93.14,88.4
23-Nov-20,Z78RI674B,100,293.42,6,0.3,69.25,2017.28,234.1
23-Nov-20,Z78JD823A,100,197.35,9,0,359.5,6737.92,250.2
23-Nov-20,Z78RI674C,100,218.69,2,0.32,14.44,223.86,196.7
23-Nov-20,Z78NJ720C,100,72.18,47,0.35,1.425,19589.12,106.3
23-Nov-20,Z78NJ720B,100,122.46,2,0.35,39.76,168.44,52.2
23-Nov-20,Z78RY069A,100,246.63,2,0.28,15.69,119.05,221.5
23-Nov-20,Z78RI794A,100,75.03,3,0.3,54.21,102.36,170.2
23-Nov-20,Z78NJ350C,100,241.4,6,0.01,305.08,4116.48,161.7
23-Nov-20,Z78NJ853A,100,200.03,1,0.31,8.41,65.85,79.9
23-Nov-20,Z78RI661A,100,127.13,1,0.85,28.5,371.62,118
23-Nov-20,Z78RY069B,100,339.2,1,0.55,5.84,58.43,2.08
23-Nov-20,Z78NJ720A,100,63.17,12,0.43,345.19,7208.96,252.9
23-Nov-20,Z78RI794B,100,216.99,9,0.03,200.03,5191.68,330.7
23-Nov-20,Z78MD977C,100,122163.2,10,0.36,55.68,978.75,358.8
23-Nov-20,Z78NJ746B,100,63.08,2,0.33,21.86,536.34,38.2
23-Nov-20,Z78NJ626C,100,83.98,1,0.05,28.53,612.58,29.5
24-Nov-20,Z78NJ853B,100,130.35,3,0.08,72.35,2027.52,89.8
24-Nov-20,Z78JD823B,100,174.88,10,0.24,325.22,7055.36,323.4
24-Nov-20,Z78RI674A,100,276.69,7,0.07,132.61,3450.88,564.5
24-Nov-20,Z78NJ853C,100,232.57,1,1.04,9.8,165.65,91.1
24-Nov-20,Z78RI674B,100,414.8,5,0.14,57.65,1280,420.6
24-Nov-20,Z78JD823A,100,59.17,9,0.01,276.12,8550.4,901.8
24-Nov-20,Z78RI674C,100,217.98,2,0.19,11.74,118.52,358.9
24-Nov-20,Z78NJ720C,100,58.82,46,0.59,1.287,16435.2,68.8
24-Nov-20,Z78NJ720B,100,74.33,2,0.36,39.25,272.9,77.7
24-Nov-20,Z78RY069A,100,216.5,2,0.85,14.25,139.24,227.5
24-Nov-20,Z78RI794A,94.37,128.51,3,0.23,56.73,113.58,50.5
24-Nov-20,Z78NJ350C,100,246.71,5,0.02,168.51,3082.24,491.1
24-Nov-20,Z78NJ853A,100,212.43,1,0.56,7.72,134.12,185.6
24-Nov-20,Z78RI661A,100,70.58,2,0.82,26.11,331.6,109.7
24-Nov-20,Z78RY069B,100,374.13,1,0.18,6.1,222.42,555.5
24-Nov-20,Z78NJ720A,100,66.27,13,0.04,330.01,7628.8,417.5
24-Nov-20,Z78RI794B,94.37,228.5,8,0.04,175.63,4648.96,163.3
24-Nov-20,Z78MD977C,100,148080.64,10,0.31,53.4,943.15,365.1
24-Nov-20,Z78NJ746B,100,147.59,2,0.08,26.34,715.77,67.5
24-Nov-20,Z78NJ626C,100,61.82,1,0.03,19.8,571.76,85.8
25-Nov-20,Z78NJ853B,100,266.6,3,0.08,92.07,1187.84,129.2
25-Nov-20,Z78JD823B,100,121.99,11,0.55,329.13,5980.16,172.7
25-Nov-20,Z78RI674A,100,343.83,6,0.02,126.61,3932.16,2.49
25-Nov-20,Z78NJ853C,100,84.84,2,2.09,20.64,315.13,218.2
25-Nov-20,Z78RI674B,100,359.79,6,0.34,72.61,1986.56,468.3
25-Nov-20,Z78JD823A,100,82.91,9,0.03,256.67,9410.56,1.15
25-Nov-20,Z78RI674C,100,214.71,2,0.3,11.13,116.75,207.1
25-Nov-20,Z78NJ720C,100,51.06,48,0.51,1.566,20480,103.9
25-Nov-20,Z78NJ720B,100,97.25,3,0.04,62.4,906.59,41.6
25-Nov-20,Z78RY069A,100,252.83,2,0.22,12.89,231.91,122.2
25-Nov-20,Z78RI794A,94.44,133.2,3,0.81,42.04,82.7,68.2
25-Nov-20,Z78NJ350C,100,194.54,6,0.02,189.98,4177.92,355.1
25-Nov-20,Z78NJ853A,100,396.71,1,0.11,13.43,4300.8,5.5
25-Nov-20,Z78RI661A,100,172.28,2,0.28,27.65,518.71,258.3
25-Nov-20,Z78RY069B,100,502.66,1,0.56,12.2,70.03,187.2
25-Nov-20,Z78NJ720A,100,66.72,12,0.06,327.02,7239.68,266.7
25-Nov-20,Z78RI794B,94.44,139.06,8,0.04,163.73,2744.32,113.8
25-Nov-20,Z78MD977C,100,108728.32,10,0.34,47.27,1300.48,423.5
25-Nov-20,Z78NJ746B,100,145.57,2,0.1,31.77,594.78,128.4
25-Nov-20,Z78NJ626C,100,40.12,1,0.08,7.76,226.36,90.6
26-Nov-20,Z78NJ853B,100,89.14,2,0.33,35.88,1126.4,104.7
26-Nov-20,Z78JD823B,100,177.01,10,0.27,335.92,4556.8,190.7
26-Nov-20,Z78RI674A,100,275.57,7,0.04,124.19,4106.24,693.9
26-Nov-20,Z78NJ853C,100,209.22,1,0.57,10.38,311.27,206.7
26-Nov-20,Z78RI674B,100,324.6,6,0.12,79.82,2600.96,830.2
26-Nov-20,Z78JD823A,100,86.67,9,0.06,268.79,8028.16,1.37
26-Nov-20,Z78RI674C,100,239.13,2,0.9,14.78,320.08,778.7
26-Nov-20,Z78NJ720C,100,58.11,48,0.22,1.316,18360.32,138.5
26-Nov-20,Z78NJ720B,100,88.64,2,0.25,30.33,205.14,206.2
26-Nov-20,Z78RY069A,100,224.97,2,0.2,17.8,162.19,220.8
26-Nov-20,Z78RI794A,100,122.89,3,0.11,52.79,123.23,251.4
26-Nov-20,Z78NJ350C,100,189.47,6,0.02,169.77,2969.6,132.3
26-Nov-20,Z78NJ853A,100,185.38,1,0.05,12.44,5263.36,11.06
26-Nov-20,Z78RI661A,100,214.36,2,0.46,27.42,322.16,194.3
26-Nov-20,Z78RY069B,100,291.64,1,0.47,6.22,220.55,74.1
26-Nov-20,Z78NJ720A,100,81.49,13,0.2,382.57,7843.84,372.2
26-Nov-20,Z78RI794B,100,212.24,8,0.03,196.87,7403.52,498
26-Nov-20,Z78MD977C,100,131082.24,9,0.21,52.26,3205.12,748.7
26-Nov-20,Z78NJ746B,100,115.65,2,0.07,34.41,1638.4,423.8
26-Nov-20,Z78NJ626C,100,168.9,1,0.18,4.34,254.49,1.93
27-Nov-20,Z78NJ853B,100,276.16,2,0.02,24.25,671.76,191.6
27-Nov-20,Z78JD823B,100,186.1,11,0.16,255.17,7004.16,903
27-Nov-20,Z78RI674A,100,241.81,7,0.02,246.51,4679.68,980.8
27-Nov-20,Z78NJ853C,100,200.77,2,0.21,23.27,2990.08,527.3
27-Nov-20,Z78RI674B,100,231.35,7,0.09,125.79,3348.48,579.9
27-Nov-20,Z78JD823A,100,137.6,8,0.01,314.18,5027.84,387.3
27-Nov-20,Z78RI674C,100,251.17,2,0.14,21.65,560.65,1.22
27-Nov-20,Z78NJ720C,100,90.59,45,0.13,1.129,18452.48,214.8
27-Nov-20,Z78NJ720B,100,165.4,2,0.01,118.78,1402.88,94.2
27-Nov-20,Z78RY069A,100,233.44,2,0.1,11.95,192.07,245.5
27-Nov-20,Z78RI794A,100,317.71,4,0.06,109.03,266.68,816.7
27-Nov-20,Z78NJ350C,100,230.75,7,0.02,207.14,2887.68,325.2
27-Nov-20,Z78NJ853A,100,207.75,1,0.86,5.56,111.27,218.5
27-Nov-20,Z78RI661A,100,261.98,2,0.78,62.77,775.9,833.8
27-Nov-20,Z78RY069B,100,198.71,0,0.58,3.84,258.88,1.91
27-Nov-20,Z78NJ720A,100,100.26,13,0.18,385.25,8161.28,478.4
27-Nov-20,Z78RI794B,100,373.32,6,0.02,197.96,4034.56,336.1
27-Nov-20,Z78MD977C,100,83712,7,0.24,54.42,1699.84,637.2
27-Nov-20,Z78NJ746B,100,121.5,2,0.11,22.54,441.95,115.8
27-Nov-20,Z78NJ626C,100,199.3,1,0.03,17.45,434.44,82.5
28-Nov-20,Z78NJ853B,100,96.75,3,0.18,25.8,579.98,54.5
28-Nov-20,Z78JD823B,100,136.66,10,0.05,326.69,8028.16,325.8
28-Nov-20,Z78RI674A,100,121.82,7,0.16,124.13,2969.6,661.1
28-Nov-20,Z78NJ853C,100,193.93,2,0.87,18.99,230.61,168.5
28-Nov-20,Z78RI674B,100,271.92,7,0.31,143.07,3123.2,519.1
28-Nov-20,Z78JD823A,100,231.28,10,0.02,400.32,6082.56,228.6
28-Nov-20,Z78RI674C,100,235.71,2,3.22,15.03,277.46,714.4
28-Nov-20,Z78NJ720C,100,68.59,49,0.18,1.264,43376.64,558.1
28-Nov-20,Z78NJ720B,100,137.84,2,0.1,27.36,194.89,133.9
28-Nov-20,Z78RY069A,100,287.59,1,0.14,14.92,307.08,737.1
28-Nov-20,Z78RI794A,100,346.51,4,0.49,43.72,143.26,297.7
28-Nov-20,Z78NJ350C,100,183.02,5,0.03,107.68,1525.76,251.4
28-Nov-20,Z78NJ853A,100,165.96,1,1.93,11.85,118.04,88.4
28-Nov-20,Z78RI661A,100,185.95,2,0.59,29.13,379.58,152.1
28-Nov-20,Z78RY069B,100,214.45,0,1.16,3.36,34.66,76.1
28-Nov-20,Z78NJ720A,100,56.49,13,0.07,343.94,7065.6,333.9
28-Nov-20,Z78RI794B,100,68.89,8,0.08,110.25,2631.68,235.3
28-Nov-20,Z78MD977C,100,44134.4,7,0.21,49.88,864.65,660.4
28-Nov-20,Z78NJ746B,100,271.44,2,0.01,41.51,918.73,290.6
28-Nov-20,Z78NJ626C,100,211.9,1,0.02,13.55,295.27,373
29-Nov-20,Z78NJ853B,100,86.25,3,0.25,45.07,1320.96,104.7
29-Nov-20,Z78JD823B,100,158.28,10,0.06,308.05,6881.28,395.9
29-Nov-20,Z78RI674A,100,202.12,7,0.03,146.71,4085.76,1.41
29-Nov-20,Z78NJ853C,100,175,2,1.33,27.29,2426.88,2.4
29-Nov-20,Z78RI674B,100,320.86,6,0.13,103.29,1955.84,212.1
29-Nov-20,Z78JD823A,100,140.39,10,0.02,313.64,6031.36,296.8
29-Nov-20,Z78RI674C,100,224.89,2,0.72,11.45,138.81,277.3
29-Nov-20,Z78NJ720C,100,51.86,51,0.46,1.398,25845.76,216.3
29-Nov-20,Z78NJ720B,100,120.47,2,0.16,49.23,600.81,92.7
29-Nov-20,Z78RY069A,100,215.49,1,0.45,8.32,119.85,132.3
29-Nov-20,Z78RI794A,100,95.11,3,0.59,58.7,100.08,170.3
29-Nov-20,Z78NJ350C,100,239.66,6,0.04,165.19,2211.84,203.9
29-Nov-20,Z78NJ853A,100,140.31,1,0.85,6.76,69.87,49.6
29-Nov-20,Z78RI661A,100,199.39,2,0.98,42.58,595.81,269.6
29-Nov-20,Z78RY069B,100,318.26,1,1.37,11.23,58.74,95.5
29-Nov-20,Z78NJ720A,100,67.96,13,0.17,461.05,7557.12,225.1
29-Nov-20,Z78RI794B,100,209.85,9,0.03,249.7,4986.88,209.5
29-Nov-20,Z78MD977C,100,57374.72,8,0.48,46.81,782.65,350.3
29-Nov-20,Z78NJ746B,100,105.28,2,0.08,30.13,1198.08,597.5
29-Nov-20,Z78NJ626C,100,180.47,1,0.01,17.99,432.56,100.9
30-Nov-20,Z78NJ853B,100,173.37,2,0.21,61.13,1904.64,75
30-Nov-20,Z78JD823B,100,180.97,10,0.06,311.06,5980.16,344.5
30-Nov-20,Z78RI674A,100,369.52,7,0.03,131.15,2805.76,451.7
30-Nov-20,Z78NJ853C,100,204,2,0.32,19.75,408.16,302.9
30-Nov-20,Z78RI674B,100,334.89,4,0.17,52.08,1351.68,355.7
30-Nov-20,Z78JD823A,100,195.34,11,0.01,279.7,7004.16,203.5
30-Nov-20,Z78RI674C,100,238.75,2,1.09,11.34,297.14,1.03
30-Nov-20,Z78NJ720C,100,54.65,47,0.59,1.228,19220.48,87.9
30-Nov-20,Z78NJ720B,100,100.9,3,0.09,76.57,1054.72,98.6
30-Nov-20,Z78RY069A,100,261.36,2,0.34,12.26,181.83,243.1
30-Nov-20,Z78RI794A,100,90.83,3,0.06,87.57,460.58,670.4
30-Nov-20,Z78NJ350C,100,226.31,5,0.03,138.01,2478.08,195.7
30-Nov-20,Z78NJ853A,100,179.39,1,2.18,7.22,79.41,61.8
30-Nov-20,Z78RI661A,100,173.81,2,0.51,32.11,376.86,415.9
30-Nov-20,Z78RY069B,100,216.57,1,0.38,6.02,184.57,51.4
30-Nov-20,Z78NJ720A,100,65.85,14,0.47,368.83,6840.32,176.4
30-Nov-20,Z78RI794B,100,180.54,8,0.06,147.08,4362.24,176.5
30-Nov-20,Z78MD977C,100,73164.8,9,0.31,46.26,1792,582.9
30-Nov-20,Z78NJ746B,100,57.5,2,0.51,32.07,932.26,93.7
30-Nov-20,Z78NJ626C,100,176.14,2,0.03,28.56,606.56,87.6
01-Dec-20,Z78NJ853B,100,338.88,2,0.01,63.53,3399.68,3.9
01-Dec-20,Z78JD823B,100,136.75,10,0.13,304.38,6952.96,320.1
01-Dec-20,Z78RI674A,100,286.62,7,0.03,114.28,2416.64,123
01-Dec-20,Z78NJ853C,100,245.16,2,0.05,44.94,1648.64,967.5
01-Dec-20,Z78RI674B,100,340.25,5,0.13,70.66,1730.56,180.9
01-Dec-20,Z78JD823A,100,230.8,11,0.09,576.45,11663.36,673.8
01-Dec-20,Z78RI674C,100,231.93,2,0.4,21.55,373.69,314.2
01-Dec-20,Z78NJ720C,100,49.07,48,0.41,1.236,20869.12,106.2
01-Dec-20,Z78NJ720B,100,52.52,3,0.23,69.05,964.91,81.3
01-Dec-20,Z78RY069A,100,183.85,2,0.24,11.99,201.71,191.2
01-Dec-20,Z78RI794A,100,176.68,3,0.37,66.15,311.05,54
01-Dec-20,Z78NJ350C,100,294.07,6,0.02,148.78,3379.2,427.2
01-Dec-20,Z78NJ853A,100,241.68,1,0.66,6.39,162.27,201
01-Dec-20,Z78RI661A,100,185.44,2,0.39,31.12,468.48,282.7
01-Dec-20,Z78RY069B,100,274.63,1,0.07,16.32,1064.96,92.7
01-Dec-20,Z78NJ720A,100,53.97,13,0.24,243.14,11991.04,448.1
01-Dec-20,Z78RI794B,100,275.6,7,0.04,160.62,4618.24,617.9
01-Dec-20,Z78MD977C,99.58,88770.56,9,0.67,45.64,856.49,404.5
01-Dec-20,Z78NJ746B,100,59.97,2,0.29,38.44,818.11,126.6
01-Dec-20,Z78NJ626C,100,139.22,1,0.13,25.57,413.21,30.1
02-Dec-20,Z78NJ853B,100,178.81,3,0.01,58.29,1372.16,136.1
02-Dec-20,Z78JD823B,100,236.43,10,0.32,476.86,7393.28,425.3
02-Dec-20,Z78RI674A,100,220.18,8,0.02,165.07,7260.16,2.92
02-Dec-20,Z78NJ853C,100,179.47,3,0.03,105.85,8693.76,762.2
02-Dec-20,Z78RI674B,100,195.29,5,0.26,68.81,1474.56,310.9
02-Dec-20,Z78JD823A,100,221.23,10,0.05,529.82,8857.6,246.9
02-Dec-20,Z78RI674C,100,183.73,2,0.81,11.76,112.89,187
02-Dec-20,Z78NJ720C,100,45.91,44,0.78,1.351,18298.88,112.3
02-Dec-20,Z78NJ720B,100,86.71,2,0.18,62.05,742.92,65.9
02-Dec-20,Z78RY069A,100,196.46,1,0.4,13.73,137.14,46.2
02-Dec-20,Z78RI794A,99.76,204.28,3,0.06,87.93,327.45,228.3
02-Dec-20,Z78NJ350C,100,190.1,6,0.02,158.45,3880.96,630.7
02-Dec-20,Z78NJ853A,100,144.24,1,0.28,7.59,232.7,525.9
02-Dec-20,Z78RI661A,100,187.13,2,0.22,56.2,361.69,219.4
02-Dec-20,Z78RY069B,100,302.85,0,0.62,1.75,19.63,164.1
02-Dec-20,Z78NJ720A,100,62.59,12,0.21,342.44,6492.16,177.3
02-Dec-20,Z78RI794B,98.96,208.18,6,0.03,131.19,4290.56,586.7
02-Dec-20,Z78MD977C,100,128122.88,9,0.97,50.92,391.49,229.4
02-Dec-20,Z78NJ746B,100,189.27,2,0.08,47.33,886.55,54.6
02-Dec-20,Z78NJ626C,100,181.58,2,0.12,43.26,749.04,54.2
03-Dec-20,Z78NJ853B,100,184.28,3,0.01,56.46,1402.88,134.9
03-Dec-20,Z78JD823B,100,110.53,11,0.28,384.57,7127.04,358.9
03-Dec-20,Z78RI674A,100,319.82,6,0.03,116.36,2467.84,853.9
03-Dec-20,Z78NJ853C,100,177.87,2,0.02,114.83,11284.48,3.71
03-Dec-20,Z78RI674B,100,338.53,6,0.16,88.55,3338.24,658.2
03-Dec-20,Z78JD823A,100,86.34,9,0.05,200.47,5662.72,301.8
03-Dec-20,Z78RI674C,100,279.47,2,0.62,11.36,348.82,992.4
03-Dec-20,Z78NJ720C,100,61.55,48,0.85,1.268,22589.44,166.9
03-Dec-20,Z78NJ720B,100,106.99,3,0.07,82.82,1546.24,85.1
03-Dec-20,Z78RY069A,100,249.71,1,0.66,8.14,149.42,334.2
03-Dec-20,Z78RI794A,100,155.38,3,0.23,63.04,442.07,117.4
03-Dec-20,Z78NJ350C,100,275.42,5,0.03,133.38,1853.44,155.5
03-Dec-20,Z78NJ853A,100,161.2,1,0.13,3.3,228.37,3.16
03-Dec-20,Z78RI661A,100,106.67,1,0.38,29.13,145.56,153.6
03-Dec-20,Z78RY069B,100,317.23,1,0.08,14.31,293.06,232.2
03-Dec-20,Z78NJ720A,100,71.07,12,0.06,275.46,5785.6,242.7
03-Dec-20,Z78RI794B,100,189.27,7,0.03,188.87,4526.08,166.8
03-Dec-20,Z78MD977C,100,114135.04,11,0.61,50.01,793.26,299.5
03-Dec-20,Z78NJ746B,100,293.73,2,0.02,71.75,1495.04,73.3
03-Dec-20,Z78NJ626C,100,195.44,1,0.03,22.49,666.44,166.9
04-Dec-20,Z78NJ853B,100,242.85,3,0.04,37.64,598.09,124.3
04-Dec-20,Z78JD823B,100,127.58,10,0.24,248.04,5621.76,267.3
04-Dec-20,Z78RI674A,100,238.88,7,0.05,110.86,1802.24,170.4
04-Dec-20,Z78NJ853C,100,174.24,2,0.01,83.87,4976.64,1.51
04-Dec-20,Z78RI674B,100,249.05,5,1.81,117.59,1484.8,376.4
04-Dec-20,Z78JD823A,100,141.29,9,0.05,339.16,9594.88,1.32
04-Dec-20,Z78RI674C,100,221.72,2,0.52,18.84,226.45,560.9
04-Dec-20,Z78NJ720C,100,52.86,47,0.12,1.019,17623.04,192.7
04-Dec-20,Z78NJ720B,100,89.69,4,0.32,68.64,524.17,126
04-Dec-20,Z78RY069A,100,238.54,1,0.61,11.44,219.33,207.1
04-Dec-20,Z78RI794A,100,274.33,3,0.02,53.23,3768.32,3.96
04-Dec-20,Z78NJ350C,100,225.08,5,0.03,119.08,2109.44,493.7
04-Dec-20,Z78NJ853A,100,158.03,0,0.16,2.05,40.75,103.9
04-Dec-20,Z78RI661A,100,201.42,1,1.03,17.85,77.33,111.5
04-Dec-20,Z78RY069B,100,225.29,1,0.04,26.18,324.96,530.1
04-Dec-20,Z78NJ720A,100,134.1,10,0.03,241.82,6912,426.1
04-Dec-20,Z78RI794B,100,183.92,7,0.05,150.23,3379.2,247.6
04-Dec-20,Z78MD977C,100,59811.84,7,0.63,58.92,1116.16,727.6
04-Dec-20,Z78NJ746B,100,73.26,3,0.25,59.25,3123.2,323
04-Dec-20,Z78NJ626C,100,71.42,1,0.02,22.52,567.92,98.9
05-Dec-20,Z78NJ853B,100,418.07,3,0.01,24.03,537.13,1.36
05-Dec-20,Z78JD823B,100,208.46,10,0.04,272.33,5795.84,166.4
05-Dec-20,Z78RI674A,100,338.86,7,0.07,134.63,3399.68,1.68
05-Dec-20,Z78NJ853C,100,209.27,3,0.01,158.01,6850.56,1.76
05-Dec-20,Z78RI674B,100,369.4,6,0.21,71.41,1638.4,680.6
05-Dec-20,Z78JD823A,100,170.79,8,0.04,396.78,6266.88,696.1
05-Dec-20,Z78RI674C,100,290.25,2,0.47,17.35,348.05,537
05-Dec-20,Z78NJ720C,100,54.78,46,0.09,1.094,16199.68,115.8
05-Dec-20,Z78NJ720B,100,96.97,4,0.05,112.58,1382.4,85.9
05-Dec-20,Z78RY069A,100,302.54,1,0.36,12.54,177.39,298.4
05-Dec-20,Z78RI794A,100,121.26,3,0.14,42.04,914.23,373.5
05-Dec-20,Z78NJ350C,100,142.96,5,0.05,112.41,5867.52,871.2
05-Dec-20,Z78NJ853A,100,290.43,2,0.08,26.29,247.6,26.3
05-Dec-20,Z78RI661A,100,204.16,2,1.36,18.97,201.98,176.3
05-Dec-20,Z78RY069B,100,406.05,1,0.05,13.77,346.8,229.8
05-Dec-20,Z78NJ720A,100,63.41,11,0.05,259.6,8386.56,333.3
05-Dec-20,Z78RI794B,100,206.7,6,0.08,140.6,3696.64,195.6
05-Dec-20,Z78MD977C,100,76062.72,9,0.92,65.79,941.76,610.7
05-Dec-20,Z78NJ746B,100,209.73,2,0.04,35.07,776.29,88.8
05-Dec-20,Z78NJ626C,100,88.07,1,0.01,22.52,661.6,154.9
06-Dec-20,Z78NJ853B,100,123.51,3,0.1,46.55,1372.16,147.2
06-Dec-20,Z78JD823B,100,213.55,10,0.05,330.8,6912,335
06-Dec-20,Z78RI674A,100,349.51,7,0.04,123.81,2836.48,1.11
06-Dec-20,Z78NJ853C,100,200.26,2,0.03,106.38,7301.12,922.8
06-Dec-20,Z78RI674B,100,201.44,6,0.6,86.48,4495.36,870.8
06-Dec-20,Z78JD823A,100,137.41,8,0.03,248.35,10711.04,1.64
06-Dec-20,Z78RI674C,100,292.54,2,100,14.25,248.87,333.2
06-Dec-20,Z78NJ720C,100,42.4,48,0.28,1.236,17807.36,94
06-Dec-20,Z78NJ720B,100,61.1,4,0.11,84.24,1105.92,108.1
06-Dec-20,Z78RY069A,100,224.99,1,0.63,6.99,80.96,200.2
06-Dec-20,Z78RI794A,100,111.99,3,0.04,77.77,1904.64,148.2
06-Dec-20,Z78NJ350C,100,232.15,6,0.01,170.05,5867.52,1.54
06-Dec-20,Z78NJ853A,100,320.69,2,0.24,31.92,320.99,76.1
06-Dec-20,Z78RI661A,100,141.19,1,0.35,30.96,254.96,132.8
06-Dec-20,Z78RY069B,100,474.99,1,0.04,17.92,249.87,710.1
06-Dec-20,Z78NJ720A,100,79.67,12,0.02,282.76,5294.08,90.1
06-Dec-20,Z78RI794B,100,166.51,5,0.06,126.21,3614.72,213.2
06-Dec-20,Z78MD977C,100,93061.12,13,1.17,47.41,1146.88,416.9
06-Dec-20,Z78NJ746B,100,147.8,2,0.06,30.45,1054.72,68.7
06-Dec-20,Z78NJ626C,100,96.57,1,0.04,16.31,378.78,106.6
07-Dec-20,Z78NJ853B,100,323.34,3,0.04,68.48,2252.8,255.2
07-Dec-20,Z78JD823B,100,265.89,12,0.01,532.71,125562.88,10.32
07-Dec-20,Z78RI674A,100,277,7,0.03,128.68,2703.36,297.6
07-Dec-20,Z78NJ853C,100,243.23,2,0.02,128.82,7546.88,558.7
07-Dec-20,Z78RI674B,100,277.3,7,0.38,88.73,2211.84,137.9
07-Dec-20,Z78JD823A,100,273.2,8,0.04,320.9,6123.52,857.1
07-Dec-20,Z78RI674C,100,147.15,2,0.68,11.36,193.09,329.3
07-Dec-20,Z78NJ720C,100,51.35,50,0.33,1.238,22589.44,143.4
07-Dec-20,Z78NJ720B,100,117.25,3,0.05,78.99,1208.32,236.1
07-Dec-20,Z78RY069A,100,302.47,1,0.24,8.93,114.39,129.4
07-Dec-20,Z78RI794A,100,229.17,3,0.05,63.26,1720.32,1.76
07-Dec-20,Z78NJ350C,100,116.81,6,0.02,173.17,4700.16,752.5
07-Dec-20,Z78NJ853A,100,260.64,2,0.49,35.91,283.81,47
07-Dec-20,Z78RI661A,100,179.97,2,0.34,31.58,442.85,81.7
07-Dec-20,Z78RY069B,100,408.07,1,0.08,7.47,121.35,220.5
07-Dec-20,Z78NJ720A,100,100.13,12,0.02,391.94,7669.76,210
07-Dec-20,Z78RI794B,100,324.5,7,0.03,171.78,8120.32,813.7
07-Dec-20,Z78MD977C,100,85862.4,11,0.33,45.53,1812.48,563.9
07-Dec-20,Z78NJ746B,100,99.47,2,0.02,31.71,939.1,370.6
07-Dec-20,Z78NJ626C,100,208.84,1,0.01,105.43,1464.32,42.9
08-Dec-20,Z78NJ853B,100,175.15,3,0.23,93.63,987.69,109.1
08-Dec-20,Z78JD823B,100,188.89,12,0.03,290.39,7587.84,404.6
08-Dec-20,Z78RI674A,100,369.22,7,0.04,138.18,4116.48,949
08-Dec-20,Z78NJ853C,100,203.45,3,0.01,139.29,5867.52,365.4
08-Dec-20,Z78RI674B,100,242.65,6,0.12,89.79,6533.12,2.21
08-Dec-20,Z78JD823A,100,162.75,9,0.05,279.51,4935.68,385.4
08-Dec-20,Z78RI674C,100,235.83,2,0.43,14.98,188.95,307.4
08-Dec-20,Z78NJ720C,99.23,56.13,46,0.51,1.218,19302.4,125.5
08-Dec-20,Z78NJ720B,99.27,248.1,2,0.44,28,88.9,96.3
08-Dec-20,Z78RY069A,100,210.09,1,0.5,7.52,135.1,138
08-Dec-20,Z78RI794A,100,137.98,3,0.38,46.69,105.11,75.4
08-Dec-20,Z78NJ350C,100,182.04,6,0.05,162.96,6420.48,607.3
08-Dec-20,Z78NJ853A,100,218.62,2,0.17,20.74,252.09,47.5
08-Dec-20,Z78RI661A,100,141.5,2,0.66,44.23,577.23,149
08-Dec-20,Z78RY069B,100,396.08,1,0.07,19.89,453.31,218.9
08-Dec-20,Z78NJ720A,99.21,110.43,13,0.02,343.02,6912,203.5
08-Dec-20,Z78RI794B,100,197.63,8,0.04,212.15,4526.08,107.5
08-Dec-20,Z78MD977C,100,127047.68,12,0.47,46.87,1894.4,492.3
08-Dec-20,Z78NJ746B,100,221.85,2,0.01,63.2,1505.28,222.3
08-Dec-20,Z78NJ626C,100,127.87,1,0.02,23.35,569.26,373.4
09-Dec-20,Z78NJ853B,100,391.07,3,0.02,159.27,2129.92,409.3
09-Dec-20,Z78JD823B,100,181.32,11,0.05,309.67,8837.12,571.2
09-Dec-20,Z78RI674A,100,319.39,7,0.06,140.7,3307.52,228.1
09-Dec-20,Z78NJ853C,100,192.19,2,0.02,148.59,7854.08,588.8
09-Dec-20,Z78RI674B,100,266.49,7,0.09,98.66,2631.68,244.1
09-Dec-20,Z78JD823A,100,81.34,11,0.03,417.22,12318.72,1.29
09-Dec-20,Z78RI674C,100,200.65,2,0.41,18.33,447.11,375.8
09-Dec-20,Z78NJ720C,100,53.59,51,0.22,1.466,23818.24,169.9
09-Dec-20,Z78NJ720B,100,189.41,2,0.64,31,176.24,180.9
09-Dec-20,Z78RY069A,100,302.79,1,0.85,8.91,121.87,99.1
09-Dec-20,Z78RI794A,100,368.14,3,0.11,58.31,272.46,439.5
09-Dec-20,Z78NJ350C,100,159.65,5,0.05,115.54,2764.8,274.2
09-Dec-20,Z78NJ853A,100,184.27,2,0.71,20.61,640.67,360.1
09-Dec-20,Z78RI661A,100,176.71,2,0.29,51.16,605.81,151.4
09-Dec-20,Z78RY069B,100,410.14,1,0.06,9.2,127.21,239.1
09-Dec-20,Z78NJ720A,100,73.8,12,0.03,456.72,8652.8,286.5
09-Dec-20,Z78RI794B,100,244.72,8,0.05,213.62,3594.24,109.8
09-Dec-20,Z78MD977C,99.56,84377.6,9,0.2,45.62,3522.56,849.1
09-Dec-20,Z78NJ746B,100,248.91,2,0.03,25.73,624.4,165.2
09-Dec-20,Z78NJ626C,100,66.19,1,0.04,16.87,464.9,83.5
10-Dec-20,Z78NJ853B,100,346.26,3,0.04,60.76,644.68,422.8
10-Dec-20,Z78JD823B,100,166.49,10,0.07,612.82,13076.48,222.7
10-Dec-20,Z78RI674A,100,328.05,8,0.05,176.41,3962.88,492.5
10-Dec-20,Z78NJ853C,100,138.96,2,0.03,115.15,6369.28,630.5
10-Dec-20,Z78RI674B,100,287.64,8,0.21,112.14,3409.92,609.3
10-Dec-20,Z78JD823A,100,132.83,10,0.01,323.51,9297.92,1.4
10-Dec-20,Z78RI674C,100,239.95,3,1.44,18.45,495.34,449.1
10-Dec-20,Z78NJ720C,100,54.71,49,0.11,1.405,19118.08,99.8
10-Dec-20,Z78NJ720B,100,159.95,3,0.04,65.1,1187.84,240
10-Dec-20,Z78RY069A,100,335.6,1,0.54,17.64,280.59,1.58
10-Dec-20,Z78RI794A,100,165.73,4,0.33,72,880.53,142.1
10-Dec-20,Z78NJ350C,100,205.38,6,0.04,150.81,4321.28,266.2
10-Dec-20,Z78NJ853A,100,146.4,2,0.36,17.07,698.53,533.9
10-Dec-20,Z78RI661A,100,187.37,2,0.27,38.18,395.02,122.3
10-Dec-20,Z78RY069B,100,540.31,1,0.07,12.51,306.72,260.9
10-Dec-20,Z78NJ720A,100,66.37,12,0.04,364.19,8151.04,262.5
10-Dec-20,Z78RI794B,100,162.3,8,0.03,165.04,4915.2,211.6
10-Dec-20,Z78MD977C,100,112230.4,12,0.11,51.28,1105.92,410
10-Dec-20,Z78NJ746B,100,62.16,2,0.15,38.13,1474.56,144.6
10-Dec-20,Z78NJ626C,100,67.24,1,0.04,14.38,461.25,51.5
11-Dec-20,Z78NJ853B,100,306.79,2,0.12,20.02,285.9,245.1
11-Dec-20,Z78JD823B,100,208.69,11,0.07,383.64,8898.56,210.3
11-Dec-20,Z78RI674A,100,310.25,10,0.08,297.14,7208.96,1.52
11-Dec-20,Z78NJ853C,100,106.09,3,0.04,97.04,4177.92,892.3
11-Dec-20,Z78RI674B,100,290.37,8,0.15,142.1,4945.92,953.1
11-Dec-20,Z78JD823A,100,181.39,10,0.02,372.41,19896.32,1.55
11-Dec-20,Z78RI674C,100,248.14,2,0.27,16.47,242.18,650.4
11-Dec-20,Z78NJ720C,100,48.16,47,0.12,1.294,19609.6,148.5
11-Dec-20,Z78NJ720B,100,223.04,4,0.07,171.65,1771.52,116.8
11-Dec-20,Z78RY069A,100,253.85,2,0.37,16.44,154.67,137.8
11-Dec-20,Z78RI794A,100,115.55,3,0.31,57.25,1341.44,392.3
11-Dec-20,Z78NJ350C,100,249.02,6,0.14,141.56,3266.56,418.2
11-Dec-20,Z78NJ853A,100,295.01,2,0.4,19.13,167.11,46.4
11-Dec-20,Z78RI661A,100,252.48,1,0.71,24.83,104.69,151.8
11-Dec-20,Z78RY069B,100,400.75,1,0.2,6.48,225.76,625.8
11-Dec-20,Z78NJ720A,100,67.49,13,0.08,306.47,5775.36,251.8
11-Dec-20,Z78RI794B,100,173.18,7,0.02,166.93,3317.76,255.7
11-Dec-20,Z78MD977C,100,99563.52,10,0.13,57.53,1740.8,645.5
11-Dec-20,Z78NJ746B,100,246.5,2,0.04,58.23,1392.64,115
11-Dec-20,Z78NJ626C,100,86.39,1,0.02,31.36,670.15,64.4
12-Dec-20,Z78NJ853B,100,455.21,3,0.03,34.36,359.81,1.89
12-Dec-20,Z78JD823B,100,121.21,10,0.04,435.45,8427.52,108.9
12-Dec-20,Z78RI674A,100,308.77,10,0.03,168.15,3471.36,686
12-Dec-20,Z78NJ853C,100,242.48,2,0.03,93.27,6062.08,1.17
12-Dec-20,Z78RI674B,100,285.84,8,0.13,102.25,3655.68,605
12-Dec-20,Z78JD823A,100,149.63,11,0.02,266.8,9318.4,847.2
12-Dec-20,Z78RI674C,100,271.92,2,0.76,19.96,274.14,277.6
12-Dec-20,Z78NJ720C,100,50.68,49,0.29,1.516,21176.32,138.1
12-Dec-20,Z78NJ720B,100,167.24,4,0.09,98.63,949.91,185.5
12-Dec-20,Z78RY069A,100,318.93,2,0.26,30.62,616.09,859.5
12-Dec-20,Z78RI794A,100,158.33,2,0.26,43.79,419.09,89.8
12-Dec-20,Z78NJ350C,100,166.09,7,0.07,155.2,3993.6,412.4
12-Dec-20,Z78NJ853A,100,245.7,2,0.19,14.42,225.91,93.6
12-Dec-20,Z78RI661A,99.95,161.81,2,0.28,56.12,642.82,386.6
12-Dec-20,Z78RY069B,100,466.76,0,0.06,7.21,107.42,401.9
12-Dec-20,Z78NJ720A,100,107.22,14,0.09,373.93,9144.32,343
12-Dec-20,Z78RI794B,100,194.07,8,0.06,168.63,3584,227.9
12-Dec-20,Z78MD977C,100,129812.48,8,0.2,76.37,2252.8,839.2
12-Dec-20,Z78NJ746B,100,99.3,3,0.02,57.97,1751.04,253.1
12-Dec-20,Z78NJ626C,100,61.19,2,0.03,52.2,805.84,225.4
13-Dec-20,Z78NJ853B,100,160.87,3,0.01,48.63,1198.08,5.59
13-Dec-20,Z78JD823B,100,114.7,11,0.05,464.46,9154.56,136.6
13-Dec-20,Z78RI674A,100,345.56,9,0.04,260.61,5396.48,540.5
13-Dec-20,Z78NJ853C,100,192.52,3,0.02,117.36,4853.76,473.8
13-Dec-20,Z78RI674B,100,307.4,6,0.29,83.16,3112.96,406.5
13-Dec-20,Z78JD823A,100,54.16,10,0.13,252.47,4280.32,150.5
13-Dec-20,Z78RI674C,100,240.46,2,0.56,16.51,373.16,467.1
13-Dec-20,Z78NJ720C,100,49.05,54,0.09,1.488,23244.8,108.7
13-Dec-20,Z78NJ720B,100,269.02,4,0.04,87.78,2129.92,247
13-Dec-20,Z78RY069A,100,252.37,2,0.13,36.89,424.53,172
13-Dec-20,Z78RI794A,100,121.94,3,0.24,57.99,670.01,72.4
13-Dec-20,Z78NJ350C,100,169.96,7,0.11,152.8,4823.04,288
13-Dec-20,Z78NJ853A,100,203.8,2,0.39,15.8,158.73,50.9
13-Dec-20,Z78RI661A,100,127.49,3,0.3,40.12,367.75,210
13-Dec-20,Z78RY069B,100,472.64,1,0.27,8.77,113.55,180.9
13-Dec-20,Z78NJ720A,100,92.2,15,0.11,442.09,10280.96,539.7
13-Dec-20,Z78RI794B,100,177.08,10,0.06,240,4454.4,151
13-Dec-20,Z78MD977C,100,110684.16,10,0.19,48.25,3246.08,716.1
13-Dec-20,Z78NJ746B,100,72.88,1,0.06,19.77,914.24,119.9
13-Dec-20,Z78NJ626C,100,213.25,3,0.03,46.02,706.18,86.5
14-Dec-20,Z78NJ853B,100,343.45,3,0.03,43.97,1187.84,1.07
14-Dec-20,Z78JD823B,100,173.1,13,0.05,532.25,13414.4,436.5
14-Dec-20,Z78RI674A,100,220.26,10,0.05,282.95,5201.92,313.2
14-Dec-20,Z78NJ853C,100,160.35,2,0.78,29.47,1320.96,406.6
14-Dec-20,Z78RI674B,100,181.54,7,0.13,111.11,2856.96,137
14-Dec-20,Z78JD823A,100,110.9,10,0.05,216.48,5109.76,318.7
14-Dec-20,Z78RI674C,100,245.22,2,1.01,17.39,282.55,237.8
14-Dec-20,Z78NJ720C,100,34.66,54,0.08,1.441,23480.32,115.3
14-Dec-20,Z78NJ720B,100,301.52,4,0.04,77.14,1812.48,177.7
14-Dec-20,Z78RY069A,100,305.32,2,0.27,33.05,576.74,861
14-Dec-20,Z78RI794A,100,290.45,4,0.07,74.69,1239.04,543.6
14-Dec-20,Z78NJ350C,100,173.89,7,0.07,188.62,4792.32,202.3
14-Dec-20,Z78NJ853A,100,224.26,2,0.14,18.07,438.3,179.6
14-Dec-20,Z78RI661A,100,67.03,3,0.34,38.82,479.14,293.4
14-Dec-20,Z78RY069B,100,458.57,1,0.12,8.31,148.48,180.2
14-Dec-20,Z78NJ720A,100,120.88,16,0.3,491.41,9226.24,467.8
14-Dec-20,Z78RI794B,100,256.31,10,0.03,247.35,5754.88,354.6
14-Dec-20,Z78MD977C,100,98283.52,10,0.15,48.87,1832.96,589.5
14-Dec-20,Z78NJ746B,100,288.78,1,0.02,24.72,998,1.07
14-Dec-20,Z78NJ626C,100,139.81,2,0.03,39.39,993.75,298.2
15-Dec-20,Z78NJ853B,100,283.91,2,0.02,31.02,865.87,346.2
15-Dec-20,Z78JD823B,100,147.06,12,0.05,464.73,9349.12,163.5
15-Dec-20,Z78RI674A,100,313.93,11,0.06,204.37,3450.88,262.4
15-Dec-20,Z78NJ853C,100,196.74,3,0.07,51.04,2385.92,628.5
15-Dec-20,Z78RI674B,100,202.4,7,0.36,99.95,1996.8,237.9
15-Dec-20,Z78JD823A,100,209.26,11,0.08,361.91,7147.52,261
15-Dec-20,Z78RI674C,100,245.76,2,0.66,19.93,410.33,310
15-Dec-20,Z78NJ720C,100,27.4,52,0.37,1.378,23695.36,122.5
15-Dec-20,Z78NJ720B,100,146.47,4,0.06,71.37,1495.04,175.5
15-Dec-20,Z78RY069A,100,266.45,3,0.2,33.03,764.55,761.9
15-Dec-20,Z78RI794A,100,288.51,4,0.04,82.03,1576.96,1.24
15-Dec-20,Z78NJ350C,100,188.03,6,0.09,176.14,6277.12,533.6
15-Dec-20,Z78NJ853A,100,200.61,2,0.13,43.02,1034.24,131.1
15-Dec-20,Z78RI661A,100,78.16,3,0.88,34.07,295.56,180.9
15-Dec-20,Z78RY069B,100,324.22,1,0.35,10.32,175.03,437.5
15-Dec-20,Z78NJ720A,100,42.11,14,0.15,326.67,10547.2,586.9
15-Dec-20,Z78RI794B,100,159.85,9,0.04,238.29,4331.52,117.6
15-Dec-20,Z78MD977C,99.67,141342.72,13,0.2,53.2,1372.16,430.4
15-Dec-20,Z78NJ746B,100,217,2,0.05,111.48,2088.96,214.8
15-Dec-20,Z78NJ626C,100,81.3,1,0.02,16.05,523.66,283.4
16-Dec-20,Z78NJ853B,100,237.19,3,0.04,58.84,1208.32,566
16-Dec-20,Z78JD823B,100,119.32,12,0.08,434.07,9154.56,252.1
16-Dec-20,Z78RI674A,100,352.67,12,0.06,245.27,4812.8,675.8
16-Dec-20,Z78NJ853C,100,231.39,3,0.02,113.82,5601.28,872.5
16-Dec-20,Z78RI674B,100,290.83,8,0.16,114.51,2498.56,337.7
16-Dec-20,Z78JD823A,100,153.44,9,0.05,314.56,5498.88,304.6
16-Dec-20,Z78RI674C,100,204.82,2,0.38,17.83,302.78,275.2
16-Dec-20,Z78NJ720C,99.15,46.69,48,0.42,1.281,21811.2,140.6
16-Dec-20,Z78NJ720B,99.2,168.91,4,0.1,59.62,907.46,146.8
16-Dec-20,Z78RY069A,100,167.54,3,0.1,41.19,639.35,54.9
16-Dec-20,Z78RI794A,100,165.62,4,0.13,92.76,793.01,264.3
16-Dec-20,Z78NJ350C,100,240.9,7,0.04,232.4,5488.64,492.3
16-Dec-20,Z78NJ853A,100,172.95,2,0.38,20.58,239.23,112.5
16-Dec-20,Z78RI661A,100,92.16,3,1.1,76.85,298.07,122.2
16-Dec-20,Z78RY069B,100,294.23,1,0.07,36.77,643.79,306.6
16-Dec-20,Z78NJ720A,99.14,68.95,14,0.16,414.46,10352.64,419.7
16-Dec-20,Z78RI794B,100,225.93,8,0.03,256.65,8642.56,609.1
16-Dec-20,Z78MD977C,100,108462.08,10,0.39,49.89,613.03,312
16-Dec-20,Z78NJ746B,100,84.14,2,0.28,69.09,1290.24,114.9
16-Dec-20,Z78NJ626C,100,40.4,1,0.05,40.36,831.64,161
17-Dec-20,Z78NJ853B,100,273.89,3,0.41,33.99,752.46,250.2
17-Dec-20,Z78JD823B,100,157.35,12,0.08,391.93,7966.72,192.3
17-Dec-20,Z78RI674A,100,298.28,12,0.03,259.61,4526.08,690.6
17-Dec-20,Z78NJ853C,100,288.48,3,0.03,99.16,3880.96,527.7
17-Dec-20,Z78RI674B,100,322.28,9,0.13,114.64,3072,504
17-Dec-20,Z78JD823A,100,112.39,11,0.03,328.81,8007.68,288.4
17-Dec-20,Z78RI674C,100,198.22,2,0.67,15.35,220.68,134.8
17-Dec-20,Z78NJ720C,100,47.18,51,0.37,1.486,19333.12,88.8
17-Dec-20,Z78NJ720B,100,147.37,4,0.08,77.92,1126.4,161.9
17-Dec-20,Z78RY069A,100,205.47,2,0.18,32.25,474.73,397.9
17-Dec-20,Z78RI794A,100,90.33,4,0.13,66.58,562.06,131.4
17-Dec-20,Z78NJ350C,100,136.06,7,0.15,177.4,3287.04,238.2
17-Dec-20,Z78NJ853A,100,255.77,2,0.34,22.28,555.95,314
17-Dec-20,Z78RI661A,100,158.8,3,0.29,39.31,594.8,406
17-Dec-20,Z78RY069B,100,328.65,2,0.11,27.54,453.66,1.13
17-Dec-20,Z78NJ720A,100,112.58,14,0.07,694.26,10700.8,320.6
17-Dec-20,Z78RI794B,100,113.95,9,0.03,300.99,7546.88,131.6
17-Dec-20,Z78MD977C,100,123699.2,11,0.68,55.82,691.26,328.8
17-Dec-20,Z78NJ746B,100,47.49,2,0.12,65.47,1443.84,115.8
17-Dec-20,Z78NJ626C,100,183.59,0,0.07,4.74,138.3,2.04
18-Dec-20,Z78NJ853B,100,321.41,3,0.1,37.1,841.07,232.7
18-Dec-20,Z78JD823B,100,169.42,12,0.11,422.74,8878.08,289.5
18-Dec-20,Z78RI674A,100,251.92,14,0.05,382.15,8089.6,984.4
18-Dec-20,Z78NJ853C,100,220.06,3,0.04,74.35,2580.48,262.7
18-Dec-20,Z78RI674B,100,345.6,9,0.17,134.2,2826.24,329
18-Dec-20,Z78JD823A,100,89.56,11,0.15,316.52,6021.12,160.6
18-Dec-20,Z78RI674C,100,278.3,3,0.63,23.33,291.54,204.6
18-Dec-20,Z78NJ720C,100,58.29,52,0.16,1.336,20019.2,121.9
18-Dec-20,Z78NJ720B,100,186.18,5,0.14,74.02,957.8,85.3
18-Dec-20,Z78RY069A,100,316.55,2,0.18,28.09,557.51,525
18-Dec-20,Z78RI794A,100,199.52,5,0.16,66.18,645.92,126
18-Dec-20,Z78NJ350C,100,162.11,6,0.08,165.15,3297.28,517.5
18-Dec-20,Z78NJ853A,100,278.16,2,0.48,14.55,245.46,197.6
18-Dec-20,Z78RI661A,100,178.49,2,0.73,15.91,215.27,124.3
18-Dec-20,Z78RY069B,100,329.53,2,0.14,28.88,291.27,305.4
18-Dec-20,Z78NJ720A,100,57.89,15,0.05,322.86,7587.84,370.6
18-Dec-20,Z78RI794B,100,162.23,7,0.1,173.21,3348.48,76.7
18-Dec-20,Z78MD977C,100,89036.8,9,0.47,61.52,339.69,257.3
18-Dec-20,Z78NJ746B,100,250.54,2,0.02,30.25,1044.48,172
18-Dec-20,Z78NJ626C,100,113.4,1,0.03,10.85,304.09,377.9
19-Dec-20,Z78NJ853B,100,293.94,3,0.01,44.54,679.42,1.02
19-Dec-20,Z78JD823B,100,160.46,12,0.1,329.52,7690.24,205.5
19-Dec-20,Z78RI674A,100,270.1,13,0.05,260.15,5191.68,284.1
19-Dec-20,Z78NJ853C,100,234.92,4,0.06,97.4,2693.12,217.2
19-Dec-20,Z78RI674B,100,297.46,10,0.19,124.47,3317.76,490.8
19-Dec-20,Z78JD823A,100,187.74,11,0.04,336.52,7024.64,478.5
19-Dec-20,Z78RI674C,100,284.89,3,1.44,20.06,283.91,310.9
19-Dec-20,Z78NJ720C,99.07,59.18,50,0.21,1.328,20510.72,104.3
19-Dec-20,Z78NJ720B,99.04,222.12,4,0.11,61.75,905.09,132.8
19-Dec-20,Z78RY069A,100,253.49,3,0.07,42.84,1126.4,1.59
19-Dec-20,Z78RI794A,100,294.16,5,0.07,85.04,857.08,898.3
19-Dec-20,Z78NJ350C,100,147.42,7,0.22,152.04,4915.2,366.8
19-Dec-20,Z78NJ853A,100,196.13,2,0.7,17.24,509.95,327.7
19-Dec-20,Z78RI661A,100,169.24,3,0.32,26.13,685.83,530
19-Dec-20,Z78RY069B,100,447.23,1,0.26,19.67,920.77,5.89
19-Dec-20,Z78NJ720A,99,37.23,15,0.16,394.32,14407.68,461
19-Dec-20,Z78RI794B,100,195.71,7,0.11,163.8,4751.36,668.1
19-Dec-20,Z78MD977C,100,144209.92,11,0.26,61.82,638.94,326.9
19-Dec-20,Z78NJ746B,100,100.78,2,0.05,24.31,923.44,170.7
19-Dec-20,Z78NJ626C,100,274.98,1,0.02,18.82,752.68,855.9
20-Dec-20,Z78NJ853B,100,104.39,4,0.01,82.44,1495.04,290.3
20-Dec-20,Z78JD823B,100,124.95,14,0.12,352.28,9656.32,265.7
20-Dec-20,Z78RI674A,100,325.32,12,0.02,415.63,6205.44,194.3
20-Dec-20,Z78NJ853C,100,230.06,3,0.03,113.57,5437.44,1.29
20-Dec-20,Z78RI674B,100,313.65,8,0.12,118.18,21002.24,5.12
20-Dec-20,Z78JD823A,100,122.06,10,0.02,380.22,10158.08,1.09
20-Dec-20,Z78RI674C,100,215.05,2,0.65,19.57,427.19,1.19
20-Dec-20,Z78NJ720C,100,45.88,53,0.26,1.329,20367.36,112.4
20-Dec-20,Z78NJ720B,100,89.29,6,0.08,132,2078.72,220.2
20-Dec-20,Z78RY069A,100,261.52,3,0.11,43.15,1126.4,1.79
20-Dec-20,Z78RI794A,100,292.72,5,0.06,105.28,752.47,237.4
20-Dec-20,Z78NJ350C,100,144.72,7,0.13,137.18,3164.16,165
20-Dec-20,Z78NJ853A,100,370.95,1,0.37,12.34,249.35,238.3
20-Dec-20,Z78RI661A,100,219.87,4,0.52,42.53,528.9,216.1
20-Dec-20,Z78RY069B,100,471.42,1,0.26,21.14,191.87,304.5
20-Dec-20,Z78NJ720A,100,72.95,14,0.05,357.13,7577.6,161.5
20-Dec-20,Z78RI794B,100,192.7,7,0.06,218.32,3973.12,185.9
20-Dec-20,Z78MD977C,100,117780.48,11,0.36,54.49,4587.52,1.1
20-Dec-20,Z78NJ746B,99.9,39.05,2,0.02,39.87,1372.16,99.4
20-Dec-20,Z78NJ626C,100,197.43,2,0.04,25.32,600.42,197.8
21-Dec-20,Z78NJ853B,100,244.34,4,0.02,107.15,1904.64,465.1
21-Dec-20,Z78JD823B,100,179.08,13,0.06,357.16,9338.88,605.3
21-Dec-20,Z78RI674A,100,383.36,12,0.04,252.63,3829.76,268.6
21-Dec-20,Z78NJ853C,100,175.15,2,0.03,111.66,5335.04,807.2
21-Dec-20,Z78RI674B,100,315.21,9,0.18,123.36,2590.72,234.7
21-Dec-20,Z78JD823A,100,203.38,9,0.08,262.78,4362.24,220.6
21-Dec-20,Z78RI674C,100,238.24,2,1.1,14.32,173.78,153.5
21-Dec-20,Z78NJ720C,100,62.8,54,0.35,1.81,26275.84,122.4
21-Dec-20,Z78NJ720B,100,170.69,5,0.09,89.62,1290.24,123
21-Dec-20,Z78RY069A,100,286.36,3,0.09,36.47,1955.84,4.27
21-Dec-20,Z78RI794A,100,130.99,4,0.27,70.08,806.43,127.6
21-Dec-20,Z78NJ350C,100,181.05,7,0.09,162.59,2918.4,115.8
21-Dec-20,Z78NJ853A,100,104.48,2,0.3,12.42,141.69,24.9
21-Dec-20,Z78RI661A,100,74.01,4,0.35,36.57,739.78,342.9
21-Dec-20,Z78RY069B,100,507.26,2,0.19,23.11,283.02,445.9
21-Dec-20,Z78NJ720A,100,81.55,15,0.07,623.2,10618.88,427.7
21-Dec-20,Z78RI794B,100,258.04,8,0.03,294.57,4556.8,188.3
21-Dec-20,Z78MD977C,100,135342.08,11,0.16,50.5,5355.52,1.06
21-Dec-20,Z78NJ746B,100,56.83,2,0.11,28.41,789.31,140.6
21-Dec-20,Z78NJ626C,99.94,153.66,2,0.03,46.52,1085.44,142.3
22-Dec-20,Z78NJ853B,100,256.47,4,0.03,69.29,1372.16,162.5
22-Dec-20,Z78JD823B,100,164.6,15,0.07,373.03,24535.04,2.84
22-Dec-20,Z78RI674A,100,290.42,11,0.08,249.81,5283.84,555.8
22-Dec-20,Z78NJ853C,100,191.98,3,0.04,107.78,6123.52,1.1
22-Dec-20,Z78RI674B,100,297.09,8,0.29,97.84,2764.8,267.5
22-Dec-20,Z78JD823A,100,218.36,10,0.05,335.43,5160.96,200.4
22-Dec-20,Z78RI674C,100,214.69,3,0.59,19.21,271.92,199.4
22-Dec-20,Z78NJ720C,100,61.08,61,0.27,1.591,23736.32,207.2
22-Dec-20,Z78NJ720B,100,181.07,4,0.1,103.47,3430.4,220.2
22-Dec-20,Z78RY069A,100,146.05,2,0.08,57.16,1064.96,1.44
22-Dec-20,Z78RI794A,100,297.68,4,0.22,61.92,675.88,137
22-Dec-20,Z78NJ350C,100,202.6,7,0.06,163.62,2160.64,156.3
22-Dec-20,Z78NJ853A,100,172,1,0.42,10.07,177.33,238.9
22-Dec-20,Z78RI661A,100,193.05,4,0.83,43.72,892.79,368.2
22-Dec-20,Z78RY069B,100,492.52,1,0.24,11.51,265.53,4.96
22-Dec-20,Z78NJ720A,100,110.35,19,0.12,638.47,7680,243.4
22-Dec-20,Z78RI794B,100,211.89,8,0.04,380.55,6789.12,373.5
22-Dec-20,Z78MD977C,100,158566.4,11,0.19,53.23,5416.96,1.1
22-Dec-20,Z78NJ746B,100,88.22,2,0.14,21.76,741.63,73
22-Dec-20,Z78NJ626C,100,257.08,2,0.12,30.48,936.39,194.6
23-Dec-20,Z78NJ853B,100,62.26,4,0.24,96.13,1996.8,180.1
23-Dec-20,Z78JD823B,100,187.04,14,0.13,383.12,7915.52,523
23-Dec-20,Z78RI674A,100,304.15,10,0.08,156.04,4096,649.9
23-Dec-20,Z78NJ853C,100,213.85,4,0.03,124.39,4177.92,434.2
23-Dec-20,Z78RI674B,100,340.9,8,0.39,119.67,4157.44,934.1
23-Dec-20,Z78JD823A,100,283.39,9,0.03,273.89,4741.12,895.7
23-Dec-20,Z78RI674C,100,281.51,3,0.52,23.31,402.36,357.3
23-Dec-20,Z78NJ720C,100,66.12,62,0.24,1.502,23900.16,227.7
23-Dec-20,Z78NJ720B,100,160.88,5,0.18,110.84,1822.72,283.5
23-Dec-20,Z78RY069A,100,277.22,2,0.14,31.86,920.58,731.9
23-Dec-20,Z78RI794A,100,255.89,5,0.14,78.47,1034.24,207.4
23-Dec-20,Z78NJ350C,100,191.67,7,0.19,167.77,2959.36,363.8
23-Dec-20,Z78NJ853A,100,332.63,2,0.6,14.59,206.53,175.4
23-Dec-20,Z78RI661A,100,100.84,4,0.72,67.38,895.41,361.9
23-Dec-20,Z78RY069B,100,342.25,1,0.46,14.04,231.2,677.2
23-Dec-20,Z78NJ720A,100,68.79,18,0.12,533.51,8335.36,290.6
23-Dec-20,Z78RI794B,100,190.07,8,0.04,289.87,5693.44,306.6
23-Dec-20,Z78MD977C,100,117104.64,10,0.23,54.06,784.31,383
23-Dec-20,Z78NJ746B,100,69.66,2,0.26,21.82,729.54,53.9
23-Dec-20,Z78NJ626C,100,170.61,3,0.03,40.81,1894.4,859.5
24-Dec-20,Z78NJ853B,100,178.96,4,0.09,67.03,1474.56,186.1
24-Dec-20,Z78JD823B,100,165.01,14,0.23,412.4,12195.84,1.17
24-Dec-20,Z78RI674A,100,277.96,11,0.11,188.07,3358.72,716.7
24-Dec-20,Z78NJ853C,100,144.41,3,0.02,107.03,4423.68,1.04
24-Dec-20,Z78RI674B,100,291.85,9,0.43,98.82,4331.52,676.2
24-Dec-20,Z78JD823A,100,206.09,9,0.08,259.79,4065.28,298.3
24-Dec-20,Z78RI674C,100,176.48,3,0.69,24.72,708.82,352.5
24-Dec-20,Z78NJ720C,100,85.47,61,0.21,1.424,20633.6,201.7
24-Dec-20,Z78NJ720B,100,45.08,4,0.15,68.99,866.89,193.1
24-Dec-20,Z78RY069A,80.8,17.68,1,0.73,3.64,87.28,328.3
24-Dec-20,Z78RI794A,100,104.81,5,0.35,69.87,978.94,114.5
24-Dec-20,Z78NJ350C,100,205.23,7,0.19,251.78,1382.4,120.2
24-Dec-20,Z78NJ853A,100,284.43,1,29.11,13.98,157.87,253.7
24-Dec-20,Z78RI661A,100,209.21,4,0.48,39.25,1474.56,1.29
24-Dec-20,Z78RY069B,95.54,297.42,2,0.18,24.74,571.92,1.49
24-Dec-20,Z78NJ720A,100,46.2,18,0.09,360.77,6891.52,233.9
24-Dec-20,Z78RI794B,100,277.68,8,0.05,250.37,6645.76,448.6
24-Dec-20,Z78MD977C,100,94248.96,10,0.23,51.56,2396.16,722.8
24-Dec-20,Z78NJ746B,100,90.83,2,0.45,39.31,812.73,62
24-Dec-20,Z78NJ626C,100,172.11,3,0.04,54.9,1341.44,147.8
25-Dec-20,Z78NJ853B,100,388.31,3,0.01,109.69,1116.16,369.8
25-Dec-20,Z78JD823B,100,161.71,13,0.05,316.68,8755.2,498.8
25-Dec-20,Z78RI674A,100,323.48,11,0.06,165.1,4485.12,721.4
25-Dec-20,Z78NJ853C,100,190.59,3,0.05,98.56,5980.16,1.31
25-Dec-20,Z78RI674B,100,299.71,10,0.57,147.06,2293.76,139
25-Dec-20,Z78JD823A,100,321.5,8,0.04,325.15,4536.32,286.8
25-Dec-20,Z78RI674C,100,255.44,2,0.49,23.87,646.74,880.9
25-Dec-20,Z78NJ720C,100,89.24,60,0.2,1.372,16814.08,198.5
25-Dec-20,Z78NJ720B,100,181.64,3,0.56,37.97,288.33,195.3
25-Dec-20,Z78RY069A,100,15.1,1,1.25,4.32,251.38,403.8
25-Dec-20,Z78RI794A,100,144.05,5,0.06,109.4,8642.56,1.58
25-Dec-20,Z78NJ350C,100,219.24,7,0.32,132.92,1802.24,131
25-Dec-20,Z78NJ853A,100,263.59,2,1.2,17.34,397.2,221.2
25-Dec-20,Z78RI661A,100,216.41,5,0.61,49.14,763.29,473.9
25-Dec-20,Z78RY069B,100,281.07,3,0.1,47.77,529.64,276.9
25-Dec-20,Z78NJ720A,100,117.89,16,0.06,390.48,6492.16,338.1
25-Dec-20,Z78RI794B,100,175.12,8,0.06,176.39,3051.52,204.2
25-Dec-20,Z78MD977C,100,149217.28,9,0.23,66.81,2355.2,715.6
25-Dec-20,Z78NJ746B,100,158.11,2,0.07,45.62,1341.44,232.5
25-Dec-20,Z78NJ626C,100,155.31,3,0.12,53.52,1146.88,144.1
26-Dec-20,Z78NJ853B,100,442.45,3,0.03,113.41,1914.88,6.44
26-Dec-20,Z78JD823B,100,141.23,14,0.11,359.23,8273.92,365.5
26-Dec-20,Z78RI674A,100,178.09,13,0.21,279.47,6512.64,516.3
26-Dec-20,Z78NJ853C,100,240.23,4,0.05,108.35,4853.76,983.5
26-Dec-20,Z78RI674B,100,287.16,11,0.88,126.27,8192,915.4
26-Dec-20,Z78JD823A,100,171.79,8,0.02,291.36,5099.52,287.7
26-Dec-20,Z78RI674C,100,219.58,3,0.7,28.48,495.2,147.6
26-Dec-20,Z78NJ720C,100,60.16,61,0.32,1.463,19005.44,175.3
26-Dec-20,Z78NJ720B,100,116.51,5,0.08,101.08,2181.12,338.1
26-Dec-20,Z78RY069A,100,15.84,1,1.75,2.24,140.32,173.5
26-Dec-20,Z78RI794A,100,135.02,5,0.09,70.29,856.31,324.8
26-Dec-20,Z78NJ350C,100,232.36,7,0.08,140.27,7649.28,1.02
26-Dec-20,Z78NJ853A,100,261.74,2,0.64,13.18,210.72,195.9
26-Dec-20,Z78RI661A,100,144.79,5,0.55,35.88,760.62,250.7
26-Dec-20,Z78RY069B,100,277.68,3,0.26,59.06,456.17,326.9
26-Dec-20,Z78NJ720A,100,117.35,16,0.17,487.23,6287.36,464.7
26-Dec-20,Z78RI794B,100,199.09,8,0.06,173.17,3481.6,267.3
26-Dec-20,Z78MD977C,100,109998.08,11,0.28,57.81,552.54,347.1
26-Dec-20,Z78NJ746B,100,72.4,2,0.53,26.11,1597.44,215.5
26-Dec-20,Z78NJ626C,100,101.63,2,0.05,35.04,1126.4,255.1
27-Dec-20,Z78NJ853B,100,362.99,4,0.03,63.74,1454.08,212.3
27-Dec-20,Z78JD823B,100,156.82,15,0.1,424.41,13557.76,438.6
27-Dec-20,Z78RI674A,100,388.99,11,0.12,231.69,3962.88,190.8
27-Dec-20,Z78NJ853C,100,108.64,5,0.02,129.7,5867.52,635.7
27-Dec-20,Z78RI674B,100,310.41,8,0.96,93.68,6615.04,1.05
27-Dec-20,Z78JD823A,100,229.22,9,0.06,231.45,4280.32,183.3
27-Dec-20,Z78RI674C,100,271.13,3,0.92,17.72,526.22,446.3
27-Dec-20,Z78NJ720C,100,64.85,61,0.19,1.55,19548.16,115.5
27-Dec-20,Z78NJ720B,100,245.45,4,0.18,56.38,1443.84,250.1
27-Dec-20,Z78RY069A,100,15.6,1,1.64,2.05,107.81,298.2
27-Dec-20,Z78RI794A,100,158.25,4,0.17,51.13,802.66,160.9
27-Dec-20,Z78NJ350C,100,248.1,7,0.45,242.96,4403.2,507.7
27-Dec-20,Z78NJ853A,100,221.49,2,0.32,11.96,251.21,294.4
27-Dec-20,Z78RI661A,100,114.3,4,0.41,22.12,734.32,342.1
27-Dec-20,Z78RY069B,100,235.28,3,0.17,46.32,670.41,228.6
27-Dec-20,Z78NJ720A,100,86.39,18,0.17,376.27,11827.2,1.15
27-Dec-20,Z78RI794B,100,223.09,8,0.04,217.04,4925.44,740.7
27-Dec-20,Z78MD977C,100,106844.16,12,0.25,51.19,2355.2,573.9
27-Dec-20,Z78NJ746B,100,49.8,2,0.62,23.01,1008.85,119.8
27-Dec-20,Z78NJ626C,100,85.95,1,0.04,24.72,843.91,161.6
28-Dec-20,Z78NJ853B,100,294.3,4,0.04,77.38,1177.6,95
28-Dec-20,Z78JD823B,100,189.54,14,0.05,395.22,85923.84,8.75
28-Dec-20,Z78RI674A,100,326.67,11,0.09,235.39,5089.28,434.9
28-Dec-20,Z78NJ853C,100,287.03,4,0.04,135.24,12185.6,3.41
28-Dec-20,Z78RI674B,100,297.24,8,2.34,91.15,1914.88,124.2
28-Dec-20,Z78JD823A,100,280.24,8,0.06,330.67,5048.32,464.3
28-Dec-20,Z78RI674C,100,235.72,3,2.95,18.6,626.95,487.2
28-Dec-20,Z78NJ720C,100,43.39,60,0.54,1.358,15882.24,116.9
28-Dec-20,Z78NJ720B,100,180.04,4,0.12,46.03,1054.72,64.1
28-Dec-20,Z78RY069A,100,16.74,1,1.53,2.87,116.62,191.8
28-Dec-20,Z78RI794A,100,129.25,4,0.09,47.33,844.21,78.3
28-Dec-20,Z78NJ350C,100,235.38,7,0.15,197.66,2795.52,206.6
28-Dec-20,Z78NJ853A,100,206.97,2,0.14,9.9,620.2,1.29
28-Dec-20,Z78RI661A,100,183.84,5,0.69,22.73,1024,448.5
28-Dec-20,Z78RY069B,100,388.83,3,0.17,30.64,871.05,1.63
28-Dec-20,Z78NJ720A,100,44,18,0.36,438.04,12697.6,503.3
28-Dec-20,Z78RI794B,100,208.8,9,0.02,219.95,5795.84,776.9
28-Dec-20,Z78MD977C,100,99041.28,10,0.38,49.79,1894.4,497.1
28-Dec-20,Z78NJ746B,100,119.32,2,0.16,85.62,3635.2,554.1
28-Dec-20,Z78NJ626C,100,191.89,2,0.02,26.47,1017.12,451.1
29-Dec-20,Z78NJ853B,100,237.43,4,0.26,74.39,979.75,62.3
29-Dec-20,Z78JD823B,100,242.79,12,0.04,350.41,8734.72,570.5
29-Dec-20,Z78RI674A,100,383.07,12,0.04,345.35,4689.92,598.4
29-Dec-20,Z78NJ853C,100,266.07,4,0.03,106.4,10209.28,2.38
29-Dec-20,Z78RI674B,100,309.48,9,1.29,95.95,2611.2,230.6
29-Dec-20,Z78JD823A,100,213.52,9,0.06,308.16,4628.48,250.3
29-Dec-20,Z78RI674C,100,193.77,3,1.28,16.55,269.05,157.2
29-Dec-20,Z78NJ720C,100,63.37,60,0.36,1.493,15933.44,95.4
29-Dec-20,Z78NJ720B,100,170.29,5,0.06,74.42,2426.88,871.6
29-Dec-20,Z78RY069A,100,15.44,1,2.15,3.32,338.55,228.5
29-Dec-20,Z78RI794A,100,105.5,5,0.08,158.55,2109.44,183
29-Dec-20,Z78NJ350C,100,228.09,7,0.08,178.31,10240,1.16
29-Dec-20,Z78NJ853A,100,249.09,4,0.4,12.61,494.04,822.4
29-Dec-20,Z78RI661A,100,207.13,4,0.32,77.92,2478.08,1.9
29-Dec-20,Z78RY069B,100,286.74,3,0.09,38.99,1136.64,1.34
29-Dec-20,Z78NJ720A,100,77.83,20,0.08,399.15,7680,232.8
29-Dec-20,Z78RI794B,100,266.23,9,0.02,197.53,5806.08,425.3
29-Dec-20,Z78MD977C,100,118343.68,12,0.16,48.89,2867.2,617.2
29-Dec-20,Z78NJ746B,100,241.85,2,0.02,97.03,2908.16,125.3
29-Dec-20,Z78NJ626C,100,78.41,1,0.08,18.01,648.66,190.9
30-Dec-20,Z78NJ853B,100,75.82,4,0.11,91.36,1157.12,55.9
30-Dec-20,Z78JD823B,100,165.97,13,0.07,319.22,8857.6,381.4
30-Dec-20,Z78RI674A,100,385.1,13,0.07,288.32,3624.96,284.2
30-Dec-20,Z78NJ853C,100,274.04,4,0.03,105.2,7966.72,1.77
30-Dec-20,Z78RI674B,100,318.79,9,0.38,100.61,2785.28,408.4
30-Dec-20,Z78JD823A,100,314.48,8,0.06,444.48,6021.12,755.6
30-Dec-20,Z78RI674C,100,212.82,3,2.29,18.61,490.79,363.9
30-Dec-20,Z78NJ720C,100,51.77,61,0.12,1.425,13957.12,85.7
30-Dec-20,Z78NJ720B,100,189.23,4,0.09,75.25,2385.92,232.1
30-Dec-20,Z78RY069A,100,14.98,1,1.61,2.44,96.49,227.8
30-Dec-20,Z78RI794A,100,204.21,5,0.14,81.54,2498.56,365.6
30-Dec-20,Z78NJ350C,100,220.74,7,0.09,163.85,2457.6,190.8
30-Dec-20,Z78NJ853A,100,253.68,3,0.44,10.76,191.15,230.3
30-Dec-20,Z78RI661A,100,189.44,6,0.4,37.75,2170.88,1.25
30-Dec-20,Z78RY069B,100,255.96,3,0.17,46.76,799.7,235.4
30-Dec-20,Z78NJ720A,100,78.94,17,0.14,337.39,14673.92,1.65
30-Dec-20,Z78RI794B,100,150.2,9,0.03,204.7,5263.36,197
30-Dec-20,Z78MD977C,100,73318.4,10,0.3,55.03,3665.92,1.27
30-Dec-20,Z78NJ746B,100,240.33,2,0.03,19.42,510.65,141.1
30-Dec-20,Z78NJ626C,100,292.11,1,0.05,19.17,494.45,681.8
31-Dec-20,Z78NJ853B,100,123.69,4,0.14,54.1,781.94,237
31-Dec-20,Z78JD823B,100,140.59,13,0.12,590.2,10588.16,336.7
31-Dec-20,Z78RI674A,100,322.25,14,0.08,213.8,5652.48,597.2
31-Dec-20,Z78NJ853C,100,313.66,4,0.02,107.97,9277.44,1.72
31-Dec-20,Z78RI674B,100,266.25,10,0.29,126.13,3962.88,518.9
31-Dec-20,Z78JD823A,100,337.34,10,0.1,391.34,9943.04,1.58
31-Dec-20,Z78RI674C,100,211.75,3,1.48,24.48,476.18,217.4
31-Dec-20,Z78NJ720C,100,42.8,59,0.12,1.347,17889.28,142.4
31-Dec-20,Z78NJ720B,100,134.37,4,0.14,63.97,2222.08,1.16
31-Dec-20,Z78RY069A,100,15.88,1,2.36,1.83,97.93,457.5
31-Dec-20,Z78RI794A,100,284.67,5,0.15,90.7,1177.6,180.9
31-Dec-20,Z78NJ350C,100,267.04,7,0.08,137.67,2744.32,345.7
31-Dec-20,Z78NJ853A,100,283.23,4,0.38,13.69,263.76,359.7
31-Dec-20,Z78RI661A,100,233.79,6,0.28,79.33,1474.56,643.3
31-Dec-20,Z78RY069B,100,254.24,3,0.26,40.91,459.8,103.9
31-Dec-20,Z78NJ720A,100,108.5,18,0.21,510.19,28631.04,2.34
31-Dec-20,Z78RI794B,100,154.14,9,0.04,227.04,7895.04,347.6
31-Dec-20,Z78MD977C,100,100894.72,9,0.31,63.97,2222.08,890.9
31-Dec-20,Z78NJ746B,100,125.13,2,0.13,23.94,804.39,197.4
31-Dec-20,Z78NJ626C,100,171.85,2,0.06,20.98,837.22,414
01-Jan-21,Z78NJ853B,100,168.06,5,0.1,91.05,1761.28,224.4
01-Jan-21,Z78JD823B,100,201.39,12,0.08,380.7,15575.04,1.04
01-Jan-21,Z78RI674A,100,346.01,12,0.08,271.25,5908.48,853.4
01-Jan-21,Z78NJ853C,100,256.79,3,0.03,89.93,5068.8,767.1
01-Jan-21,Z78RI674B,100,304.92,10,0.16,120.93,12636.16,2.62
01-Jan-21,Z78JD823A,100,339.13,10,0.12,479.4,5007.36,322.7
01-Jan-21,Z78RI674C,100,200.98,4,2.74,27.24,732.78,522.8
01-Jan-21,Z78NJ720C,100,52.99,60,0.11,1.233,17408,198.2
01-Jan-21,Z78NJ720B,100,134.88,4,0.15,81.16,1157.12,340.4
01-Jan-21,Z78RY069A,100,15.35,1,1.81,2.63,129.18,650
01-Jan-21,Z78RI794A,100,336.38,5,0.16,70.6,668.8,348.8
01-Jan-21,Z78NJ350C,100,184.85,7,0.26,146.65,2273.28,143
01-Jan-21,Z78NJ853A,100,245.57,4,0.79,16.61,436.19,296.2
01-Jan-21,Z78RI661A,100,247.86,6,0.64,53.32,12912.64,10.4
01-Jan-21,Z78RY069B,100,294.14,3,0.17,33.97,318.55,232.5
01-Jan-21,Z78NJ720A,100,130.02,18,0.1,479.24,11110.4,916.8
01-Jan-21,Z78RI794B,100,204.7,8,0.02,196.08,3788.8,218
01-Jan-21,Z78MD977C,100,82810.88,10,0.23,61.59,582.64,377.1
01-Jan-21,Z78NJ746B,100,323.35,1,0.14,21.58,525.49,314
01-Jan-21,Z78NJ626C,100,150.76,2,0.05,20.53,736.64,345.8
02-Jan-21,Z78NJ853B,100,169.03,4,0.07,100.04,1771.52,318.1
02-Jan-21,Z78JD823B,100,133.33,12,0.12,332.74,7362.56,541.2
02-Jan-21,Z78RI674A,100,353.77,12,0.06,216.17,3932.16,324.7
02-Jan-21,Z78NJ853C,100,162.73,3,0.06,97.17,6512.64,1.99
02-Jan-21,Z78RI674B,100,296.74,10,0.33,129.88,2160.64,226.8
02-Jan-21,Z78JD823A,100,308.74,9,0.06,380.51,4505.6,142.8
02-Jan-21,Z78RI674C,100,230.81,4,1.75,27.74,443.52,106.1
02-Jan-21,Z78NJ720C,68.99,49.24,41,0.23,775.12,14346.24,278.5
02-Jan-21,Z78NJ720B,69.12,138.37,3,0.03,77.71,2129.92,294.3
02-Jan-21,Z78RY069A,100,19.57,1,3.17,2.43,151.82,670.4
02-Jan-21,Z78RI794A,100,157.39,6,0.04,116.26,57518.08,10.95
02-Jan-21,Z78NJ350C,100,244.45,8,0.17,189.29,3635.2,242.8
02-Jan-21,Z78NJ853A,100,235.63,4,0.5,17.43,526.49,927.4
02-Jan-21,Z78RI661A,100,298.77,5,0.27,49.82,6021.12,6.22
02-Jan-21,Z78RY069B,100,308.04,4,0.17,42.05,614.64,489.7
02-Jan-21,Z78NJ720A,68.98,105.54,13,0.09,233.39,3430.4,314.7
02-Jan-21,Z78RI794B,100,180.28,8,0.04,196.12,9441.28,386.1
02-Jan-21,Z78MD977C,100,64358.4,9,0.36,63.06,551.91,467.9
02-Jan-21,Z78NJ746B,100,255.94,2,0.01,43.83,1024,472.5
02-Jan-21,Z78NJ626C,100,39.49,2,0.08,20.92,754.59,115.6
03-Jan-21,Z78NJ853B,100,263.15,4,0.11,129.31,1126.4,154.2
03-Jan-21,Z78JD823B,100,207.17,13,0.31,512.55,9359.36,546
03-Jan-21,Z78RI674A,100,372.97,12,0.09,192.4,5560.32,563.5
03-Jan-21,Z78NJ853C,100,158.63,3,0.03,149.53,8581.12,1.37
03-Jan-21,Z78RI674B,100,247.44,11,0.16,141.86,3973.12,454.1
03-Jan-21,Z78JD823A,100,129.84,9,0.02,295.97,4915.2,311.4
03-Jan-21,Z78RI674C,100,238.65,3,0.27,37.62,893.85,191.8
03-Jan-21,Z78NJ720C,5.22,104.46,2,0.08,50.8,986.74,599.1
03-Jan-21,Z78NJ720B,5.22,150.85,0,1.69,1.06,15.75,40.4
03-Jan-21,Z78RY069A,100,19.31,1,2.32,2.62,254.35,502.3
03-Jan-21,Z78RI794A,100,87.69,5,0.17,75.45,3194.88,1.58
03-Jan-21,Z78NJ350C,100,181.09,8,0.09,167.69,6113.28,798.1
03-Jan-21,Z78NJ853A,100,184.11,2,0.76,12.25,271.29,157.7
03-Jan-21,Z78RI661A,100,251.52,5,0.39,40.68,1402.88,788.8
03-Jan-21,Z78RY069B,100,300.08,2,0.11,20.81,1402.88,3.02
03-Jan-21,Z78NJ720A,5.22,199.54,0,0.08,16.06,174.05,124.7
03-Jan-21,Z78RI794B,100,119.69,9,0.04,204.44,4536.32,141.9
03-Jan-21,Z78MD977C,100,58828.8,8,0.51,66.34,1402.88,1.06
03-Jan-21,Z78NJ746B,100,264.92,2,0.02,54.55,1126.4,330.7
03-Jan-21,Z78NJ626C,100,58.51,1,0.04,25.39,1075.2,362.2
04-Jan-21,Z78NJ853B,100,293.54,4,0.08,107.16,660.16,85
04-Jan-21,Z78JD823B,100,179.93,13,0.16,361.73,8376.32,360.2
04-Jan-21,Z78RI674A,100,338.02,11,0.09,221.83,5130.24,391.4
04-Jan-21,Z78NJ853C,100,174.88,3,0.05,147.79,7403.52,923.3
04-Jan-21,Z78RI674B,100,325.16,10,0.28,130.24,4843.52,559.6
04-Jan-21,Z78JD823A,100,77.58,8,0.03,281.31,4280.32,152.7
04-Jan-21,Z78RI674C,100,240.36,3,0.42,34.27,542.98,221.7
04-Jan-21,Z78NJ720C,100,95.5,40,0.08,1.106,18667.52,468.3
04-Jan-21,Z78NJ720B,100,112.34,4,0.12,77.4,2119.68,118.9
04-Jan-21,Z78RY069A,100,18.17,1,1.57,2.14,88.64,223.3
04-Jan-21,Z78RI794A,100,170.47,5,0.17,27.96,787.64,1.63
04-Jan-21,Z78NJ350C,100,245.44,7,0.14,111.45,3328,505
04-Jan-21,Z78NJ853A,100,207.34,2,0.35,16.5,1628.16,1.08
04-Jan-21,Z78RI661A,100,234.26,5,0.23,33.28,2816,1.38
04-Jan-21,Z78RY069B,100,456.94,3,0.03,70.04,8243.2,7.3
04-Jan-21,Z78NJ720A,100,80.82,12,0.14,264.89,5386.24,418.9
04-Jan-21,Z78RI794B,100,217.23,8,0.05,121.82,4648.96,499.2
04-Jan-21,Z78MD977C,100,107601.92,8,0.29,59.03,640.17,356.3
04-Jan-21,Z78NJ746B,100,122.31,2,0.24,79.09,1986.56,165.9
04-Jan-21,Z78NJ626C,100,76.5,2,0.07,28.1,1075.2,204.1
05-Jan-21,Z78NJ853B,100,159.09,4,0.2,62.4,1392.64,446.6
05-Jan-21,Z78JD823B,100,174.13,13,0.09,290.18,9738.24,1.87
05-Jan-21,Z78RI674A,100,166.35,13,0.07,229.79,6144,307.9
05-Jan-21,Z78NJ853C,100,175.86,3,0.02,104.91,6297.6,928.3
05-Jan-21,Z78RI674B,100,457.65,10,0.39,209.05,4065.28,442.7
05-Jan-21,Z78JD823A,100,96.57,9,0.08,291.76,3942.4,160.1
05-Jan-21,Z78RI674C,100,267.91,3,0.93,21.76,684.47,469.9
05-Jan-21,Z78NJ720C,100,83.79,42,0.13,1.032,17991.68,284.4
05-Jan-21,Z78NJ720B,100,156.43,3,0.15,35.95,874.66,120
05-Jan-21,Z78RY069A,100,18.21,1,4.43,1.18,196.26,3.96
05-Jan-21,Z78RI794A,100,0,4,0.04,1.66,58.27,101.9
05-Jan-21,Z78NJ350C,100,123.03,7,0.09,162.76,3778.56,282.3
05-Jan-21,Z78NJ853A,100,274.51,2,0.45,13.72,180.44,117.6
05-Jan-21,Z78RI661A,100,219.1,5,0.28,31.35,1331.2,1.08
05-Jan-21,Z78RY069B,100,395.16,3,0.07,44.54,868.85,1.05
05-Jan-21,Z78NJ720A,100,148.96,13,0.04,313.51,7639.04,428.3
05-Jan-21,Z78RI794B,100,0,6,0.08,3.49,170.63,56.1
05-Jan-21,Z78MD977C,100,91432.96,9,0.3,72.07,372.52,320.5
05-Jan-21,Z78NJ746B,100,294.17,2,0.01,145.89,2017.28,168.8
05-Jan-21,Z78NJ626C,100,187.26,2,0.03,28.96,879.28,370.1
06-Jan-21,Z78NJ853B,100,255.33,4,0.02,185.5,2949.12,1.01
06-Jan-21,Z78JD823B,100,148.11,11,0.13,294.77,7772.16,648.5
06-Jan-21,Z78RI674A,100,374.87,11,0.04,307.98,6850.56,938.4
06-Jan-21,Z78NJ853C,100,188.92,3,0.02,124.45,6901.76,845.8
06-Jan-21,Z78RI674B,100,333.49,11,0.22,167.57,5550.08,591.6
06-Jan-21,Z78JD823A,100,168.92,9,0.08,416.27,7639.04,1.03
06-Jan-21,Z78RI674C,100,296.07,3,1.29,33.95,667.33,332.1
06-Jan-21,Z78NJ720C,100,80.05,45,0.11,1.402,25200.64,326.4
06-Jan-21,Z78NJ720B,100,165.72,3,0.06,41.77,1249.28,597.1
06-Jan-21,Z78RY069A,100,20.7,1,2.96,2.83,108.8,362.8
06-Jan-21,Z78RI794A,100,0,4,0.8,713.84,18.39,19.8
06-Jan-21,Z78NJ350C,100,226.51,7,0.22,171.37,2590.72,113.8
06-Jan-21,Z78NJ853A,100,214.77,2,1.28,11.55,203.75,117
06-Jan-21,Z78RI661A,100,166.87,5,0.24,44.18,2078.72,985.7
06-Jan-21,Z78RY069B,100,294.72,3,0.33,22.77,929.01,1.24
06-Jan-21,Z78NJ720A,100,86.95,14,0.06,519.89,9820.16,349
06-Jan-21,Z78RI794B,100,0,4,0.2,1.78,67.1,47.8
06-Jan-21,Z78MD977C,100,104161.28,9,0.27,62.5,408.5,400
06-Jan-21,Z78NJ746B,100,49.63,2,0.32,64.02,3799.04,434.9
06-Jan-21,Z78NJ626C,100,209.01,2,0.02,36.41,1894.4,1.54
07-Jan-21,Z78NJ853B,100,243.11,4,0.08,95.89,1751.04,106.2
07-Jan-21,Z78JD823B,100,173.98,10,0.19,351.97,8151.04,410.8
07-Jan-21,Z78RI674A,100,193.17,11,0.08,199.22,4618.24,323.6
07-Jan-21,Z78NJ853C,100,310.47,3,0.05,135.92,6287.36,832.8
07-Jan-21,Z78RI674B,100,301.35,9,0.35,159.01,2314.24,176.3
07-Jan-21,Z78JD823A,100,113.53,9,0.08,393.05,4352,157.5
07-Jan-21,Z78RI674C,100,258.01,3,0.92,27.14,475.59,220.1
07-Jan-21,Z78NJ720C,100,85.75,46,0.11,1.289,17561.6,135.7
07-Jan-21,Z78NJ720B,100,139.88,4,0.35,62.7,812.25,62.5
07-Jan-21,Z78RY069A,100,18.6,1,2.37,1.88,80.89,277.8
07-Jan-21,Z78RI794A,100,338.6,4,0.03,71.28,1474.56,862.6
07-Jan-21,Z78NJ350C,100,232.32,7,0.52,137.57,2119.68,118.1
07-Jan-21,Z78NJ853A,100,266.91,2,0.39,24.55,409.69,182.8
07-Jan-21,Z78RI661A,100,241.04,7,0.31,64.38,3194.88,1.18
07-Jan-21,Z78RY069B,100,281.57,2,0.31,20.95,282.5,403.6
07-Jan-21,Z78NJ720A,100,102.63,14,0.09,418.55,8325.12,182.9
07-Jan-21,Z78RI794B,100,337.77,4,0.06,99.25,3819.52,783.4
07-Jan-21,Z78MD977C,100,75622.4,8,0.47,58.86,452.09,504
07-Jan-21,Z78NJ746B,100,238.94,2,0.01,78.25,2457.6,323.9
07-Jan-21,Z78NJ626C,100,134.19,2,0.01,89.29,2140.16,326.1
08-Jan-21,Z78NJ853B,100,181.3,5,0.14,107.06,3932.16,1.08
08-Jan-21,Z78JD823B,100,155.14,11,0.2,318.38,7147.52,252.7
08-Jan-21,Z78RI674A,100,236.23,12,0.07,166.91,3829.76,489.6
08-Jan-21,Z78NJ853C,100,251.91,4,0.05,151.01,4956.16,450.7
08-Jan-21,Z78RI674B,100,275.27,11,0.16,166.44,4536.32,143.3
08-Jan-21,Z78JD823A,100,107.99,8,0.2,258.07,2498.56,92.9
08-Jan-21,Z78RI674C,100,269.66,3,1.54,29.88,476.55,125
08-Jan-21,Z78NJ720C,100,88.06,47,0.22,1.191,15872,148.1
08-Jan-21,Z78NJ720B,100,204.34,4,2.95,57.46,505.63,63.1
08-Jan-21,Z78RY069A,100,23.18,1,4.91,3.75,173.5,194
08-Jan-21,Z78RI794A,100,323.5,4,0.1,59.29,1331.2,467.1
08-Jan-21,Z78NJ350C,100,252.28,6,0.04,138.5,12124.16,2.49
08-Jan-21,Z78NJ853A,100,300.74,2,0.27,27.86,508.29,616.5
08-Jan-21,Z78RI661A,100,248.91,6,0.48,41.36,2304,1.49
08-Jan-21,Z78RY069B,100,261.69,3,0.11,45.21,614.23,267.9
08-Jan-21,Z78NJ720A,100,124.36,15,0.1,511.67,7761.92,241.6
08-Jan-21,Z78RI794B,100,313.82,6,0.02,203.49,3194.88,622.7
08-Jan-21,Z78MD977C,100,66242.56,8,0.22,60.02,916.46,624.6
08-Jan-21,Z78NJ746B,100,299,3,0.02,87.43,2232.32,197.9
08-Jan-21,Z78NJ626C,100,183.84,2,0.07,23.89,517.47,141
09-Jan-21,Z78NJ853B,100,366.51,4,0.02,181.34,5703.68,1.5
09-Jan-21,Z78JD823B,100,213.38,11,1.8,335.94,5990.4,270.6
09-Jan-21,Z78RI674A,100,306.99,11,0.13,193.28,4403.2,374.3
09-Jan-21,Z78NJ853C,100,249.3,4,0.1,94.23,4055.04,507.5
09-Jan-21,Z78RI674B,100,329.97,11,0.15,183.21,4577.28,576.3
09-Jan-21,Z78JD823A,100,204.13,8,0.19,319.5,2590.72,214.1
09-Jan-21,Z78RI674C,100,272.42,4,1.39,27.93,483.43,177.8
09-Jan-21,Z78NJ720C,100,93.09,51,0.19,1.533,18145.28,135.3
09-Jan-21,Z78NJ720B,100,189.01,5,0.4,113.18,1914.88,115.2
09-Jan-21,Z78RY069A,100,22.44,1,4.6,3.44,281,418.1
09-Jan-21,Z78RI794A,100,359.84,5,0.02,69.99,1566.72,911.6
09-Jan-21,Z78NJ350C,100,221.89,7,0.31,148.69,2908.16,198.3
09-Jan-21,Z78NJ853A,100,243.94,2,0.6,22.79,471.02,337.3
09-Jan-21,Z78RI661A,100,245.28,6,0.41,113.14,3420.16,2.48
09-Jan-21,Z78RY069B,100,283.96,4,0.21,42.24,439.51,77.4
09-Jan-21,Z78NJ720A,100,71.49,16,0.13,391,16128,912.3
09-Jan-21,Z78RI794B,100,214.84,7,0.03,189.37,4608,1.33
09-Jan-21,Z78MD977C,100,67481.6,8,0.3,62.85,244.71,288.9
09-Jan-21,Z78NJ746B,100,271.19,2,0.01,80.7,2222.08,338.9
09-Jan-21,Z78NJ626C,100,149.46,1,0.06,22.25,762.48,503.9
10-Jan-21,Z78NJ853B,100,241.99,5,0.07,190.78,2672.64,88.6
10-Jan-21,Z78JD823B,100,121.71,11,0.05,260.11,6338.56,474.3
10-Jan-21,Z78RI674A,100,391.8,10,0.04,222.46,5273.6,864.3
10-Jan-21,Z78NJ853C,100,260.05,3,0.42,27.25,532.17,175.1
10-Jan-21,Z78RI674B,100,324.71,9,0.17,139.09,3031.04,327.4
10-Jan-21,Z78JD823A,100,183.52,7,0.21,411.98,2877.44,258.9
10-Jan-21,Z78RI674C,100,295.47,3,1.43,24.55,450.53,281.2
10-Jan-21,Z78NJ720C,100,70.73,50,0.16,1.306,16158.72,128.7
10-Jan-21,Z78NJ720B,100,225.4,4,0.26,66.13,1095.68,203.9
10-Jan-21,Z78RY069A,100,17.05,1,3.99,4.16,233.43,446.9
10-Jan-21,Z78RI794A,100,290.12,4,0.03,68.74,1310.72,647
10-Jan-21,Z78NJ350C,100,241.94,6,0.13,133.77,4669.44,699.1
10-Jan-21,Z78NJ853A,100,225.22,2,0.16,38.94,1361.92,636.8
10-Jan-21,Z78RI661A,100,259.37,7,0.44,213.62,2877.44,740.8
10-Jan-21,Z78RY069B,100,251.8,3,0.22,25,529.66,795.7
10-Jan-21,Z78NJ720A,100,68.67,15,0.38,467.18,12431.36,673.9
10-Jan-21,Z78RI794B,100,304.87,7,0.06,264.94,3706.88,358.1
10-Jan-21,Z78MD977C,100,68177.92,9,0.23,56.27,450.19,434
10-Jan-21,Z78NJ746B,100,348.5,3,0.01,192.49,4884.48,687.3
10-Jan-21,Z78NJ626C,100,129.01,2,0.12,34.09,821.7,307.7
11-Jan-21,Z78NJ853B,100,102.77,5,0.17,68.1,2273.28,82.1
11-Jan-21,Z78JD823B,100,149.64,10,0.07,270.55,7577.6,447.6
11-Jan-21,Z78RI674A,100,347.31,10,0.03,196.96,5672.96,1.61
11-Jan-21,Z78NJ853C,100,282.46,4,0.4,36.43,1064.96,506.4
11-Jan-21,Z78RI674B,100,324.31,11,0.08,191.39,4352,302.1
11-Jan-21,Z78JD823A,100,178.78,7,0.22,380.13,3491.84,105.2
11-Jan-21,Z78RI674C,100,339.66,3,2.64,39.04,806.39,502.6
11-Jan-21,Z78NJ720C,100,62.1,49,0.41,1.203,18319.36,151
11-Jan-21,Z78NJ720B,100,205.64,4,0.32,71.67,1894.4,355.7
11-Jan-21,Z78RY069A,100,17.92,1,3.63,1.7,209.21,1.29
11-Jan-21,Z78RI794A,100,257.09,5,0.06,82.12,1433.6,195.3
11-Jan-21,Z78NJ350C,100,182.64,6,0.23,153.6,3184.64,371.7
11-Jan-21,Z78NJ853A,100,224.08,2,1.61,11.06,611.16,1.17
11-Jan-21,Z78RI661A,100,172.26,7,0.21,63.22,4894.72,829.7
11-Jan-21,Z78RY069B,100,128.41,3,0.28,38.91,911.03,116.1
11-Jan-21,Z78NJ720A,100,88.5,17,0.56,613.37,10496,442.5
11-Jan-21,Z78RI794B,100,345.94,6,0.05,270.86,4229.12,553.4
11-Jan-21,Z78MD977C,100,106608.64,10,0.22,59.95,932.61,634.3
11-Jan-21,Z78NJ746B,100,228.51,3,0.03,132.99,2928.64,71.3
11-Jan-21,Z78NJ626C,100,153.9,2,0.09,38.99,706.07,128.5
12-Jan-21,Z78NJ853B,100,312.7,4,0.21,114.49,1136.64,131.7
12-Jan-21,Z78JD823B,100,268.72,9,0.07,286.25,7188.48,416.8
12-Jan-21,Z78RI674A,100,186.09,12,0.08,298.72,7833.6,481.6
12-Jan-21,Z78NJ853C,100,283.29,4,0.07,137.55,1689.6,318.1
12-Jan-21,Z78RI674B,100,313.67,10,0.14,215.92,6533.12,1.13
12-Jan-21,Z78JD823A,100,172.91,9,0.26,409.16,5509.12,195
12-Jan-21,Z78RI674C,100,279.54,3,1.05,36.57,1022.53,439.1
12-Jan-21,Z78NJ720C,100,53.46,47,0.47,1.101,19261.44,154.3
12-Jan-21,Z78NJ720B,100,191.36,4,0.38,81.3,8110.08,2.85
12-Jan-21,Z78RY069A,100,15.56,1,1.18,2.14,58.56,65
12-Jan-21,Z78RI794A,100,296.85,5,0.09,59.91,1505.28,656.5
12-Jan-21,Z78NJ350C,100,289.46,7,0.11,178.59,4229.12,416.1
12-Jan-21,Z78NJ853A,100,204.39,2,0.76,12.08,326.23,211.4
12-Jan-21,Z78RI661A,100,278.17,6,0.25,44.04,2764.8,1.14
12-Jan-21,Z78RY069B,100,150.08,3,0.72,41.3,2263.04,1.12
12-Jan-21,Z78NJ720A,100,65.29,18,0.63,716.67,7659.52,197.7
12-Jan-21,Z78RI794B,100,289.06,6,0.03,209.29,3399.68,564.3
12-Jan-21,Z78MD977C,100,144957.44,12,0.22,68.17,1198.08,596.4
12-Jan-21,Z78NJ746B,100,228.69,2,0.02,43.29,1198.08,245.4
12-Jan-21,Z78NJ626C,100,139.3,2,0.08,32.87,583.16,280
13-Jan-21,Z78NJ853B,100,166.84,5,0.11,83.25,1116.16,120.7
13-Jan-21,Z78JD823B,100,131.12,13,0.22,400.37,11376.64,250.9
13-Jan-21,Z78RI674A,100,332.21,12,0.12,239.47,5406.72,427.6
13-Jan-21,Z78NJ853C,100,201.94,5,0.69,54.79,913.51,246.2
13-Jan-21,Z78RI674B,100,262.44,10,0.17,153.25,4188.16,590
13-Jan-21,Z78JD823A,100,161.28,9,0.1,318.47,4403.2,135.6
13-Jan-21,Z78RI674C,100,306.61,3,0.67,30.22,1208.32,697.6
13-Jan-21,Z78NJ720C,100,39.47,51,0.37,1.264,20326.4,114.6
13-Jan-21,Z78NJ720B,100,159.49,4,0.3,114.97,3000.32,580.2
13-Jan-21,Z78RY069A,100,15.63,1,1.07,3.14,357.81,490
13-Jan-21,Z78RI794A,100,145.44,5,0.12,85.18,1617.92,346.5
13-Jan-21,Z78NJ350C,100,248.32,9,0.24,188.61,3932.16,355.9
13-Jan-21,Z78NJ853A,100,149.53,2,0.87,14.07,260.63,124.3
13-Jan-21,Z78RI661A,100,180.53,7,0.41,52.3,3880.96,2.25
13-Jan-21,Z78RY069B,100,271.3,3,0.15,39.49,995.28,759.2
13-Jan-21,Z78NJ720A,100,51.64,18,0.38,605.65,6676.48,141.4
13-Jan-21,Z78RI794B,100,232.46,7,0.03,243.34,5877.76,552
13-Jan-21,Z78MD977C,100,135925.76,10,0.3,70.65,630.81,471.8
13-Jan-21,Z78NJ746B,100,99.85,2,0.09,46.91,1413.12,154.5
13-Jan-21,Z78NJ626C,100,32.08,2,0.97,32.44,542.14,178.6
14-Jan-21,Z78NJ853B,100,325.25,5,0.13,74.53,1167.36,143.8
14-Jan-21,Z78JD823B,100,131.45,13,0.48,344.93,7741.44,128.6
14-Jan-21,Z78RI674A,100,363.48,13,0.11,230.45,10782.72,999.4
14-Jan-21,Z78NJ853C,100,277.21,4,0.25,65.18,1105.92,193.2
14-Jan-21,Z78RI674B,100,215.5,12,0.15,228.03,4372.48,223.9
14-Jan-21,Z78JD823A,100,156.22,9,0.08,300.93,6144,377.4
14-Jan-21,Z78RI674C,100,262.23,4,0.42,49.1,1034.24,187.3
14-Jan-21,Z78NJ720C,100,39.05,54,0.34,1.389,18544.64,158.5
14-Jan-21,Z78NJ720B,100,112.68,6,0.17,151.55,2959.36,99.3
14-Jan-21,Z78RY069A,100,17.54,1,4.28,2.6,95.77,81.3
14-Jan-21,Z78RI794A,100,81.95,4,0.14,76.07,1259.52,487.8
14-Jan-21,Z78NJ350C,100,204.43,8,0.19,233.9,2324.48,279.5
14-Jan-21,Z78NJ853A,100,176.97,2,0.98,17.37,252.11,106.5
14-Jan-21,Z78RI661A,100,155.69,7,0.35,44.2,1914.88,781.5
14-Jan-21,Z78RY069B,100,389.94,3,0.07,41.63,12277.76,9.14
14-Jan-21,Z78NJ720A,100,53.8,18,0.64,368.5,4833.28,107.8
14-Jan-21,Z78RI794B,100,265.25,7,0.02,285.94,4495.36,237.5
14-Jan-21,Z78MD977C,100,126894.08,11,0.29,65.06,764.32,630.3
14-Jan-21,Z78NJ746B,100,68.6,2,0.44,27.87,604.8,79.6
14-Jan-21,Z78NJ626C,100,39.94,2,0.22,46.44,945.77,108.2
15-Jan-21,Z78NJ853B,100,340.21,4,0.08,58,800.98,175.1
15-Jan-21,Z78JD823B,100,118.82,13,0.38,402.45,11407.36,485.3
15-Jan-21,Z78RI674A,100,337.84,14,0.12,315.3,10096.64,1.77
15-Jan-21,Z78NJ853C,100,283.6,4,0.16,60.63,1771.52,833.3
15-Jan-21,Z78RI674B,100,333.24,13,0.23,223.42,4311.04,295.2
15-Jan-21,Z78JD823A,100,150.69,8,0.16,391.31,5509.12,80.3
15-Jan-21,Z78RI674C,100,218.07,4,0.3,49.69,1017.85,433.5
15-Jan-21,Z78NJ720C,100,39.15,53,0.42,1.391,17827.84,154.5
15-Jan-21,Z78NJ720B,100,137.4,4,0.45,63.04,1699.84,744.1
15-Jan-21,Z78RY069A,100,18.23,1,2.13,2.22,99.83,111.9
15-Jan-21,Z78RI794A,100,301.55,4,0.09,63.62,818.44,226.2
15-Jan-21,Z78NJ350C,100,196.5,8,0.85,179.41,3983.36,368.3
15-Jan-21,Z78NJ853A,100,151.96,3,1.53,19.78,331.32,168.9
15-Jan-21,Z78RI661A,100,263.34,6,0.32,59.49,1566.72,598.9
15-Jan-21,Z78RY069B,100,369.17,4,0.09,54.41,2344.96,1.45
15-Jan-21,Z78NJ720A,100,74.7,17,0.23,533.81,7311.36,319.6
15-Jan-21,Z78RI794B,100,292.35,7,0.03,271.21,5416.96,784
15-Jan-21,Z78MD977C,100,122880,11,0.35,63.62,1648.64,671.8
15-Jan-21,Z78NJ746B,100,187.11,2,0.08,32.47,894.41,183.4
15-Jan-21,Z78NJ626C,100,42.05,2,0.33,23.87,560.6,158.8
16-Jan-21,Z78NJ853B,100,334.46,5,0.05,80.1,1105.92,182.6
16-Jan-21,Z78JD823B,100,167.08,11,0.31,325.36,9349.12,919.4
16-Jan-21,Z78RI674A,100,312.41,13,0.11,246.69,9134.08,885.8
16-Jan-21,Z78NJ853C,100,207.45,5,0.98,57.38,984.83,357.4
16-Jan-21,Z78RI674B,100,237.57,13,0.25,195.59,4700.16,290.3
16-Jan-21,Z78JD823A,100,204.03,9,0.06,382.32,7823.36,271.9
16-Jan-21,Z78RI674C,100,273.24,4,0.22,51,816.64,350.7
16-Jan-21,Z78NJ720C,100,32.62,55,0.69,1.316,17326.08,118.1
16-Jan-21,Z78NJ720B,100,118.01,5,0.17,137.8,3031.04,151.2
16-Jan-21,Z78RY069A,100,18.04,1,3.55,3.51,225.58,258.9
16-Jan-21,Z78RI794A,100,361.31,5,0.34,74.95,2109.44,528.7
16-Jan-21,Z78NJ350C,100,228.62,8,0.98,184.37,1761.28,202.2
16-Jan-21,Z78NJ853A,100,143.16,2,0.65,19.29,190.79,65.2
16-Jan-21,Z78RI661A,100,222.82,7,0.22,76.58,5222.4,2.28
16-Jan-21,Z78RY069B,100,342.35,5,0.04,128.87,6113.28,4.49
16-Jan-21,Z78NJ720A,100,53.8,19,0.71,638.07,9615.36,119.2
16-Jan-21,Z78RI794B,100,232.76,7,0.3,425.71,7034.88,320.1
16-Jan-21,Z78MD977C,100,124938.24,10,0.37,62.33,1228.8,596.1
16-Jan-21,Z78NJ746B,100,193.07,1,0.97,6.17,171.17,243
16-Jan-21,Z78NJ626C,100,35.04,1,0.68,12.33,231.22,147.1
17-Jan-21,Z78NJ853B,100,175.65,5,0.27,106.31,2160.64,93.3
17-Jan-21,Z78JD823B,100,163.06,12,0.1,356.65,8376.32,345.8
17-Jan-21,Z78RI674A,100,320.95,13,0.2,234.17,6338.56,258.3
17-Jan-21,Z78NJ853C,100,264.23,5,0.47,59.64,1402.88,237
17-Jan-21,Z78RI674B,100,177.58,12,0.4,188.18,3379.2,193.6
17-Jan-21,Z78JD823A,100,203.79,10,0.07,312.79,5980.16,164.7
17-Jan-21,Z78RI674C,100,246.98,4,0.87,39.98,841.77,327.7
17-Jan-21,Z78NJ720C,100,39.97,55,0.34,1.442,19752.96,153
17-Jan-21,Z78NJ720B,100,88.34,5,0.52,110.71,3000.32,578.9
17-Jan-21,Z78RY069A,100,19.26,1,2.87,3.59,117.06,146.5
17-Jan-21,Z78RI794A,100,153.13,5,0.06,94.54,1505.28,376
17-Jan-21,Z78NJ350C,100,195.89,10,1.36,208.11,1382.4,127
17-Jan-21,Z78NJ853A,100,179.85,2,1.18,25.42,310.83,104.3
17-Jan-21,Z78RI661A,100,226.34,5,0.59,55.37,1597.44,480.7
17-Jan-21,Z78RY069B,100,131.13,5,0.18,55.05,2355.2,1.16
17-Jan-21,Z78NJ720A,100,52.89,19,0.18,619.49,13158.4,208.2
17-Jan-21,Z78RI794B,100,126.6,9,0.12,358.61,6983.68,324.3
17-Jan-21,Z78MD977C,100,165621.76,11,0.2,54.79,4065.28,809.2
17-Jan-21,Z78NJ746B,100,156.92,2,0.14,35.31,723.39,118.7
17-Jan-21,Z78NJ626C,100,72.47,1,0.55,15.58,275.52,81.4
18-Jan-21,Z78NJ853B,100,290.76,5,0.07,94.95,2375.68,85.2
18-Jan-21,Z78JD823B,100,182.22,13,0.13,371.58,8898.56,194.4
18-Jan-21,Z78RI674A,100,281.49,12,0.18,238.46,5335.04,192.8
18-Jan-21,Z78NJ853C,100,284.08,5,0.28,78.99,1484.8,426.3
18-Jan-21,Z78RI674B,100,288.72,11,0.26,195.75,3778.56,260.1
18-Jan-21,Z78JD823A,100,233.27,11,0.06,370.8,7485.44,132.3
18-Jan-21,Z78RI674C,100,165.13,4,1.1,34.51,686.86,260.3
18-Jan-21,Z78NJ720C,100,44.25,56,0.7,1.379,23439.36,151.8
18-Jan-21,Z78NJ720B,100,70.2,6,0.22,127.76,2969.6,657.1
18-Jan-21,Z78RY069A,99.27,19.45,1,3.48,2.51,232.92,637.6
18-Jan-21,Z78RI794A,100,340.46,5,0.05,94.06,1433.6,189.3
18-Jan-21,Z78NJ350C,100,221.68,9,0.32,250.29,2437.12,260
18-Jan-21,Z78NJ853A,100,172.2,2,0.84,13.6,270.8,139.8
18-Jan-21,Z78RI661A,100,168.66,5,0.52,31.13,2191.36,956.3
18-Jan-21,Z78RY069B,99.27,238.07,5,0.33,68.79,1822.72,543.8
18-Jan-21,Z78NJ720A,100,39.35,17,0.31,590.54,10956.8,129.4
18-Jan-21,Z78RI794B,100,154.56,8,0.16,266.3,6277.12,389.7
18-Jan-21,Z78MD977C,100,111257.6,11,0.34,48.82,3614.72,832.9
18-Jan-21,Z78NJ746B,100,141.93,2,0.08,35.41,759.07,312.7
18-Jan-21,Z78NJ626C,100,32.97,2,0.91,17.8,326.14,120.2
19-Jan-21,Z78NJ853B,100,310.29,5,0.08,83.87,2519.04,147.3
19-Jan-21,Z78JD823B,100,158.97,14,0.16,396.34,8867.84,251
19-Jan-21,Z78RI674A,100,306.56,13,0.12,304.53,5283.84,539.3
19-Jan-21,Z78NJ853C,100,269.02,5,0.47,65.66,1761.28,375.5
19-Jan-21,Z78RI674B,100,270.15,10,0.29,202.41,4382.72,194.3
19-Jan-21,Z78JD823A,100,237.11,11,0.03,414.03,7936,120.7
19-Jan-21,Z78RI674C,100,148.65,4,1.28,41.59,1689.6,587.1
19-Jan-21,Z78NJ720C,100,39.21,58,0.44,1.551,22589.44,140.8
19-Jan-21,Z78NJ720B,100,115.84,4,0.12,116.55,3399.68,705.1
19-Jan-21,Z78RY069A,100,14.75,1,1.96,2.63,66.33,142.6
19-Jan-21,Z78RI794A,100,312.26,5,0.08,85.72,1464.32,415.9
19-Jan-21,Z78NJ350C,100,162.63,9,0.23,201.3,4618.24,606.1
19-Jan-21,Z78NJ853A,100,143.62,2,1.36,15.06,457.11,152.8
19-Jan-21,Z78RI661A,100,227.87,5,0.38,32.81,1730.56,1.28
19-Jan-21,Z78RY069B,100,233.4,5,0.36,71.28,2222.08,449.1
19-Jan-21,Z78NJ720A,100,58.02,18,0.21,455.91,11192.32,236.2
19-Jan-21,Z78RI794B,100,128.43,9,0.3,295.15,4792.32,255.1
19-Jan-21,Z78MD977C,100,116131.84,11,0.19,48.18,5294.08,1.06
19-Jan-21,Z78NJ746B,100,261.5,2,0.14,52.09,1218.56,239
19-Jan-21,Z78NJ626C,100,51.77,2,0.5,26.85,685.14,255.9
20-Jan-21,Z78NJ853B,100,324.72,4,0.14,116.05,2334.72,182.9
20-Jan-21,Z78JD823B,99.95,120.85,11,0.07,343.83,10874.88,972.7
20-Jan-21,Z78RI674A,100,306.86,13,0.23,197.97,3788.8,386.9
20-Jan-21,Z78NJ853C,100,203.02,4,0.51,52.49,1331.2,251.1
20-Jan-21,Z78RI674B,100,302.71,10,0.22,154.43,3932.16,275.9
20-Jan-21,Z78JD823A,99.95,229.28,10,0.08,359.58,10956.8,503.3
20-Jan-21,Z78RI674C,100,184.33,4,0.61,42.38,2426.88,487.7
20-Jan-21,Z78NJ720C,100,23.19,63,1.33,1.376,18851.84,83.9
20-Jan-21,Z78NJ720B,100,120.61,6,0.03,190.17,5120,1.04
20-Jan-21,Z78RY069A,100,15.38,1,3.44,2.67,261.54,159.8
20-Jan-21,Z78RI794A,100,323.03,5,0.13,100.84,1566.72,606.7
20-Jan-21,Z78NJ350C,100,198.38,9,0.34,186.12,3522.56,348.7
20-Jan-21,Z78NJ853A,100,74.12,2,0.75,19.66,465.54,59.1
20-Jan-21,Z78RI661A,100,183.12,5,0.62,55.14,2252.8,1.03
20-Jan-21,Z78RY069B,100,246.1,5,0.26,81.92,2283.52,408.2
20-Jan-21,Z78NJ720A,100,58.15,18,0.23,403.49,8499.2,323.1
20-Jan-21,Z78RI794B,100,121.63,9,0.13,290.03,6451.2,253.4
20-Jan-21,Z78MD977C,100,119183.36,13,0.52,48.48,2334.72,553.9
20-Jan-21,Z78NJ746B,100,190.57,1,0.73,17.08,370.97,102.2
20-Jan-21,Z78NJ626C,100,76.15,2,0.13,23.44,589.28,70.6
21-Jan-21,Z78NJ853B,100,301.1,4,0.06,61.04,1361.92,208.5
21-Jan-21,Z78JD823B,100,109.96,12,0.52,284.56,8437.76,261.7
21-Jan-21,Z78RI674A,100,353.82,14,0.11,207.92,3358.72,373.4
21-Jan-21,Z78NJ853C,100,213.43,4,0.35,43.86,1016.5,235.3
21-Jan-21,Z78RI674B,100,249.99,11,0.21,156.36,4659.2,703
21-Jan-21,Z78JD823A,100,217.15,11,0.1,394.43,9768.96,170.1
21-Jan-21,Z78RI674C,100,157.06,4,1.36,33.18,728.1,213.8
21-Jan-21,Z78NJ720C,100,32.32,62,0.31,1.467,22599.68,148.6
21-Jan-21,Z78NJ720B,100,151.85,6,0.09,150.12,3502.08,429.7
21-Jan-21,Z78RY069A,100,17.87,1,0.96,1.49,192.71,167.3
21-Jan-21,Z78RI794A,100,134.69,4,0.14,95.1,1372.16,163.7
21-Jan-21,Z78NJ350C,100,238.49,10,0.24,235.1,8069.12,970.2
21-Jan-21,Z78NJ853A,100,92.52,3,0.52,28.07,1259.52,66.5
21-Jan-21,Z78RI661A,100,104.44,7,0.39,51.15,3338.24,1.05
21-Jan-21,Z78RY069B,100,228.27,6,1.07,86.18,875.06,152.5
21-Jan-21,Z78NJ720A,100,54.39,18,0.29,421.31,9697.28,255.5
21-Jan-21,Z78RI794B,100,176.49,8,0.03,260.37,5826.56,315.3
21-Jan-21,Z78MD977C,100,123166.72,13,0.24,48.48,3409.92,794.7
21-Jan-21,Z78NJ746B,100,365.69,1,0.09,36.58,1167.36,486.5
21-Jan-21,Z78NJ626C,100,30.83,2,0.3,41.85,828.54,154.8
22-Jan-21,Z78NJ853B,100,291.25,4,0.61,104.21,615.97,174.8
22-Jan-21,Z78JD823B,100,86.69,13,0.1,363.95,9676.8,757.8
22-Jan-21,Z78RI674A,100,280.12,19,0.26,299.11,6359.04,445.4
22-Jan-21,Z78NJ853C,100,226.56,5,0.3,75.01,1300.48,157.5
22-Jan-21,Z78RI674B,100,268.14,15,0.29,211.88,6543.36,400.4
22-Jan-21,Z78JD823A,100,168.95,9,0.13,208.53,5437.44,166.3
22-Jan-21,Z78RI674C,100,114.38,4,1.07,42.34,966.45,319.8
22-Jan-21,Z78NJ720C,100,32.65,60,0.27,1.428,22937.6,192.7
22-Jan-21,Z78NJ720B,100,114.78,6,0.17,183.25,2887.68,412.2
22-Jan-21,Z78RY069A,100,14.96,1,2.91,2.52,104.85,209
22-Jan-21,Z78RI794A,100,383.28,4,0.13,110.61,1300.48,145.8
22-Jan-21,Z78NJ350C,100,222.3,10,0.35,206.66,6615.04,632.7
22-Jan-21,Z78NJ853A,100,213.89,2,0.64,20.1,433.53,270.3
22-Jan-21,Z78RI661A,100,187.27,5,0.4,33.13,1925.12,494
22-Jan-21,Z78RY069B,100,59.58,4,0.83,52.22,502.32,82.9
22-Jan-21,Z78NJ720A,100,67.87,18,0.24,669.03,11806.72,144.5
22-Jan-21,Z78RI794B,100,116.18,7,0.05,238.24,4341.76,114.7
22-Jan-21,Z78MD977C,100,107673.6,11,0.4,61.49,1966.08,703.2
22-Jan-21,Z78NJ746B,100,220.19,2,0.1,24.62,686.84,832.2
22-Jan-21,Z78NJ626C,100,37.6,2,0.35,38.43,770.1,103.4
23-Jan-21,Z78NJ853B,100,122.54,3,1.55,69,457.27,32.8
23-Jan-21,Z78JD823B,100,137.92,12,0.04,301.16,51599.36,8.21
23-Jan-21,Z78RI674A,100,332.62,16,0.16,261.96,5376,532.6
23-Jan-21,Z78NJ853C,100,227.66,5,0.32,61.96,1187.84,223.3
23-Jan-21,Z78RI674B,100,236.79,15,0.23,243.32,7106.56,657.1
23-Jan-21,Z78JD823A,100,104.46,9,0.09,251.46,4065.28,114.8
23-Jan-21,Z78RI674C,100,188.14,4,1.15,47.66,764.68,201.8
23-Jan-21,Z78NJ720C,100,32.73,63,0.68,1.473,19957.76,89.6
23-Jan-21,Z78NJ720B,100,96.55,5,0.25,122.25,2990.08,312.7
23-Jan-21,Z78RY069A,100,17.75,1,1.53,2.96,113.8,354.1
23-Jan-21,Z78RI794A,100,141.91,5,0.07,89.87,1095.68,198.7
23-Jan-21,Z78NJ350C,100,272.74,11,0.6,214.15,2887.68,225
23-Jan-21,Z78NJ853A,100,197.49,2,1.21,16.8,295.67,188.1
23-Jan-21,Z78RI661A,100,204.16,5,0.41,41.36,3543.04,901
23-Jan-21,Z78RY069B,100,210.55,5,0.49,53.98,752.63,283.4
23-Jan-21,Z78NJ720A,100,58.28,19,0.72,557.68,11427.84,182
23-Jan-21,Z78RI794B,100,157.12,7,0.16,175.93,3020.8,133.8
23-Jan-21,Z78MD977C,100,120832,13,0.23,57.45,4567.04,1.13
23-Jan-21,Z78NJ746B,100,124.95,1,0.27,18.8,732.34,688.4
23-Jan-21,Z78NJ626C,100,39.85,1,0.09,24.89,976.87,175.1
24-Jan-21,Z78NJ853B,100,159.81,3,0.27,80.38,1014.42,214.8
24-Jan-21,Z78JD823B,100,91.27,15,0.15,451.79,19415.04,803
24-Jan-21,Z78RI674A,100,314.15,13,0.29,204.11,3655.68,185.9
24-Jan-21,Z78NJ853C,100,261.09,5,0.49,58.13,733.29,98.5
24-Jan-21,Z78RI674B,100,274.97,13,0.29,216.02,5621.76,190.5
24-Jan-21,Z78JD823A,100,170.08,10,0.06,356.59,6717.44,118.1
24-Jan-21,Z78RI674C,100,143.77,4,1.28,33.23,680.73,222.8
24-Jan-21,Z78NJ720C,100,24.56,66,1.06,1.467,24360.96,101.5
24-Jan-21,Z78NJ720B,100,139.5,5,0.15,98.55,2027.52,277.8
24-Jan-21,Z78RY069A,100,14.33,1,3.34,3.45,1536,2.74
24-Jan-21,Z78RI794A,100,91.44,5,0.18,64.37,915.2,64.3
24-Jan-21,Z78NJ350C,100,163.2,11,0.47,269.72,2795.52,170.5
24-Jan-21,Z78NJ853A,100,147.53,2,0.73,17.89,464.04,130.5
24-Jan-21,Z78RI661A,100,188.17,4,1.22,31.3,2488.32,714
24-Jan-21,Z78RY069B,100,232.26,5,0.27,81.04,2007.04,718.9
24-Jan-21,Z78NJ720A,100,32.19,20,0.47,735.44,13455.36,175.5
24-Jan-21,Z78RI794B,100,217.44,7,0.04,287.59,6103.04,373.2
24-Jan-21,Z78MD977C,100,146810.88,11,0.1,53.25,3778.56,766.8
24-Jan-21,Z78NJ746B,100,141.39,1,0.64,9.43,540.95,323.8
24-Jan-21,Z78NJ626C,100,55.73,2,0.12,29.41,701.93,169.4
25-Jan-21,Z78NJ853B,100,248.53,4,0.22,86.25,984.45,96.8
25-Jan-21,Z78JD823B,100,141.04,13,0.09,392.02,14049.28,961.7
25-Jan-21,Z78RI674A,100,339.67,14,0.3,262.55,4638.72,231.4
25-Jan-21,Z78NJ853C,100,132.63,5,0.4,58.35,1423.36,144.8
25-Jan-21,Z78RI674B,100,264.88,13,0.37,201.49,4710.4,191.1
25-Jan-21,Z78JD823A,100,124.25,10,0.11,295.33,6041.6,145.6
25-Jan-21,Z78RI674C,100,167.38,3,1.33,29.79,1474.56,1.05
25-Jan-21,Z78NJ720C,100,45.23,62,0.87,1.477,19896.32,98.6
25-Jan-21,Z78NJ720B,100,238.38,5,0.27,80.51,1996.8,323.4
25-Jan-21,Z78RY069A,100,16.11,1,2.12,1.95,83.6,164.2
25-Jan-21,Z78RI794A,100,169.29,5,0.16,78.64,990.21,108.6
25-Jan-21,Z78NJ350C,100,219.84,11,0.47,227.63,2805.76,183.3
25-Jan-21,Z78NJ853A,100,192.81,2,0.97,17.84,288.92,218.9
25-Jan-21,Z78RI661A,100,117.96,3,0.91,30.37,636.37,283.5
25-Jan-21,Z78RY069B,100,161.76,5,0.33,78.6,1116.16,195.7
25-Jan-21,Z78NJ720A,100,69.14,20,0.11,537.75,15349.76,349.1
25-Jan-21,Z78RI794B,100,147.27,8,0.08,267.62,6287.36,461.9
25-Jan-21,Z78MD977C,100,208875.52,13,0.12,59.82,2467.84,543.4
25-Jan-21,Z78NJ746B,100,185.75,1,0.69,9.73,240.23,54.2
25-Jan-21,Z78NJ626C,100,93.22,2,0.21,28.7,587.01,57.8
26-Jan-21,Z78NJ853B,100,293.93,4,0.19,104.49,863.26,80
26-Jan-21,Z78JD823B,100,127.11,13,0.12,363.97,10434.56,398.5
26-Jan-21,Z78RI674A,100,306.13,13,0.17,211.64,4648.96,440.7
26-Jan-21,Z78NJ853C,100,219.61,4,0.32,52.61,975.29,128.9
26-Jan-21,Z78RI674B,100,192.1,12,0.24,200.94,4843.52,378.6
26-Jan-21,Z78JD823A,100,129.17,10,0.11,302.26,4997.12,118.2
26-Jan-21,Z78RI674C,100,156.9,4,1.96,27.9,1064.96,689.7
26-Jan-21,Z78NJ720C,100,36.72,61,0.58,1.379,21524.48,100.8
26-Jan-21,Z78NJ720B,100,208.29,5,0.28,74.34,2211.84,660.1
26-Jan-21,Z78RY069A,100,21.63,1,3.02,1.62,113.98,209.9
26-Jan-21,Z78RI794A,100,303.28,6,0.23,142.4,1372.16,222.8
26-Jan-21,Z78NJ350C,100,237.84,11,0.39,197.36,2795.52,183
26-Jan-21,Z78NJ853A,100,155.23,2,0.74,23.64,344.92,85.3
26-Jan-21,Z78RI661A,100,157.94,6,0.59,31.38,2426.88,928.2
26-Jan-21,Z78RY069B,100,199.4,6,0.32,78.48,3809.28,1.62
26-Jan-21,Z78NJ720A,100,48.68,20,0.45,612.52,12687.36,144
26-Jan-21,Z78RI794B,100,95.37,8,0.14,231.67,6103.04,168.1
26-Jan-21,Z78MD977C,100,176547.84,12,0.15,59.42,2826.24,635.8
26-Jan-21,Z78NJ746B,100,163,2,7.07,30.7,440.56,63.5
26-Jan-21,Z78NJ626C,100,101.99,2,0.11,51.2,1208.32,98.1
27-Jan-21,Z78NJ853B,100,179.06,4,0.19,86.98,1085.44,69.6
27-Jan-21,Z78JD823B,100,152.19,14,0.12,406.73,10946.56,497.4
27-Jan-21,Z78RI674A,100,283.96,13,0.06,236.53,8202.24,1.44
27-Jan-21,Z78NJ853C,100,244.42,6,0.54,70.02,1484.8,243.3
27-Jan-21,Z78RI674B,100,221.97,13,0.33,242.44,5058.56,218.5
27-Jan-21,Z78JD823A,100,163.01,11,0.07,312.37,5775.36,143
27-Jan-21,Z78RI674C,100,133.11,4,1.71,31.45,703.3,112.6
27-Jan-21,Z78NJ720C,100,30.38,63,0.42,1.453,20766.72,104
27-Jan-21,Z78NJ720B,100,128.04,5,0.13,109.04,3010.56,665.4
27-Jan-21,Z78RY069A,100,20.15,1,6.98,2.99,123.67,209.6
27-Jan-21,Z78RI794A,100,217.73,6,0.1,104.01,1290.24,94.8
27-Jan-21,Z78NJ350C,100,205.67,11,0.2,269.98,7895.04,724.4
27-Jan-21,Z78NJ853A,100,189.74,3,0.49,31.45,692.35,165.2
27-Jan-21,Z78RI661A,100,162.21,7,0.87,41.28,1208.32,278.5
27-Jan-21,Z78RY069B,100,155.95,7,0.21,83.57,3051.52,304.2
27-Jan-21,Z78NJ720A,100,43.28,22,0.45,455.2,10270.72,123.1
27-Jan-21,Z78RI794B,100,147.57,8,0.15,274.86,4761.6,79.7
27-Jan-21,Z78MD977C,100,151859.2,13,0.15,52.47,2652.16,596.2
27-Jan-21,Z78NJ746B,100,195.21,3,0.51,59.52,1024,118.1
27-Jan-21,Z78NJ626C,100,126.84,2,0.04,49.14,1167.36,127.6
28-Jan-21,Z78NJ853B,100,181.06,5,0.32,106.3,1310.72,52.7
28-Jan-21,Z78JD823B,100,114.31,13,0.09,287.45,7454.72,707.9
28-Jan-21,Z78RI674A,100,360.39,13,0.16,197.36,3829.76,749.5
28-Jan-21,Z78NJ853C,100,201.28,6,0.35,58.16,2539.52,1.15
28-Jan-21,Z78RI674B,100,259.49,13,0.4,188.38,4433.92,352.8
28-Jan-21,Z78JD823A,100,177.62,11,0.09,297.23,8499.2,488.8
28-Jan-21,Z78RI674C,100,166.98,5,1.42,37.48,1167.36,435.2
28-Jan-21,Z78NJ720C,100,43.44,59,0.67,1.31,21288.96,143.1
28-Jan-21,Z78NJ720B,100,144.54,5,0.17,112.43,4331.52,635.9
28-Jan-21,Z78RY069A,100,20.3,1,5.09,2.78,127.5,56.7
28-Jan-21,Z78RI794A,100,115.33,6,0.28,92.63,808.82,175.6
28-Jan-21,Z78NJ350C,100,194.51,12,0.44,255.6,4362.24,360.1
28-Jan-21,Z78NJ853A,100,113.03,4,0.53,43.45,606.57,116.3
28-Jan-21,Z78RI661A,100,158.37,5,0.46,31.62,1218.56,636.5
28-Jan-21,Z78RY069B,100,168.55,6,0.75,65.03,1392.64,224.5
28-Jan-21,Z78NJ720A,100,82.47,20,0.16,844.58,14233.6,159
28-Jan-21,Z78RI794B,100,140.73,8,0.11,222.43,5345.28,124.9
28-Jan-21,Z78MD977C,100,166543.36,12,0.11,57.65,3051.52,700
28-Jan-21,Z78NJ746B,100,117.76,2,0.73,54.37,1443.84,148
28-Jan-21,Z78NJ626C,100,111.67,2,0.15,27.75,750.57,327.5
29-Jan-21,Z78NJ853B,100,180.68,6,0.06,134.82,1587.2,55
29-Jan-21,Z78JD823B,100,173.61,12,0.11,303.31,7434.24,363.5
29-Jan-21,Z78RI674A,100,310.1,16,0.16,308.03,5939.2,502.1
29-Jan-21,Z78NJ853C,100,280.66,7,0.31,109.98,1822.72,321.2
29-Jan-21,Z78RI674B,100,303.14,15,0.23,326.64,7055.36,359.4
29-Jan-21,Z78JD823A,100,199.18,11,0.09,262.32,6297.6,96
29-Jan-21,Z78RI674C,100,158.05,5,1.28,44.34,1054.72,256.4
29-Jan-21,Z78NJ720C,100,57.29,59,0.47,1.458,25640.96,217
29-Jan-21,Z78NJ720B,100,131.72,5,0.28,83.82,2170.88,418.5
29-Jan-21,Z78RY069A,100,16.99,1,3.81,2.54,92.45,136.6
29-Jan-21,Z78RI794A,100,228.78,6,0.24,100.3,906.71,206.7
29-Jan-21,Z78NJ350C,100,163.23,11,0.36,240.35,4024.32,396.4
29-Jan-21,Z78NJ853A,100,192.92,4,0.83,39.72,497.4,73.2
29-Jan-21,Z78RI661A,100,130.79,3,1.64,11.47,387.95,206.2
29-Jan-21,Z78RY069B,100,256.52,6,0.29,75.35,2570.24,418.7
29-Jan-21,Z78NJ720A,100,81.75,22,0.18,586.06,10444.8,188.6
29-Jan-21,Z78RI794B,100,171.81,7,0.3,164.27,2805.76,112.2
29-Jan-21,Z78MD977C,100,137943.04,14,0.09,61.21,3368.96,885.2
29-Jan-21,Z78NJ746B,100,207.36,2,0.21,45.29,1648.64,531.4
29-Jan-21,Z78NJ626C,100,42.82,2,0.13,31.1,680.65,152.6
30-Jan-21,Z78NJ853B,100,101.95,5,0.03,84.53,1464.32,51.3
30-Jan-21,Z78JD823B,100,95.22,13,0.33,312.93,10424.32,293.4
30-Jan-21,Z78RI674A,100,297.22,19,0.11,360.99,28160,4.42
30-Jan-21,Z78NJ853C,100,300.73,7,0.19,115.23,2426.88,700.1
30-Jan-21,Z78RI674B,100,250.66,14,0.22,268.45,4669.44,218.9
30-Jan-21,Z78JD823A,100,204.53,11,0.21,305.85,6215.68,119.7
30-Jan-21,Z78RI674C,100,168.87,5,1.52,49.81,979.86,313.5
30-Jan-21,Z78NJ720C,100,31.07,59,0.32,1.385,20326.4,121.1
30-Jan-21,Z78NJ720B,100,160.28,6,0.24,94.17,5232.64,1.21
30-Jan-21,Z78RY069A,100,17.53,1,6.88,3.03,154.07,102.2
30-Jan-21,Z78RI794A,100,365.34,6,0.11,99.34,1085.44,101.8
30-Jan-21,Z78NJ350C,100,273.51,11,0.88,436.01,3317.76,235.2
30-Jan-21,Z78NJ853A,100,311.85,3,0.2,108.22,1198.08,94
30-Jan-21,Z78RI661A,100,152.2,5,1.04,20.61,1382.4,448.6
30-Jan-21,Z78RY069B,100,264.04,6,0.46,76.49,2631.68,1.37
30-Jan-21,Z78NJ720A,100,67.9,22,0.2,578.22,11079.68,174.2
30-Jan-21,Z78RI794B,100,164.18,7,0.13,162.74,3307.52,64.9
30-Jan-21,Z78MD977C,100,202629.12,14,0.16,66.73,2979.84,717.7
30-Jan-21,Z78NJ746B,100,286.36,2,0.14,33.91,1699.84,410.3
30-Jan-21,Z78NJ626C,100,28.92,2,0.26,27.82,845.32,136.5
31-Jan-21,Z78NJ853B,100,331.12,6,0.09,168.7,2641.92,361.3
31-Jan-21,Z78JD823B,100,161.02,14,0.09,360.66,8560.64,870.6
31-Jan-21,Z78RI674A,100,296.37,15,0.11,251,6758.4,587.5
31-Jan-21,Z78NJ853C,100,160.77,7,2.55,120.18,2682.88,285.5
31-Jan-21,Z78RI674B,100,218.69,10,0.67,156.98,2887.68,123.9
31-Jan-21,Z78JD823A,100,140.29,12,0.17,332.44,6103.04,81
31-Jan-21,Z78RI674C,100,141.45,3,0.92,37.42,962.44,157.4
31-Jan-21,Z78NJ720C,100,35.23,63,0.47,1.503,23705.6,124.4
31-Jan-21,Z78NJ720B,100,60.58,5,0.77,105.84,3368.96,430
31-Jan-21,Z78RY069A,100,18.05,2,4.78,3.7,130.31,148.1
31-Jan-21,Z78RI794A,100,215.14,7,0.2,119.4,2344.96,180.7
31-Jan-21,Z78NJ350C,100,207.26,11,0.87,242.36,3235.84,192.1
31-Jan-21,Z78NJ853A,100,81.69,3,1.08,32.92,575.63,125.8
31-Jan-21,Z78RI661A,100,155.17,5,0.58,30.13,1402.88,261.6
31-Jan-21,Z78RY069B,100,246.99,6,0.42,75.24,3184.64,941.4
31-Jan-21,Z78NJ720A,100,33.9,23,0.22,533.05,10383.36,172.5
31-Jan-21,Z78RI794B,100,193.11,8,0.05,233.4,5550.08,243.7
31-Jan-21,Z78MD977C,100,175503.36,12,0.13,54.94,3123.2,684.9
31-Jan-21,Z78NJ746B,100,185.12,2,0.43,23.87,1597.44,239.6
31-Jan-21,Z78NJ626C,100,151.34,2,0.12,17.82,564.57,589.5
01-Feb-21,Z78NJ853B,100,304.88,5,0.08,114.43,2508.8,100.9
01-Feb-21,Z78JD823B,100,162.12,14,0.05,563.86,18063.36,826.9
01-Feb-21,Z78RI674A,100,294.44,15,0.28,293.72,6471.68,427.4
01-Feb-21,Z78NJ853C,100,191.97,7,0.66,113.64,1914.88,248.8
01-Feb-21,Z78RI674B,100,164.4,12,0.3,186.92,4372.48,106.7
01-Feb-21,Z78JD823A,100,96.91,12,0.76,374.36,7956.48,103.8
01-Feb-21,Z78RI674C,100,136.37,5,1.9,42.77,632.55,220
01-Feb-21,Z78NJ720C,100,31.73,63,1.04,1.696,23040,133
01-Feb-21,Z78NJ720B,100,234.53,5,0.2,78.38,3573.76,888.4
01-Feb-21,Z78RY069A,100,16.37,1,2.38,5.57,145.62,48.1
01-Feb-21,Z78RI794A,100,278.14,7,0.13,175.4,2242.56,226
01-Feb-21,Z78NJ350C,100,221.6,12,0.43,218.35,5314.56,389.2
01-Feb-21,Z78NJ853A,100,155.73,4,0.53,31.37,1464.32,511
01-Feb-21,Z78RI661A,100,111.64,5,0.43,75.64,2078.72,358.7
01-Feb-21,Z78RY069B,100,240.5,7,1.12,62.84,2344.96,585.3
01-Feb-21,Z78NJ720A,100,40.35,23,0.58,611.47,12636.16,222.8
01-Feb-21,Z78RI794B,100,188.66,8,0.1,239.13,5314.56,214
01-Feb-21,Z78MD977C,100,139284.48,13,0.11,49.48,5959.68,1.06
01-Feb-21,Z78NJ746B,100,159.99,2,1.03,19.02,315.18,72.5
01-Feb-21,Z78NJ626C,100,38.92,2,0.28,36.24,847.95,164
02-Feb-21,Z78NJ853B,100,191.08,7,0.14,99.41,1505.28,89.8
02-Feb-21,Z78JD823B,100,113.33,15,0.33,381.67,14479.36,696.4
02-Feb-21,Z78RI674A,100,294.05,17,0.1,304.69,5591.04,282.6
02-Feb-21,Z78NJ853C,100,301.27,6,0.23,129.04,2150.4,366.4
02-Feb-21,Z78RI674B,100,287.48,13,0.15,228.43,5068.8,302.5
02-Feb-21,Z78JD823A,100,147.68,13,0.12,447.39,8417.28,155
02-Feb-21,Z78RI674C,100,183.89,5,1.09,43.55,812.97,323.3
02-Feb-21,Z78NJ720C,100,38.22,61,0.87,1.504,25118.72,166.7
02-Feb-21,Z78NJ720B,100,130.1,5,0.29,122.86,2928.64,494.5
02-Feb-21,Z78RY069A,100,19.79,1,2.73,3.56,325.1,63.5
02-Feb-21,Z78RI794A,100,299.17,6,0.55,108.16,935.38,168.9
02-Feb-21,Z78NJ350C,100,166.06,13,0.36,280.32,6000.64,325.7
02-Feb-21,Z78NJ853A,100,241.75,3,0.54,45.14,729.25,227.3
02-Feb-21,Z78RI661A,100,159.82,4,1,28.89,1689.6,366.8
02-Feb-21,Z78RY069B,100,175.35,8,1.25,59.74,859.83,74.4
02-Feb-21,Z78NJ720A,100,44.81,22,1.81,652.36,8867.84,97
02-Feb-21,Z78RI794B,100,165.04,8,0.08,297.19,5130.24,210.1
02-Feb-21,Z78MD977C,92.03,149882.88,14,0.15,53.95,5580.8,1.19
02-Feb-21,Z78NJ746B,100,190.64,2,0.61,31.93,528.73,158.2
02-Feb-21,Z78NJ626C,100,39.15,2,0.35,35.19,854.95,116.8
03-Feb-21,Z78NJ853B,100,201.9,8,0.06,141.26,2979.84,130.6
03-Feb-21,Z78JD823B,100,120.14,15,0.14,435.07,14172.16,594.9
03-Feb-21,Z78RI674A,100,297.79,18,0.1,319,5898.24,297.4
03-Feb-21,Z78NJ853C,100,248.65,6,0.62,101.38,2150.4,427.8
03-Feb-21,Z78RI674B,100,273.66,12,0.88,170.38,4311.04,230.4
03-Feb-21,Z78JD823A,100,152.17,13,0.12,424.33,10608.64,249.8
03-Feb-21,Z78RI674C,100,151.38,5,0.7,40.68,610.1,174.6
03-Feb-21,Z78NJ720C,100,28.09,63,1.29,1.426,23746.56,132.8
03-Feb-21,Z78NJ720B,100,139.64,6,0.27,134.91,2129.92,100.8
03-Feb-21,Z78RY069A,100,16.87,1,2.65,2.61,188.28,253.5
03-Feb-21,Z78RI794A,100,154.93,7,1.21,138.85,1361.92,145.2
03-Feb-21,Z78NJ350C,100,145.86,14,0.55,336.51,5396.48,282.1
03-Feb-21,Z78NJ853A,100,291.21,2,0.15,68.4,1034.24,175.7
03-Feb-21,Z78RI661A,100,152.38,4,0.66,38.22,1095.68,196.8
03-Feb-21,Z78RY069B,100,189.75,8,0.48,69.99,891.22,92.9
03-Feb-21,Z78NJ720A,100,40.8,22,1.53,568.66,9205.76,184.6
03-Feb-21,Z78RI794B,100,148.35,8,0.2,201.39,3860.48,227.3
03-Feb-21,Z78MD977C,100,186859.52,14,0.08,55.05,4966.4,948.8
03-Feb-21,Z78NJ746B,100,182.36,2,0.53,18.05,433.34,123.4
03-Feb-21,Z78NJ626C,100,108.06,2,0.13,20.07,590.73,92.1
04-Feb-21,Z78NJ853B,100,405.93,7,0.05,151.8,3993.6,155.5
04-Feb-21,Z78JD823B,100,125.97,16,0.16,346.64,8990.72,481.1
04-Feb-21,Z78RI674A,100,286.53,21,0.28,388.13,7792.64,378.9
04-Feb-21,Z78NJ853C,100,217.93,7,1.61,102.1,2703.36,283.9
04-Feb-21,Z78RI674B,100,244.39,14,0.2,218.32,6154.24,567.9
04-Feb-21,Z78JD823A,100,169.79,12,0.15,355.9,17520.64,1.4
04-Feb-21,Z78RI674C,100,154.52,5,1.03,43.49,1515.52,991.1
04-Feb-21,Z78NJ720C,100,24.57,62,0.93,1.324,22743.04,115.4
04-Feb-21,Z78NJ720B,100,156.69,7,0.39,116.27,2252.8,179.7
04-Feb-21,Z78RY069A,100,18.01,1,2.29,4.21,512.1,351.6
04-Feb-21,Z78RI794A,100,254.84,7,0.43,126.6,1433.6,79.1
04-Feb-21,Z78NJ350C,100,211.28,13,0.73,263.53,3829.76,166.5
04-Feb-21,Z78NJ853A,100,134.11,3,0.1,78.95,1576.96,151.4
04-Feb-21,Z78RI661A,100,145.61,4,0.57,39.25,1361.92,295.2
04-Feb-21,Z78RY069B,100,221.33,8,0.64,61.63,984.53,335.2
04-Feb-21,Z78NJ720A,100,39.47,26,0.75,567.65,12503.04,249.4
04-Feb-21,Z78RI794B,100,162.33,8,0.1,196.52,5713.92,425.1
04-Feb-21,Z78MD977C,100,202649.6,15,0.12,55.7,8017.92,1.29
04-Feb-21,Z78NJ746B,100,269.93,2,0.32,26.54,938.39,343
04-Feb-21,Z78NJ626C,100,33.32,2,1.11,26.89,562.68,64.3
05-Feb-21,Z78NJ853B,100,250.48,7,0.11,205.3,2242.56,129.3
05-Feb-21,Z78JD823B,100,155.08,14,0.26,339.88,8151.04,463.7
05-Feb-21,Z78RI674A,100,307.08,24,0.23,467.8,9635.84,565.9
05-Feb-21,Z78NJ853C,100,198.43,7,0.96,78.68,2068.48,300
05-Feb-21,Z78RI674B,100,200.39,16,0.21,309.87,8376.32,702.7
05-Feb-21,Z78JD823A,100,124.8,11,0.13,283.28,7321.6,166.3
05-Feb-21,Z78RI674C,100,165.33,5,1.33,35.99,976.26,214.1
05-Feb-21,Z78NJ720C,100,38.99,60,0.83,1.295,23162.88,162.7
05-Feb-21,Z78NJ720B,100,124.98,9,0.54,157.05,2232.32,309.6
05-Feb-21,Z78RY069A,100,17.05,2,1.85,7.9,393.38,357.5
05-Feb-21,Z78RI794A,100,317.44,8,0.16,152.45,3307.52,415.4
05-Feb-21,Z78NJ350C,100,139.9,14,0.57,252.8,4843.52,387
05-Feb-21,Z78NJ853A,100,165.89,3,0.18,46.86,1022.87,211.7
05-Feb-21,Z78RI661A,100,202.78,4,0.54,43.7,697.89,283.1
05-Feb-21,Z78RY069B,100,245.9,9,0.53,84.17,1208.32,302.7
05-Feb-21,Z78NJ720A,100,37.13,23,0.72,866.38,16537.6,435.1
05-Feb-21,Z78RI794B,100,179.29,7,0.1,221.64,3778.56,120.5
05-Feb-21,Z78MD977C,100,184678.4,15,0.13,59.96,7813.12,1.5
05-Feb-21,Z78NJ746B,100,288.19,2,0.05,35.67,647.75,462.7
05-Feb-21,Z78NJ626C,100,60.2,2,0.17,54.21,1423.36,101.2
06-Feb-21,Z78NJ853B,100,296.19,7,0.18,128.16,1423.36,129.2
06-Feb-21,Z78JD823B,100,138.25,17,0.3,381.68,9205.76,280.4
06-Feb-21,Z78RI674A,100,258.91,23,0.17,424.77,10270.72,457.6
06-Feb-21,Z78NJ853C,100,248.97,7,0.58,86.36,1751.04,172.6
06-Feb-21,Z78RI674B,100,300.58,16,0.17,268.82,5427.2,281
06-Feb-21,Z78JD823A,100,153.73,13,0.16,328.83,7249.92,241.9
06-Feb-21,Z78RI674C,100,131.53,5,1.92,36.91,833.89,249.9
06-Feb-21,Z78NJ720C,100,30.4,67,0.86,1.733,23224.32,109.9
06-Feb-21,Z78NJ720B,100,105.73,8,0.2,232.09,3266.56,279.3
06-Feb-21,Z78RY069A,100,15.98,2,2.5,6.68,231.43,241.6
06-Feb-21,Z78RI794A,100,240.08,8,0.27,168.92,2457.6,163.6
06-Feb-21,Z78NJ350C,100,152.6,14,1,218,2897.92,186.5
06-Feb-21,Z78NJ853A,100,285.61,4,0.26,54.79,1914.88,291.4
06-Feb-21,Z78RI661A,100,126.89,4,1.55,46.93,462.54,72.9
06-Feb-21,Z78RY069B,100,207.6,8,1.46,70.46,809.53,112
06-Feb-21,Z78NJ720A,100,46.12,22,0.46,783.58,11939.84,143.6
06-Feb-21,Z78RI794B,100,165.86,7,0.23,171.36,2580.48,64
06-Feb-21,Z78MD977C,100,154716.16,14,0.1,58.15,7454.72,1.6
06-Feb-21,Z78NJ746B,100,110.26,1,0.68,75.05,731.93,127.1
06-Feb-21,Z78NJ626C,100,28.98,2,2.12,25.71,732.45,100.8
07-Feb-21,Z78NJ853B,100,188.94,7,0.62,100.27,1648.64,114.8
07-Feb-21,Z78JD823B,100,131.56,19,0.18,450.55,18780.16,985.1
07-Feb-21,Z78RI674A,100,344.11,19,0.14,310.95,6553.6,388.3
07-Feb-21,Z78NJ853C,100,427.25,7,0.76,209.73,1822.72,166.9
07-Feb-21,Z78RI674B,100,262.86,13,0.34,198.35,3665.92,236
07-Feb-21,Z78JD823A,100,140.64,14,0.18,386.43,8611.84,126.4
07-Feb-21,Z78RI674C,100,149.42,5,1.38,28.36,464.94,120.5
07-Feb-21,Z78NJ720C,100,34.39,70,2.11,1.636,23736.32,111
07-Feb-21,Z78NJ720B,100,108.33,7,0.17,146.75,3379.2,486.6
07-Feb-21,Z78RY069A,100,16.74,2,2.87,6.7,287.72,246.1
07-Feb-21,Z78RI794A,100,286.12,9,0.38,158.06,1669.12,105.2
07-Feb-21,Z78NJ350C,100,113.46,14,0.7,309.28,5365.76,225.7
07-Feb-21,Z78NJ853A,100,214.58,3,0.46,39.68,1105.92,255.7
07-Feb-21,Z78RI661A,100,163.28,5,0.38,35.14,1095.68,251.9
07-Feb-21,Z78RY069B,100,189.71,9,0.67,72.74,997.42,117.3
07-Feb-21,Z78NJ720A,100,33.59,22,0.74,522.82,11397.12,163.1
07-Feb-21,Z78RI794B,100,120.35,9,0.09,321.04,6912,223.5
07-Feb-21,Z78MD977C,100,158013.44,12,0.09,50.56,9625.6,1.65
07-Feb-21,Z78NJ746B,100,174.86,3,0.05,43.38,1290.24,759.5
07-Feb-21,Z78NJ626C,100,30,2,2.42,25.73,634.36,102.5
08-Feb-21,Z78NJ853B,100,258.91,7,0.19,74.87,1812.48,45.8
08-Feb-21,Z78JD823B,100,143.69,18,0.33,379.1,11489.28,382
08-Feb-21,Z78RI674A,100,342.56,18,0.16,252.52,6307.84,299.4
08-Feb-21,Z78NJ853C,100,240.45,7,0.52,122.4,2344.96,126.4
08-Feb-21,Z78RI674B,100,189.7,13,0.44,166.52,3717.12,200.5
08-Feb-21,Z78JD823A,100,124.71,15,0.38,418.55,9031.68,117.6
08-Feb-21,Z78RI674C,100,165.64,5,2.45,29.73,726.12,131.8
08-Feb-21,Z78NJ720C,100,34.55,71,1.76,1.773,26634.24,103.3
08-Feb-21,Z78NJ720B,100,132.13,7,0.47,153.54,3409.92,167.5
08-Feb-21,Z78RY069A,100,17.42,2,2.39,5.05,344.37,544.4
08-Feb-21,Z78RI794A,100,338.86,9,0.12,196.49,2099.2,160.1
08-Feb-21,Z78NJ350C,100,116.42,14,1.08,305.95,4884.48,229.1
08-Feb-21,Z78NJ853A,100,205.57,3,0.64,32.72,805.31,470.9
08-Feb-21,Z78RI661A,100,125.14,5,0.46,41.57,1020.49,120.7
08-Feb-21,Z78RY069B,100,158.64,8,0.32,85.73,2375.68,346.2
08-Feb-21,Z78NJ720A,100,48.49,24,0.48,790.33,13987.84,151
08-Feb-21,Z78RI794B,100,197.19,9,0.09,313.8,7219.2,120.2
08-Feb-21,Z78MD977C,100,168192,13,0.17,51.45,8724.48,1.46
08-Feb-21,Z78NJ746B,100,142.17,3,0.26,111.37,2365.44,654.3
08-Feb-21,Z78NJ626C,100,34.97,2,1.81,28.1,771.73,129.4
09-Feb-21,Z78NJ853B,100,223.42,7,0.07,96.72,1863.68,74.1
09-Feb-21,Z78JD823B,100,133.09,18,0.41,402.91,22947.84,1.28
09-Feb-21,Z78RI674A,100,329.01,19,0.09,295.67,6328.32,258.8
09-Feb-21,Z78NJ853C,100,268.09,7,0.59,130.4,1853.44,190.5
09-Feb-21,Z78RI674B,100,263.58,14,0.43,196.16,4188.16,326.9
09-Feb-21,Z78JD823A,100,152.57,15,0.13,452.73,10485.76,129.4
09-Feb-21,Z78RI674C,100,172.43,5,2.41,41.74,607.03,284.3
09-Feb-21,Z78NJ720C,100,29.66,74,0.83,1.595,25774.08,99.1
09-Feb-21,Z78NJ720B,100,50.62,6,0.27,82.46,2406.4,287.8
09-Feb-21,Z78RY069A,100,12.37,2,1.95,3.36,186.9,244.7
09-Feb-21,Z78RI794A,100,295.76,7,0.21,154.15,2068.48,315.9
09-Feb-21,Z78NJ350C,100,232.15,12,1.21,286.21,5222.4,355.1
09-Feb-21,Z78NJ853A,100,243.91,3,0.42,29.41,834,348.6
09-Feb-21,Z78RI661A,100,192.91,5,0.68,37.65,1105.92,230.5
09-Feb-21,Z78RY069B,100,168.9,8,0.35,80.77,2703.36,360.9
09-Feb-21,Z78NJ720A,100,45.99,26,0.51,577.92,12062.72,180.1
09-Feb-21,Z78RI794B,100,136.86,9,0.18,254.02,9820.16,309.2
09-Feb-21,Z78MD977C,100,162426.88,14,0.14,52.51,5744.64,1.1
09-Feb-21,Z78NJ746B,100,280.86,3,0.07,70.83,1966.08,449
09-Feb-21,Z78NJ626C,100,40.35,2,0.63,26.99,512.95,59.4
10-Feb-21,Z78NJ853B,100,109.34,6,0.18,81.4,1617.92,88
10-Feb-21,Z78JD823B,100,132.07,18,0.26,402.81,13383.68,423.3
10-Feb-21,Z78RI674A,100,323.19,17,0.12,260.22,6594.56,670.5
10-Feb-21,Z78NJ853C,100,159.89,7,1.37,96.1,2078.72,91.7
10-Feb-21,Z78RI674B,100,270.45,14,0.54,179.98,3973.12,233.6
10-Feb-21,Z78JD823A,100,149.68,16,0.13,500.47,9646.08,102.1
10-Feb-21,Z78RI674C,100,167.81,6,3.48,36.52,750.63,328.2
10-Feb-21,Z78NJ720C,100,29.76,76,1.79,1.655,23418.88,79.7
10-Feb-21,Z78NJ720B,100,135.79,6,0.16,124.5,3409.92,190.1
10-Feb-21,Z78RY069A,96.25,16.46,2,3.61,3.92,168.74,166.6
10-Feb-21,Z78RI794A,100,112.1,8,0.19,118.17,1474.56,137.4
10-Feb-21,Z78NJ350C,100,130.27,14,1.43,344.4,6502.4,419.6
10-Feb-21,Z78NJ853A,100,162.09,3,1.03,30.44,749.95,152.2
10-Feb-21,Z78RI661A,100,200.53,4,1.03,61.3,1505.28,404.7
10-Feb-21,Z78RY069B,98.05,220.03,7,0.43,63.83,1628.16,353.8
10-Feb-21,Z78NJ720A,100,55.31,23,1.36,548,10526.72,207.3
10-Feb-21,Z78RI794B,100,202.56,9,0.08,315.62,8765.44,210.3
10-Feb-21,Z78MD977C,100,291307.52,16,0.1,66.77,5672.96,1.11
10-Feb-21,Z78NJ746B,100,242.65,2,0.17,36.89,650.91,86.3
10-Feb-21,Z78NJ626C,100,68.67,2,0.46,25.07,639.29,226.5
11-Feb-21,Z78NJ853B,100,200.94,6,0.39,91.17,1177.6,92.6
11-Feb-21,Z78JD823B,100,138.46,18,0.31,470.3,10403.84,459.5
11-Feb-21,Z78RI674A,100,320.63,18,0.13,285.46,5662.72,215.1
11-Feb-21,Z78NJ853C,100,207.11,10,0.85,70.35,1218.56,103.7
11-Feb-21,Z78RI674B,100,258.94,16,0.38,228.79,4157.44,165.3
11-Feb-21,Z78JD823A,100,92.15,18,0.26,416.04,8806.4,95.5
11-Feb-21,Z78RI674C,100,147.17,4,1.14,37.15,791.71,297.8
11-Feb-21,Z78NJ720C,100,30.86,83,1.37,1.56,21780.48,88.9
11-Feb-21,Z78NJ720B,100,89.94,8,0.23,159.42,3205.12,192.2
11-Feb-21,Z78RY069A,100,16.7,2,2.41,4.26,142.25,62
11-Feb-21,Z78RI794A,100,286.52,8,0.14,151.6,2242.56,96.3
11-Feb-21,Z78NJ350C,100,184.28,14,2.26,361.49,2979.84,171.2
11-Feb-21,Z78NJ853A,100,240.5,3,0.87,28.35,399.87,70.2
11-Feb-21,Z78RI661A,100,209.37,5,0.86,37.16,1361.92,554.1
11-Feb-21,Z78RY069B,100,229.88,7,0.36,86.13,2058.24,360.3
11-Feb-21,Z78NJ720A,100,42.2,24,0.34,491.91,8939.52,147
11-Feb-21,Z78RI794B,100,132.65,8,0.12,319.82,6983.68,202.4
11-Feb-21,Z78MD977C,100,299427.84,17,0.09,61.43,4229.12,769.9
11-Feb-21,Z78NJ746B,100,167.93,3,0.28,32.64,805.34,212.2
11-Feb-21,Z78NJ626C,100,36.41,2,2.41,21.77,639.02,345.1
12-Feb-21,Z78NJ853B,100,211.92,6,0.07,81.41,1146.88,51.5
12-Feb-21,Z78JD823B,100,162.13,18,0.16,345.69,12687.36,671
12-Feb-21,Z78RI674A,100,284.32,21,0.18,291.49,7895.04,508.6
12-Feb-21,Z78NJ853C,100,262.44,10,1.08,66.76,1443.84,114.4
12-Feb-21,Z78RI674B,100,217.91,18,0.26,270.18,7290.88,429.8
12-Feb-21,Z78JD823A,100,51.89,18,0.23,319.91,8622.08,467.8
12-Feb-21,Z78RI674C,100,150.23,4,2.51,31.84,621,240.5
12-Feb-21,Z78NJ720C,100,31.49,78,0.53,1.389,22947.84,188.7
12-Feb-21,Z78NJ720B,100,162.23,6,1.05,53.04,921.77,173
12-Feb-21,Z78RY069A,100,15.54,1,1.86,2.75,224.45,423.5
12-Feb-21,Z78RI794A,100,338.96,9,0.27,245.62,4495.36,605.5
12-Feb-21,Z78NJ350C,100,216.15,16,1.07,238.87,3553.28,186
12-Feb-21,Z78NJ853A,100,200.49,4,2.84,20.64,435.46,136.5
12-Feb-21,Z78RI661A,100,145.67,4,0.61,32.86,1392.64,502.5
12-Feb-21,Z78RY069B,100,180.47,7,0.28,78.44,2068.48,268.4
12-Feb-21,Z78NJ720A,100,53.08,23,0.45,583.85,9512.96,250.9
12-Feb-21,Z78RI794B,100,236.06,7,0.13,228.99,3983.36,113.1
12-Feb-21,Z78MD977C,100,264816.64,15,0.12,71.5,4485.12,955
12-Feb-21,Z78NJ746B,100,251.83,3,0.24,49.86,635.91,333.1
12-Feb-21,Z78NJ626C,100,25.34,2,4.96,20.48,954.81,275.1
13-Feb-21,Z78NJ853B,100,207.47,7,0.14,116.79,2140.16,131.9
13-Feb-21,Z78JD823B,100,68.02,20,0.34,400.05,15104,595.5
13-Feb-21,Z78RI674A,100,336.05,20,0.18,323.93,5560.32,260.5
13-Feb-21,Z78NJ853C,100,248.5,11,0.57,98.61,3747.84,436.7
13-Feb-21,Z78RI674B,100,246.23,17,0.26,336.62,5734.4,498.5
13-Feb-21,Z78JD823A,100,106.5,17,0.15,440.74,24576,2.38
13-Feb-21,Z78RI674C,100,171.05,5,1.2,50.95,1177.6,501.3
13-Feb-21,Z78NJ720C,100,31.64,80,0.7,1.425,21606.4,112.3
13-Feb-21,Z78NJ720B,100,88.26,6,0.33,52.78,1402.88,142
13-Feb-21,Z78RY069A,100,14.79,1,3.36,4.14,343.72,292.5
13-Feb-21,Z78RI794A,100,325.47,10,0.08,233.05,3287.04,325.5
13-Feb-21,Z78NJ350C,100,189.99,16,2.26,237.85,4065.28,289.8
13-Feb-21,Z78NJ853A,100,229.27,5,0.88,32.4,805.54,328.3
13-Feb-21,Z78RI661A,100,231.34,5,0.49,45.03,973.55,249.8
13-Feb-21,Z78RY069B,100,243.63,7,0.42,77.43,2007.04,392.5
13-Feb-21,Z78NJ720A,100,51.75,27,0.34,616.43,13004.8,187.5
13-Feb-21,Z78RI794B,100,217.69,7,0.26,201.21,3256.32,229.4
13-Feb-21,Z78MD977C,100,199956.48,15,0.14,63.71,5898.24,1.2
13-Feb-21,Z78NJ746B,100,210.64,4,0.06,64.16,928.8,197.7
13-Feb-21,Z78NJ626C,100,30.34,2,0.35,26.48,843.14,159.3
14-Feb-21,Z78NJ853B,100,122.21,7,0.3,99.35,1710.08,68.8
14-Feb-21,Z78JD823B,100,187.28,19,0.13,726.21,35655.68,1.2
14-Feb-21,Z78RI674A,100,342.74,19,0.13,320.17,5427.2,284.7
14-Feb-21,Z78NJ853C,100,194.68,12,1.16,141.24,1894.4,168.1
14-Feb-21,Z78RI674B,100,284.82,16,0.29,193.53,4679.68,365.9
14-Feb-21,Z78JD823A,100,165.23,20,0.13,461.48,12165.12,262.3
14-Feb-21,Z78RI674C,100,232.55,6,0.53,50.79,854.94,188.8
14-Feb-21,Z78NJ720C,100,25.49,84,1.08,1.518,21872.64,83
14-Feb-21,Z78NJ720B,100,93.07,6,0.18,75.33,1597.44,99.6
14-Feb-21,Z78RY069A,99.92,21.37,2,2.2,9.53,227.03,207.9
14-Feb-21,Z78RI794A,100,242.3,8,0.17,129.09,1720.32,104
14-Feb-21,Z78NJ350C,100,166.13,16,0.88,334.12,2775.04,189.7
14-Feb-21,Z78NJ853A,100,115.12,6,1.52,38.84,641.58,205.7
14-Feb-21,Z78RI661A,100,161.73,5,0.18,53.14,1628.16,249.1
14-Feb-21,Z78RY069B,100,247.85,7,0.43,96.15,2222.08,354.7
14-Feb-21,Z78NJ720A,100,50.81,26,0.47,624.42,14766.08,208
14-Feb-21,Z78RI794B,100,92.43,10,0.12,265.19,6635.52,197.7
14-Feb-21,Z78MD977C,100,242206.72,17,0.16,63.1,4771.84,902.8
14-Feb-21,Z78NJ746B,100,239.27,4,0.07,104.72,2017.28,259.9
14-Feb-21,Z78NJ626C,100,39.71,2,4.57,19.5,371.16,100.3
15-Feb-21,Z78NJ853B,100,273.91,7,0.18,116.85,2631.68,123.1
15-Feb-21,Z78JD823B,100,128.93,19,0.4,458.65,11939.84,326
15-Feb-21,Z78RI674A,100,352.31,19,0.19,278.8,6389.76,471.8
15-Feb-21,Z78NJ853C,100,136.65,11,0.88,99.61,1853.44,107.1
15-Feb-21,Z78RI674B,100,200.95,17,0.33,218.31,8151.04,462.1
15-Feb-21,Z78JD823A,100,92.49,19,0.19,391.64,13875.2,446.1
15-Feb-21,Z78RI674C,100,192.7,6,1.89,45.32,891.2,234.9
15-Feb-21,Z78NJ720C,100,27,83,0.77,1.612,23572.48,87.9
15-Feb-21,Z78NJ720B,100,161.54,5,0.83,123.81,1935.36,267.8
15-Feb-21,Z78RY069A,100,202.87,2,0.55,24.3,352.4,265.1
15-Feb-21,Z78RI794A,100,394.79,10,0.06,312.13,4177.92,460.8
15-Feb-21,Z78NJ350C,100,171.68,18,0.55,292.1,7004.16,688.2
15-Feb-21,Z78NJ853A,100,84.73,6,2.65,43.92,542.69,89.2
15-Feb-21,Z78RI661A,100,241.37,9,0.46,67.28,2785.28,381.1
15-Feb-21,Z78RY069B,100,201.07,6,1.57,65.44,1249.28,138.9
15-Feb-21,Z78NJ720A,100,33.18,28,0.62,516.46,11479.04,134.5
15-Feb-21,Z78RI794B,100,164.06,11,0.12,236.34,6696.96,558.3
15-Feb-21,Z78MD977C,100,246343.68,18,0.07,54.07,6881.28,1.14
15-Feb-21,Z78NJ746B,100,147.88,3,0.06,80.39,2580.48,656.3
15-Feb-21,Z78NJ626C,100,33.68,1,0.57,14.3,465.36,98.8
16-Feb-21,Z78NJ853B,100,114.46,7,0.09,110.11,2990.08,66.6
16-Feb-21,Z78JD823B,100,92.59,19,0.24,508.5,12380.16,325.8
16-Feb-21,Z78RI674A,100,335.27,18,0.24,287.17,8673.28,565.9
16-Feb-21,Z78NJ853C,100,230.6,11,1.91,112.13,2611.2,218.9
16-Feb-21,Z78RI674B,100,247.53,17,0.51,192.62,3993.6,116.9
16-Feb-21,Z78JD823A,100,65.15,21,0.12,513.71,38952.96,2.24
16-Feb-21,Z78RI674C,100,154.69,6,1.17,57.3,1187.84,248.9
16-Feb-21,Z78NJ720C,100,30.43,82,1.02,1.487,25456.64,111.7
16-Feb-21,Z78NJ720B,100,104.36,6,0.79,104.31,2232.32,173.9
16-Feb-21,Z78RY069A,100,392,3,0.47,28.48,982.44,642.4
16-Feb-21,Z78RI794A,100,224.29,9,0.23,179.4,2324.48,96.8
16-Feb-21,Z78NJ350C,100,132.97,18,0.82,304.77,4751.36,344.6
16-Feb-21,Z78NJ853A,100,210.62,5,1.5,50.47,642.3,115.7
16-Feb-21,Z78RI661A,100,172.16,9,0.25,70.37,6225.92,1.95
16-Feb-21,Z78RY069B,100,231.45,7,0.96,79.89,1904.64,282.8
16-Feb-21,Z78NJ720A,100,37.94,28,0.43,534.94,12206.08,190.4
16-Feb-21,Z78RI794B,100,188.02,11,0.2,291.22,5099.52,264.5
16-Feb-21,Z78MD977C,100,206735.36,18,0.12,53.52,7464.96,1.18
16-Feb-21,Z78NJ746B,100,215.88,3,0.31,33.95,860.09,59.9
16-Feb-21,Z78NJ626C,100,23.75,1,1.99,16.3,541.48,98.3
17-Feb-21,Z78NJ853B,100,174.68,7,0.23,102.06,2232.32,131.1
17-Feb-21,Z78JD823B,100,120.51,20,0.47,507.32,11745.28,341.7
17-Feb-21,Z78RI674A,100,267.51,18,0.17,299.37,7239.68,326.9
17-Feb-21,Z78NJ853C,100,248.14,13,0.73,118.77,2498.56,185.8
17-Feb-21,Z78RI674B,100,255.19,19,0.43,214.46,5857.28,564.8
17-Feb-21,Z78JD823A,100,140.72,20,0.18,485.76,14366.72,180.8
17-Feb-21,Z78RI674C,100,97.58,6,1.12,39.01,1239.04,202
17-Feb-21,Z78NJ720C,100,27.49,81,1.3,1.554,23480.32,88.6
17-Feb-21,Z78NJ720B,100,109.71,7,0.18,142.44,3604.48,313
17-Feb-21,Z78RY069A,100,353.24,3,0.34,44.25,522.71,158.9
17-Feb-21,Z78RI794A,100,329.02,10,0.25,179.11,2734.08,325.7
17-Feb-21,Z78NJ350C,100,222.94,17,1.05,263.39,3010.56,170.2
17-Feb-21,Z78NJ853A,100,242.97,5,1.16,48.75,910.2,96.9
17-Feb-21,Z78RI661A,100,175.61,8,0.77,47.2,1751.04,383.6
17-Feb-21,Z78RY069B,100,273.8,7,0.92,95.56,5109.76,607.6
17-Feb-21,Z78NJ720A,100,73.22,26,1.94,643.62,13117.44,195.6
17-Feb-21,Z78RI794B,100,184.52,10,0.14,241.17,10526.72,379.3
17-Feb-21,Z78MD977C,100,185088,16,0.12,49.97,8908.8,1.39
17-Feb-21,Z78NJ746B,100,150.57,3,0.66,31.56,833.22,108.2
17-Feb-21,Z78NJ626C,100,24.16,2,0.82,30.11,749.76,301.5
18-Feb-21,Z78NJ853B,100,165.95,7,0.39,115.05,2119.68,95.9
18-Feb-21,Z78JD823B,100,175.5,21,0.5,485.81,13342.72,345.4
18-Feb-21,Z78RI674A,100,338.92,18,0.1,335.23,5785.6,281.9
18-Feb-21,Z78NJ853C,100,279.22,12,0.41,222.25,2631.68,131
18-Feb-21,Z78RI674B,100,164.11,19,1,223.11,7014.4,550.5
18-Feb-21,Z78JD823A,100,62.39,19,0.15,401.89,10670.08,80.1
18-Feb-21,Z78RI674C,100,199.63,6,1.57,40.14,761.36,246.4
18-Feb-21,Z78NJ720C,100,29.86,71,2.08,1.52,30525.44,138
18-Feb-21,Z78NJ720B,100,92.8,6,0.38,149.75,3102.72,124.6
18-Feb-21,Z78RY069A,100,381.13,3,0.17,50.65,1136.64,473.2
18-Feb-21,Z78RI794A,100,325.96,9,0.3,158.8,1832.96,114.5
18-Feb-21,Z78NJ350C,100,133.91,16,1.03,265.99,3317.76,255.6
18-Feb-21,Z78NJ853A,100,173.93,5,1.51,45.5,1320.96,146
18-Feb-21,Z78RI661A,100,219.01,9,0.22,68.7,2693.12,472
18-Feb-21,Z78RY069B,100,171.55,6,2.31,55.3,870.89,84.6
18-Feb-21,Z78NJ720A,100,53.71,24,3.16,645.08,14008.32,308.3
18-Feb-21,Z78RI794B,100,225.56,10,0.16,240.73,13977.6,516.1
18-Feb-21,Z78MD977C,100,196884.48,13,0.11,53.29,8724.48,1.42
18-Feb-21,Z78NJ746B,100,128.89,3,0.18,40.19,1280,106.2
18-Feb-21,Z78NJ626C,100,37.26,2,1.42,40.18,977.69,260.8
19-Feb-21,Z78NJ853B,100,173.72,8,0.41,71.64,1587.2,84.3
19-Feb-21,Z78JD823B,100,124.59,18,0.21,364.57,26132.48,1.49
19-Feb-21,Z78RI674A,100,332,20,0.29,283.23,5908.48,385.3
19-Feb-21,Z78NJ853C,100,213.53,12,0.88,91.41,1935.36,189.6
19-Feb-21,Z78RI674B,100,196.63,21,0.73,302.61,5058.56,148.1
19-Feb-21,Z78JD823A,100,130.56,17,0.13,373.07,8396.8,144.2
19-Feb-21,Z78RI674C,100,151.29,5,1.22,31.42,787.3,351.1
19-Feb-21,Z78NJ720C,100,29.61,71,0.67,1.61,28692.48,132.9
19-Feb-21,Z78NJ720B,100,74.96,6,0.5,181.73,3307.52,452.6
19-Feb-21,Z78RY069A,100,347.59,3,0.24,34.85,568.02,140.2
19-Feb-21,Z78RI794A,100,202.01,10,0.41,141.89,2703.36,88
19-Feb-21,Z78NJ350C,100,191.77,16,0.93,223.18,2099.2,170.8
19-Feb-21,Z78NJ853A,100,207.83,5,0.72,70.49,713.06,99.6
19-Feb-21,Z78RI661A,100,214.15,7,0.2,84.5,2754.56,489.8
19-Feb-21,Z78RY069B,100,169.91,6,1.17,63,1259.52,54.4
19-Feb-21,Z78NJ720A,100,58,22,0.22,503.67,10874.88,442.4
19-Feb-21,Z78RI794B,100,153.78,9,0.3,178.77,3379.2,343.6
19-Feb-21,Z78MD977C,100,212992,14,0.1,59.47,9031.68,1.55
19-Feb-21,Z78NJ746B,100,182.31,3,0.43,15.58,312.54,79.1
19-Feb-21,Z78NJ626C,100,187.22,3,0.04,170.17,2119.68,126.2
20-Feb-21,Z78NJ853B,100,144.66,8,0.18,71.78,1966.08,64.2
20-Feb-21,Z78JD823B,100,214.95,18,0.17,406.24,9676.8,331.6
20-Feb-21,Z78RI674A,100,274.14,19,0.35,305.82,6328.32,392.5
20-Feb-21,Z78NJ853C,100,147.71,13,0.58,114.19,2734.08,279
20-Feb-21,Z78RI674B,100,232.3,19,0.27,391.06,7045.12,362.3
20-Feb-21,Z78JD823A,100,170.54,18,0.19,433.6,17500.16,794.6
20-Feb-21,Z78RI674C,100,160.83,5,2.75,41.77,1669.12,305.1
20-Feb-21,Z78NJ720C,100,28.82,73,1.48,1.747,29829.12,139.8
20-Feb-21,Z78NJ720B,100,69.06,6,0.51,103.81,1505.28,103.4
20-Feb-21,Z78RY069A,100,337.99,3,0.75,34.05,263.93,92.6
20-Feb-21,Z78RI794A,100,219.87,10,0.25,147.06,1955.84,113.9
20-Feb-21,Z78NJ350C,100,195.81,18,1.33,273.33,6103.04,506.4
20-Feb-21,Z78NJ853A,100,102.12,5,0.52,66.28,1126.4,175
20-Feb-21,Z78RI661A,100,214.79,7,0.45,181.23,2703.36,458.9
20-Feb-21,Z78RY069B,100,196.14,6,1.52,65.47,938.62,83.1
20-Feb-21,Z78NJ720A,100,49.82,23,2.29,522.12,11356.16,378.7
20-Feb-21,Z78RI794B,100,199.12,10,0.81,231.61,3901.44,132.7
20-Feb-21,Z78MD977C,100,171806.72,13,0.22,58.46,2488.32,747
20-Feb-21,Z78NJ746B,100,157.28,3,0.09,27.01,645.35,68.4
20-Feb-21,Z78NJ626C,100,218.12,2,0.04,59.67,1167.36,203.7
21-Feb-21,Z78NJ853B,100,106.71,7,1.06,109.3,2088.96,105
21-Feb-21,Z78JD823B,100,92.78,19,0.37,425.87,10475.52,308.7
21-Feb-21,Z78RI674A,100,325.24,18,0.18,249.43,5867.52,276.5
21-Feb-21,Z78NJ853C,100,174.71,13,0.56,135.92,2641.92,140.5
21-Feb-21,Z78RI674B,100,202.08,18,0.61,205.13,5345.28,317.7
21-Feb-21,Z78JD823A,100,118.13,21,0.32,479.13,16291.84,437.7
21-Feb-21,Z78RI674C,100,191.4,5,0.79,66.33,1966.08,184.7
21-Feb-21,Z78NJ720C,100,20.89,81,2.67,1.625,27637.76,105.6
21-Feb-21,Z78NJ720B,100,107.52,6,0.62,97.62,2293.76,207.8
21-Feb-21,Z78RY069A,100,387.07,2,0.38,24.99,345.88,150.9
21-Feb-21,Z78RI794A,100,267.69,11,0.18,164.53,2088.96,142.5
21-Feb-21,Z78NJ350C,100,192.51,17,0.79,239.91,4331.52,269
21-Feb-21,Z78NJ853A,100,122.93,5,0.94,57.31,845.84,130.9
21-Feb-21,Z78RI661A,100,154.84,6,0.59,55,2017.28,338
21-Feb-21,Z78RY069B,100,176.53,6,1.84,54.22,1433.6,146.1
21-Feb-21,Z78NJ720A,100,75.83,22,0.29,484.83,12820.48,245.2
21-Feb-21,Z78RI794B,100,212.32,10,0.19,375.71,4034.56,133.9
21-Feb-21,Z78MD977C,100,167157.76,17,0.13,49.11,9390.08,1.42
21-Feb-21,Z78NJ746B,100,153.84,4,0.33,44.8,914.32,68.5
21-Feb-21,Z78NJ626C,100,61.63,3,0.64,41.38,1771.52,639.1
22-Feb-21,Z78NJ853B,100,136.64,7,0.29,88.71,2007.04,109.1
22-Feb-21,Z78JD823B,100,126.08,17,0.17,391.78,8099.84,192.4
22-Feb-21,Z78RI674A,100,259.79,20,0.29,289.45,5079.04,265.6
22-Feb-21,Z78NJ853C,100,152.62,13,0.66,96.42,2048,102.3
22-Feb-21,Z78RI674B,100,220.96,21,0.54,230.24,5754.88,141
22-Feb-21,Z78JD823A,100,180.68,22,0.21,545.7,10895.36,128.4
22-Feb-21,Z78RI674C,100,159.1,5,1.77,43.73,877.69,277.1
22-Feb-21,Z78NJ720C,100,21.35,79,0.74,1.573,27115.52,95.7
22-Feb-21,Z78NJ720B,100,75.55,6,0.17,103.49,3891.2,413.1
22-Feb-21,Z78RY069A,100,257.35,3,0.3,34.08,617.42,355.1
22-Feb-21,Z78RI794A,100,306.47,10,0.12,159.48,2129.92,227.3
22-Feb-21,Z78NJ350C,100,186.66,17,1.24,293.35,3737.6,174.7
22-Feb-21,Z78NJ853A,100,134.65,5,1.31,34.23,593.16,107.4
22-Feb-21,Z78RI661A,100,141.26,7,0.49,59.86,1802.24,345.3
22-Feb-21,Z78RY069B,100,203.71,6,1.51,52.98,2539.52,92.2
22-Feb-21,Z78NJ720A,100,45.94,21,1,611.03,11581.44,176.3
22-Feb-21,Z78RI794B,100,203.91,12,0.34,300.14,3911.68,92.5
22-Feb-21,Z78MD977C,100,167168,17,0.1,51.34,3409.92,713
22-Feb-21,Z78NJ746B,100,188.31,4,0.4,47.42,737.39,102.6
22-Feb-21,Z78NJ626C,100,42.07,4,0.69,46.6,898.18,74
23-Feb-21,Z78NJ853B,100,112.04,7,0.21,91.44,2949.12,89.2
23-Feb-21,Z78JD823B,100,76.4,19,1.3,483.07,10014.72,275.3
23-Feb-21,Z78RI674A,100,288.18,22,1.39,386.01,8304.64,249.5
23-Feb-21,Z78NJ853C,100,230.24,13,0.6,132.01,2467.84,176.7
23-Feb-21,Z78RI674B,100,187.8,19,0.42,224.78,5283.84,187.8
23-Feb-21,Z78JD823A,100,119.96,20,0.23,448.97,12748.8,259.3
23-Feb-21,Z78RI674C,100,126.23,5,1.51,33.56,714.19,158.3
23-Feb-21,Z78NJ720C,100,27.65,78,0.9,1.736,27658.24,93.7
23-Feb-21,Z78NJ720B,100,171.97,7,0.24,115,2887.68,530.3
23-Feb-21,Z78RY069A,100,266.83,4,0.18,65.74,1361.92,309.2
23-Feb-21,Z78RI794A,100,203.13,9,0.11,160.36,2242.56,81.6
23-Feb-21,Z78NJ350C,100,205.91,18,1.55,321.06,8478.72,517.8
23-Feb-21,Z78NJ853A,100,81.05,4,0.65,34.19,1423.36,870.1
23-Feb-21,Z78RI661A,100,127.71,9,0.22,109.41,2508.8,242.4
23-Feb-21,Z78RY069B,100,219.66,6,1.03,72.39,2416.64,254.5
23-Feb-21,Z78NJ720A,100,71.39,22,0.57,539.86,14131.2,426.8
23-Feb-21,Z78RI794B,100,204.58,10,0.24,297.31,4044.8,85.4
23-Feb-21,Z78MD977C,99.24,189583.36,15,0.12,51.04,6205.44,1.07
23-Feb-21,Z78NJ746B,100,204.18,4,0.14,61.94,1597.44,576.6
23-Feb-21,Z78NJ626C,100,85.05,3,0.48,46.73,970.65,281.5
24-Feb-21,Z78NJ853B,100,122.07,7,0.33,102.72,2170.88,95.7
24-Feb-21,Z78JD823B,100,147.25,19,0.27,415.42,9031.68,213.7
24-Feb-21,Z78RI674A,100,356.81,20,0.07,416.24,7536.64,265.5
24-Feb-21,Z78NJ853C,100,153.84,14,0.33,136.82,4444.16,393.6
24-Feb-21,Z78RI674B,100,259.41,16,0.42,200.74,4198.4,164.6
24-Feb-21,Z78JD823A,100,66.9,21,0.23,428.27,13731.84,433
24-Feb-21,Z78RI674C,100,161.23,5,1.49,33.65,673.93,155.1
24-Feb-21,Z78NJ720C,100,26.66,78,1.5,1.769,25825.28,85.5
24-Feb-21,Z78NJ720B,100,183.95,6,1.42,109.59,3276.8,985
24-Feb-21,Z78RY069A,100,101.6,3,0.28,54.27,875.7,55.6
24-Feb-21,Z78RI794A,100,145.45,9,0.63,135.28,2498.56,86.1
24-Feb-21,Z78NJ350C,100,185.51,17,0.99,282.19,4587.52,226.6
24-Feb-21,Z78NJ853A,100,63.36,4,1.53,34.6,630.18,130.1
24-Feb-21,Z78RI661A,100,226,10,0.46,133.03,2293.76,246.8
24-Feb-21,Z78RY069B,100,199.11,6,0.72,54.03,2129.92,303.3
24-Feb-21,Z78NJ720A,100,48.27,22,0.3,555.97,13506.56,423
24-Feb-21,Z78RI794B,100,175.9,10,0.16,326.98,13393.92,704.1
24-Feb-21,Z78MD977C,100,224808.96,17,0.09,58.83,15022.08,2.24
24-Feb-21,Z78NJ746B,100,160.25,4,0.24,77.57,969.63,194.8
24-Feb-21,Z78NJ626C,100,76.24,3,0.53,42.14,824.89,228.3
25-Feb-21,Z78NJ853B,100,194.56,7,0.22,124.94,3092.48,147.4
25-Feb-21,Z78JD823B,100,104.92,19,0.16,470.63,14612.48,569.8
25-Feb-21,Z78RI674A,100,303.93,21,0.21,329.2,7137.28,264.4
25-Feb-21,Z78NJ853C,100,136.85,15,0.51,151.23,3594.24,311.6
25-Feb-21,Z78RI674B,100,244.8,18,0.28,250.61,4904.96,279.6
25-Feb-21,Z78JD823A,100,194.03,21,0.19,569.22,12994.56,382.4
25-Feb-21,Z78RI674C,100,179.78,6,0.81,53.46,1955.84,202.3
25-Feb-21,Z78NJ720C,100,23.1,76,1.2,1.652,30709.76,110.3
25-Feb-21,Z78NJ720B,100,126.49,7,0.17,253.79,2232.32,165.8
25-Feb-21,Z78RY069A,100,302.37,3,0.48,33.28,284.57,45.9
25-Feb-21,Z78RI794A,100,284.17,9,0.32,152.49,2324.48,107.8
25-Feb-21,Z78NJ350C,100,181.63,16,0.9,322.03,4802.56,253
25-Feb-21,Z78NJ853A,100,147.19,4,1.37,32.88,608.07,230.6
25-Feb-21,Z78RI661A,100,179.09,12,0.73,109.33,4218.88,634.1
25-Feb-21,Z78RY069B,100,149.9,6,1.58,57.17,892.14,74.6
25-Feb-21,Z78NJ720A,100,47.4,24,1,669.27,12636.16,176.9
25-Feb-21,Z78RI794B,100,168.33,11,0.18,313.71,7700.48,367.9
25-Feb-21,Z78MD977C,99.85,224901.12,16,0.08,57.58,5324.8,1
25-Feb-21,Z78NJ746B,100,149.13,4,0.27,38.54,988.74,102.1
25-Feb-21,Z78NJ626C,100,89.04,1,0.15,40.85,684.64,81.3
26-Feb-21,Z78NJ853B,100,173.25,6,0.16,83.48,1259.52,76.7
26-Feb-21,Z78JD823B,100,117.2,18,0.22,472.98,19681.28,1.21
26-Feb-21,Z78RI674A,100,304.28,24,0.19,379.18,10383.36,364.3
26-Feb-21,Z78NJ853C,100,141.86,14,0.47,129.34,2007.04,107.1
26-Feb-21,Z78RI674B,100,226.54,20,0.3,314.41,6574.08,544.3
26-Feb-21,Z78JD823A,100,196.11,18,0.23,385.9,7198.72,149
26-Feb-21,Z78RI674C,100,180.26,7,2.41,63.36,1802.24,330.3
26-Feb-21,Z78NJ720C,100,21.71,77,1.56,1.618,26757.12,121.6
26-Feb-21,Z78NJ720B,100,85.58,8,0.54,127.69,3256.32,250.5
26-Feb-21,Z78RY069A,100,227.35,4,0.9,41.24,609.09,63.7
26-Feb-21,Z78RI794A,100,312.38,10,0.22,205.53,3379.2,329.2
26-Feb-21,Z78NJ350C,100,238.95,17,0.46,243.73,3379.2,174.2
26-Feb-21,Z78NJ853A,100,168.18,5,0.32,57.66,907.93,82.9
26-Feb-21,Z78RI661A,100,156.43,9,0.3,110.34,3522.56,168.4
26-Feb-21,Z78RY069B,100,166.14,6,0.85,65.48,828.51,108.3
26-Feb-21,Z78NJ720A,100,53.51,21,0.49,642.54,17807.36,642.4
26-Feb-21,Z78RI794B,100,236.63,9,0.16,264.69,7249.92,142
26-Feb-21,Z78MD977C,100,156590.08,16,0.1,60.21,7690.24,1.79
26-Feb-21,Z78NJ746B,100,158.93,4,0.03,84.04,1966.08,530.6
26-Feb-21,Z78NJ626C,100,204.58,2,0.03,59.12,1054.72,190
27-Feb-21,Z78NJ853B,100,124.41,7,0.15,123.55,2519.04,62.8
27-Feb-21,Z78JD823B,100,136.95,20,0.44,503.66,9564.16,418.8
27-Feb-21,Z78RI674A,100,265.02,24,0.19,372.73,9052.16,242.3
27-Feb-21,Z78NJ853C,100,180.95,13,1.01,113.55,2785.28,218
27-Feb-21,Z78RI674B,100,235.7,20,0.41,229.08,5099.52,288.2
27-Feb-21,Z78JD823A,100,218.99,19,0.12,432.66,9451.52,182.3
27-Feb-21,Z78RI674C,100,144.86,5,2.31,39.32,2447.36,946
27-Feb-21,Z78NJ720C,100,22.49,79,0.61,1.666,28303.36,119.1
27-Feb-21,Z78NJ720B,100,87.99,7,0.42,80.16,1597.44,136.6
27-Feb-21,Z78RY069A,100,252.01,3,0.47,33.69,513.92,180.2
27-Feb-21,Z78RI794A,100,317.82,9,0.17,205.15,3358.72,305.8
27-Feb-21,Z78NJ350C,100,240.55,17,0.8,365.48,4423.68,251.2
27-Feb-21,Z78NJ853A,100,199.69,6,0.45,52.35,2570.24,420.8
27-Feb-21,Z78RI661A,100,165.58,11,0.37,120.85,3809.28,272.8
27-Feb-21,Z78RY069B,100,238.5,6,0.97,63.78,849.97,131.4
27-Feb-21,Z78NJ720A,100,83.23,25,0.8,951.5,20602.88,402
27-Feb-21,Z78RI794B,100,119.03,11,0.21,279.13,8079.36,217.5
27-Feb-21,Z78MD977C,100,173455.36,12,0.27,61.74,7485.44,1.8
27-Feb-21,Z78NJ746B,100,128.3,3,0.53,22.95,631.2,81.3
27-Feb-21,Z78NJ626C,100,96.41,1,0.23,53.34,1020.56,72.7
28-Feb-21,Z78NJ853B,100,212.91,6,0.22,120.64,3010.56,133
28-Feb-21,Z78JD823B,100,136.25,20,0.16,512.38,14551.04,326.6
28-Feb-21,Z78RI674A,100,275.02,21,0.19,286.8,5109.76,151.3
28-Feb-21,Z78NJ853C,100,231.17,10,1.13,153.09,3409.92,212.8
28-Feb-21,Z78RI674B,100,228.28,20,0.38,219.79,5724.16,231.5
28-Feb-21,Z78JD823A,100,72.36,18,0.09,494.83,12267.52,213.2
28-Feb-21,Z78RI674C,100,118.11,5,2.84,28.55,805.71,253.3
28-Feb-21,Z78NJ720C,100,32.54,76,1.05,1.979,30760.96,101.5
28-Feb-21,Z78NJ720B,100,102.03,7,0.36,139.06,2539.52,195.6
28-Feb-21,Z78RY069A,100,254.11,4,0.5,50.5,593.47,182.9
28-Feb-21,Z78RI794A,100,244.04,10,0.15,186.74,2334.72,68.2
28-Feb-21,Z78NJ350C,100,260.94,13,1.92,295.18,4341.76,251.3
28-Feb-21,Z78NJ853A,100,204.57,5,0.58,51.52,1310.72,199.1
28-Feb-21,Z78RI661A,100,211.72,14,0.47,125.15,7936,1.27
28-Feb-21,Z78RY069B,100,113.76,5,1.2,49.42,3850.24,691.7
28-Feb-21,Z78NJ720A,100,57.78,25,0.42,542.35,14848,386.7
28-Feb-21,Z78RI794B,100,150.78,11,0.1,343.6,13230.08,255.9
28-Feb-21,Z78MD977C,100,181360.64,14,0.06,49.07,5283.84,1
28-Feb-21,Z78NJ746B,100,129.99,3,1.28,24.65,580.01,108.2
28-Feb-21,Z78NJ626C,100,29.35,2,0.37,21.73,656.77,88.8
01-Mar-21,Z78NJ853B,100,186.67,6,0.11,112.59,6184.96,746.5
01-Mar-21,Z78JD823B,99.91,149.22,20,0.21,630.07,18432,575.7
01-Mar-21,Z78RI674A,100,345.78,18,0.13,256.28,8212.48,542.9
01-Mar-21,Z78NJ853C,100,147.28,10,0.44,154.49,3307.52,176.7
01-Mar-21,Z78RI674B,100,302.67,20,0.32,231.63,4239.36,177.1
01-Mar-21,Z78JD823A,99.91,164,18,0.3,586.31,13096.96,293.2
01-Mar-21,Z78RI674C,100,155.73,6,3.28,39.63,713.06,168.3
01-Mar-21,Z78NJ720C,100,32.05,79,1.54,1.757,27258.88,99.6
01-Mar-21,Z78NJ720B,100,113.17,7,0.32,264.9,3983.36,160.2
01-Mar-21,Z78RY069A,100,106.98,5,0.36,115.93,1105.92,182.5
01-Mar-21,Z78RI794A,100,255.33,9,0.23,155.6,2560,88.9
01-Mar-21,Z78NJ350C,100,197.72,14,1.25,264.57,3072,118.1
01-Mar-21,Z78NJ853A,100,152.12,4,0.77,38.52,1126.4,281.3
01-Mar-21,Z78RI661A,100,187.2,13,0.66,122.87,8181.76,1.28
01-Mar-21,Z78RY069B,100,261.13,5,0.69,61.06,2447.36,424.2
01-Mar-21,Z78NJ720A,100,65.1,23,0.53,560.51,12185.6,243
01-Mar-21,Z78RI794B,100,184.3,10,0.17,271.31,5662.72,111.6
01-Mar-21,Z78MD977C,100,152637.44,15,0.07,47.79,9216,1.51
01-Mar-21,Z78NJ746B,100,176.87,3,0.67,47.49,692.04,138
01-Mar-21,Z78NJ626C,100,26.79,2,0.6,21.56,641.26,321.2
02-Mar-21,Z78NJ853B,99.92,119.39,6,0.48,141.92,4270.08,208.6
02-Mar-21,Z78JD823B,100,94.29,19,0.87,569.76,14192.64,326.9
02-Mar-21,Z78RI674A,100,297.97,20,0.1,396.62,9472,621
02-Mar-21,Z78NJ853C,99.92,210.48,10,0.19,234.63,5109.76,203.4
02-Mar-21,Z78RI674B,100,239.09,21,0.55,232.23,3901.44,120.1
02-Mar-21,Z78JD823A,100,133.42,19,0.34,537.73,12124.16,255.8
02-Mar-21,Z78RI674C,100,149.85,6,1.49,55.22,1495.04,194
02-Mar-21,Z78NJ720C,100,22.84,79,0.72,1.769,28497.92,121.3
02-Mar-21,Z78NJ720B,100,77.81,6,0.43,84.4,1341.44,134.9
02-Mar-21,Z78RY069A,100,176.63,4,0.52,60.9,677.53,61.6
02-Mar-21,Z78RI794A,100,246.64,9,0.65,170.67,2764.8,258
02-Mar-21,Z78NJ350C,99.87,193.2,14,1.03,333.19,5662.72,160
02-Mar-21,Z78NJ853A,99.92,89.87,4,1.27,36.22,1218.56,294.9
02-Mar-21,Z78RI661A,99.86,235.53,19,0.36,162.14,6574.08,539.8
02-Mar-21,Z78RY069B,100,261.56,4,0.31,47.83,5775.36,2.78
02-Mar-21,Z78NJ720A,100,67.75,25,0.26,967.07,15554.56,220.2
02-Mar-21,Z78RI794B,100,230.64,9,0.23,332.87,6215.68,300.9
02-Mar-21,Z78MD977C,100,147107.84,14,0.06,53.15,9953.28,1.85
02-Mar-21,Z78NJ746B,100,137.17,4,0.27,53.36,711.65,136.5
02-Mar-21,Z78NJ626C,100,20.84,2,0.58,26.99,644.81,56.3
03-Mar-21,Z78NJ853B,100,152.52,5,0.23,134.62,5283.84,507.4
03-Mar-21,Z78JD823B,100,178.2,20,0.49,658.22,19947.52,830.8
03-Mar-21,Z78RI674A,100,308.91,18,0.15,297.44,7075.84,282.9
03-Mar-21,Z78NJ853C,100,155.4,10,0.53,141.65,3768.32,207.6
03-Mar-21,Z78RI674B,100,240.08,16,0.52,239.18,5386.24,235.9
03-Mar-21,Z78JD823A,100,164.18,17,0.18,467.01,10199.04,175.7
03-Mar-21,Z78RI674C,100,139.72,5,2.24,35.97,1392.64,487.1
03-Mar-21,Z78NJ720C,100,23.87,78,1.36,1.694,24391.68,83.3
03-Mar-21,Z78NJ720B,100,120.92,7,0.43,81.8,1996.8,316.7
03-Mar-21,Z78RY069A,100,295.62,4,0.35,49.68,772.13,236.9
03-Mar-21,Z78RI794A,100,339.11,9,0.11,157.03,2437.12,111.6
03-Mar-21,Z78NJ350C,100,212.19,13,0.66,264.43,4485.12,250.7
03-Mar-21,Z78NJ853A,100,181.69,4,1.66,42.14,1085.44,433.2
03-Mar-21,Z78RI661A,100,222.85,21,0.48,150.12,11919.36,1.51
03-Mar-21,Z78RY069B,100,247.39,5,0.41,62.81,2652.16,786.1
03-Mar-21,Z78NJ720A,100,58.62,26,0.19,805.98,16752.64,220.8
03-Mar-21,Z78RI794B,100,195.6,10,0.18,272.65,6236.16,301.3
03-Mar-21,Z78MD977C,100,310507.52,15,0.07,65.13,7792.64,1.37
03-Mar-21,Z78NJ746B,100,180.58,3,0.22,43.33,645.49,135.6
03-Mar-21,Z78NJ626C,100,188.97,2,0.17,78.54,1249.28,94.4
04-Mar-21,Z78NJ853B,100,147.03,6,0.49,98.67,2887.68,113
04-Mar-21,Z78JD823B,100,154.95,19,0.43,513.48,12810.24,423.5
04-Mar-21,Z78RI674A,100,319.64,19,0.24,350.71,14510.08,952.2
04-Mar-21,Z78NJ853C,100,131.72,10,0.46,132.24,3225.6,240.4
04-Mar-21,Z78RI674B,100,194.75,18,0.92,258.67,5785.6,262.3
04-Mar-21,Z78JD823A,100,187.62,19,0.27,570.15,18810.88,429.6
04-Mar-21,Z78RI674C,100,148.82,6,1.72,64.03,1710.08,213.7
04-Mar-21,Z78NJ720C,100,23.68,78,2.12,1.772,26030.08,95.4
04-Mar-21,Z78NJ720B,100,91.14,8,0.42,135.34,2826.24,160.9
04-Mar-21,Z78RY069A,100,182.42,4,0.46,60.09,854.29,254.8
04-Mar-21,Z78RI794A,100,298.16,8,0.2,146.37,2703.36,195.9
04-Mar-21,Z78NJ350C,100,134.88,15,0.42,317.48,7598.08,215.2
04-Mar-21,Z78NJ853A,100,196.52,4,1.35,38.15,1015.66,375.2
04-Mar-21,Z78RI661A,100,242.86,21,0.35,171.45,9431.04,1.22
04-Mar-21,Z78RY069B,100,281.59,4,0.36,58.27,2222.08,387.9
04-Mar-21,Z78NJ720A,100,44.1,27,1.35,651.27,13547.52,183.7
04-Mar-21,Z78RI794B,100,125.65,9,0.31,277.86,5038.08,95
04-Mar-21,Z78MD977C,99.86,157112.32,15,0.13,51.41,4925.44,1.02
04-Mar-21,Z78NJ746B,100,167.3,4,0.38,74.76,1771.52,189
04-Mar-21,Z78NJ626C,100,21.64,2,6.05,21.36,568.87,58.4
05-Mar-21,Z78NJ853B,100,212.33,6,0.2,114.84,1617.92,77.1
05-Mar-21,Z78JD823B,100,163.63,18,0.43,417.99,11315.2,388.7
05-Mar-21,Z78RI674A,100,296.4,23,0.27,353.25,8273.92,411.9
05-Mar-21,Z78NJ853C,100,150.88,9,0.64,107.32,2191.36,189
05-Mar-21,Z78RI674B,100,223.57,22,0.5,365.83,7475.2,230.7
05-Mar-21,Z78JD823A,100,197.25,16,0.19,354.75,15462.4,937.6
05-Mar-21,Z78RI674C,100,178.61,6,1.26,59.73,1536,242
05-Mar-21,Z78NJ720C,100,30.96,72,0.69,1.634,24903.68,165.5
05-Mar-21,Z78NJ720B,100,114.11,8,0.83,103.7,1331.2,87.5
05-Mar-21,Z78RY069A,100,215.81,5,0.39,53.24,664.42,192.8
05-Mar-21,Z78RI794A,100,304.86,9,0.3,124.78,2273.28,195.8
05-Mar-21,Z78NJ350C,100,133.41,13,0.72,288.89,7833.6,290
05-Mar-21,Z78NJ853A,100,98.38,4,1.21,44.82,1402.88,598
05-Mar-21,Z78RI661A,100,281.02,10,0.25,93.44,4720.64,632
05-Mar-21,Z78RY069B,100,235.5,5,0.79,41.87,2181.12,336.5
05-Mar-21,Z78NJ720A,100,75.53,24,0.61,824.45,12380.16,249.8
05-Mar-21,Z78RI794B,100,135.74,9,0.23,236.2,4526.08,130.2
05-Mar-21,Z78MD977C,98.19,115220.48,15,0.14,56.84,11100.16,2.62
05-Mar-21,Z78NJ746B,100,167,4,0.28,73.13,1331.2,65.2
05-Mar-21,Z78NJ626C,100,22.72,2,2.19,32.64,1249.28,302.8
06-Mar-21,Z78NJ853B,100,160.01,6,0.27,88.17,4106.24,1.05
06-Mar-21,Z78JD823B,100,154.13,18,0.31,488.77,12001.28,258.6
06-Mar-21,Z78RI674A,100,274.74,23,0.4,361.81,10536.96,457.1
06-Mar-21,Z78NJ853C,100,154.6,10,0.45,106.49,2723.84,234.7
06-Mar-21,Z78RI674B,100,235.06,20,0.32,325.48,6758.4,317.2
06-Mar-21,Z78JD823A,100,201.46,15,0.35,324.37,7331.84,218.6
06-Mar-21,Z78RI674C,100,162.49,6,1.24,51.26,1792,362.6
06-Mar-21,Z78NJ720C,100,26.59,72,0.69,1.54,21626.88,133.6
06-Mar-21,Z78NJ720B,100,147.15,8,0.35,161.46,2242.56,116.1
06-Mar-21,Z78RY069A,100,234.77,5,0.65,55.76,678.15,107
06-Mar-21,Z78RI794A,100,336.01,8,0.63,186.62,1976.32,243.2
06-Mar-21,Z78NJ350C,100,143.53,16,0.68,316.38,14663.68,668.2
06-Mar-21,Z78NJ853A,100,219.93,4,0.92,40.86,571.21,105.2
06-Mar-21,Z78RI661A,100,261.6,11,0.41,121.54,3440.64,260.5
06-Mar-21,Z78RY069B,100,236.97,6,0.57,66.23,3328,317
06-Mar-21,Z78NJ720A,100,75.19,24,0.7,518.73,10035.2,147.1
06-Mar-21,Z78RI794B,100,115.45,9,0.37,204.49,4792.32,143.4
06-Mar-21,Z78MD977C,97.28,112629.76,16,0.21,59.47,5416.96,1.58
06-Mar-21,Z78NJ746B,100,204.11,5,0.07,106.82,1720.32,98.1
06-Mar-21,Z78NJ626C,100,71.07,2,0.87,32.97,773.68,235.5
07-Mar-21,Z78NJ853B,100,162.01,6,0.25,107.04,2170.88,88.3
07-Mar-21,Z78JD823B,100,138.13,19,0.45,461.85,14807.04,397.1
07-Mar-21,Z78RI674A,100,200.28,19,0.24,306.32,6850.56,339.3
07-Mar-21,Z78NJ853C,100,195.19,9,0.67,123.93,2140.16,156.6
07-Mar-21,Z78RI674B,100,234.8,18,0.58,214.97,5355.52,242.8
07-Mar-21,Z78JD823A,100,174.44,16,0.35,419.21,9297.92,175.1
07-Mar-21,Z78RI674C,100,170.73,5,1.18,46.99,791.44,170.5
07-Mar-21,Z78NJ720C,100,18.12,75,0.82,1.639,26859.52,112.5
07-Mar-21,Z78NJ720B,100,107.95,7,0.64,103.72,1515.52,89.5
07-Mar-21,Z78RY069A,100,198.39,4,0.9,38.58,515.16,171.2
07-Mar-21,Z78RI794A,100,201.71,9,0.65,138.22,1863.68,134
07-Mar-21,Z78NJ350C,100,158.94,15,0.81,329.7,6195.2,194.7
07-Mar-21,Z78NJ853A,100,242.51,3,1.66,39.55,2129.92,865.7
07-Mar-21,Z78RI661A,100,184.35,12,0.4,117.08,4710.4,563.2
07-Mar-21,Z78RY069B,100,275.56,5,0.37,50.44,2816,493.5
07-Mar-21,Z78NJ720A,100,76.04,26,1.67,859.97,13414.4,184.7
07-Mar-21,Z78RI794B,100,153.81,9,0.18,294.5,6901.76,261.1
07-Mar-21,Z78MD977C,99.84,154716.16,15,0.24,52.06,13813.76,2.28
07-Mar-21,Z78NJ746B,100,146.71,5,0.67,84.25,1011.28,98.3
07-Mar-21,Z78NJ626C,100,68.06,2,1.96,27.48,522.89,144.6
08-Mar-21,Z78NJ853B,100,102.13,5,0.09,102.73,2826.24,135.3
08-Mar-21,Z78JD823B,100,137.42,20,0.31,598.58,13475.84,206.3
08-Mar-21,Z78RI674A,100,305.45,19,0.17,273.44,6778.88,299.3
08-Mar-21,Z78NJ853C,100,151.96,8,0.6,109.12,2344.96,155.2
08-Mar-21,Z78RI674B,100,283.08,16,0.3,232.91,5355.52,311.6
08-Mar-21,Z78JD823A,100,136.03,17,0.6,367.9,8939.52,136
08-Mar-21,Z78RI674C,100,149.35,6,1.85,45.42,830.23,138.8
08-Mar-21,Z78NJ720C,100,21.69,71,1.58,1.508,24279.04,99
08-Mar-21,Z78NJ720B,100,103.31,8,0.63,107.76,2529.28,139.8
08-Mar-21,Z78RY069A,100,246.73,4,0.33,55.39,720.2,162.8
08-Mar-21,Z78RI794A,100,293.71,8,0.13,180.26,3112.96,439.9
08-Mar-21,Z78NJ350C,100,146.1,14,0.48,315.75,10813.44,379.1
08-Mar-21,Z78NJ853A,100,186.78,3,1.13,33.98,599.83,126.7
08-Mar-21,Z78RI661A,100,235.19,21,0.49,155.55,6717.44,562.2
08-Mar-21,Z78RY069B,100,275.12,5,0.34,59.52,1955.84,532.5
08-Mar-21,Z78NJ720A,100,56.67,27,1.72,628.57,14653.44,162.2
08-Mar-21,Z78RI794B,100,125.4,10,0.2,296.73,8089.6,367.4
08-Mar-21,Z78MD977C,100,201963.52,16,0.17,59.18,7741.44,1.36
08-Mar-21,Z78NJ746B,100,288.07,4,0.87,90.55,3287.04,186.8
08-Mar-21,Z78NJ626C,100,32.6,2,26.38,17.16,159.71,74.3
09-Mar-21,Z78NJ853B,100,280.1,6,0.29,165.06,2887.68,176.7
09-Mar-21,Z78JD823B,100,143.07,21,0.74,595.65,14540.8,235.1
09-Mar-21,Z78RI674A,100,297.58,18,0.09,304.27,9195.52,1.05
09-Mar-21,Z78NJ853C,100,284.3,8,0.29,119.06,5591.04,1.27
09-Mar-21,Z78RI674B,100,218.19,17,0.42,262.16,6215.68,310.6
09-Mar-21,Z78JD823A,100,167.59,17,0.59,360.48,10373.12,270.9
09-Mar-21,Z78RI674C,100,208.94,5,2.15,46.68,1075.2,362.2
09-Mar-21,Z78NJ720C,100,15.89,76,1.56,1.423,23971.84,89.8
09-Mar-21,Z78NJ720B,100,90.51,8,1.04,107.84,1781.76,129.5
09-Mar-21,Z78RY069A,100,175.44,3,0.27,36.81,593.3,264.8
09-Mar-21,Z78RI794A,100,239.92,9,0.55,172.51,2437.12,141.2
09-Mar-21,Z78NJ350C,100,188.16,15,0.75,318.05,4853.76,135.1
09-Mar-21,Z78NJ853A,100,329.33,4,0.21,79.43,1116.16,213.5
09-Mar-21,Z78RI661A,100,199.25,18,0.56,139.67,5939.2,509.8
09-Mar-21,Z78RY069B,100,290.04,5,0.39,54.13,5672.96,2.96
09-Mar-21,Z78NJ720A,100,78.89,26,0.59,989.23,16097.28,231.7
09-Mar-21,Z78RI794B,100,151.82,10,0.27,239.42,4823.04,156.3
09-Mar-21,Z78MD977C,100,216258.56,17,0.16,58.67,3686.4,807.2
09-Mar-21,Z78NJ746B,100,227.33,3,0.31,53.94,2344.96,186.1
09-Mar-21,Z78NJ626C,100,46.94,1,2.7,15.97,228.05,163.3
10-Mar-21,Z78NJ853B,100,142.9,6,0.4,103.09,2498.56,171.5
10-Mar-21,Z78JD823B,100,119.75,19,0.3,493.02,10618.88,154.1
10-Mar-21,Z78RI674A,100,293.67,21,0.18,399.84,7639.04,248.6
10-Mar-21,Z78NJ853C,100,241.99,7,0.58,140.95,3471.36,283.7
10-Mar-21,Z78RI674B,100,205.29,18,0.67,285.87,8212.48,480.7
10-Mar-21,Z78JD823A,100,154.18,18,0.29,461.39,11325.44,162.2
10-Mar-21,Z78RI674C,100,193.03,7,0.98,60.67,1536,330.5
10-Mar-21,Z78NJ720C,100,13.13,81,2.22,1.445,25886.72,99.3
10-Mar-21,Z78NJ720B,100,101.44,7,0.72,102.81,2129.92,259
10-Mar-21,Z78RY069A,100,260.86,3,0.56,39.87,523.32,192.1
10-Mar-21,Z78RI794A,100,162.05,8,0.31,185.18,2160.64,98.1
10-Mar-21,Z78NJ350C,100,196.17,15,0.62,336.24,7065.6,197.4
10-Mar-21,Z78NJ853A,100,227.53,4,1.03,48.95,664.71,87.5
10-Mar-21,Z78RI661A,100,190.63,21,0.6,165.64,6154.24,344.4
10-Mar-21,Z78RY069B,100,184.56,6,0.88,60.32,1228.8,117.4
10-Mar-21,Z78NJ720A,100,43.7,27,0.77,612.02,17940.48,230.4
10-Mar-21,Z78RI794B,100,189.86,10,0.14,325.47,7434.24,156.8
10-Mar-21,Z78MD977C,100,188282.88,20,0.33,54.18,5365.76,1.02
10-Mar-21,Z78NJ746B,100,137.85,4,0.43,172.05,2355.2,393.5
10-Mar-21,Z78NJ626C,100,153.07,1,0.25,15.42,373.14,1.19
11-Mar-21,Z78NJ853B,100,129.8,6,0.54,80.35,1454.08,92.7
11-Mar-21,Z78JD823B,100,90.89,20,0.39,514.35,13475.84,274.8
11-Mar-21,Z78RI674A,100,275.03,24,0.21,381.14,10823.68,462.9
11-Mar-21,Z78NJ853C,100,428.16,8,0.2,205.98,6051.84,385.1
11-Mar-21,Z78RI674B,100,232.45,19,0.51,288.45,7598.08,408.4
11-Mar-21,Z78JD823A,100,117.16,18,0.4,407.94,9226.24,135.1
11-Mar-21,Z78RI674C,100,106.55,7,2.77,58.32,1218.56,113
11-Mar-21,Z78NJ720C,100,14.56,75,0.99,1.524,29480.96,189.5
11-Mar-21,Z78NJ720B,100,131.59,7,0.21,106.59,4259.84,965.7
11-Mar-21,Z78RY069A,100,213.51,4,0.47,50.8,570.64,162.9
11-Mar-21,Z78RI794A,100,301.2,9,0.06,224.39,3532.8,151.9
11-Mar-21,Z78NJ350C,100,161.46,12,0.38,351.09,5539.84,139.4
11-Mar-21,Z78NJ853A,100,259.12,4,0.55,50.34,1536,237.5
11-Mar-21,Z78RI661A,100,199.3,22,0.6,204.57,7024.64,448
11-Mar-21,Z78RY069B,100,219.35,4,2.98,44.23,2078.72,73
11-Mar-21,Z78NJ720A,100,48.19,26,0.67,676.87,16814.08,169.2
11-Mar-21,Z78RI794B,100,162.56,10,0.13,305.73,14028.8,794.4
11-Mar-21,Z78MD977C,100,182620.16,18,0.17,51.13,2928.64,672.4
11-Mar-21,Z78NJ746B,100,120.76,3,0.2,50.63,2088.96,412.3
11-Mar-21,Z78NJ626C,100,130.09,2,0.06,62.95,1454.08,85.3
12-Mar-21,Z78NJ853B,100,300.85,6,0.15,80.12,1679.36,339.1
12-Mar-21,Z78JD823B,100,135.07,18,0.79,524.89,10885.12,260.4
12-Mar-21,Z78RI674A,100,251.68,29,0.26,562.63,11939.84,396.5
12-Mar-21,Z78NJ853C,100,230.79,9,0.96,92.7,1525.76,190.3
12-Mar-21,Z78RI674B,100,174.23,26,0.47,396.9,9011.2,307.2
12-Mar-21,Z78JD823A,100,143.33,17,0.43,342.5,8294.4,114.1
12-Mar-21,Z78RI674C,100,136.24,7,2.75,69.43,2263.04,290.1
12-Mar-21,Z78NJ720C,100,15.71,72,1.16,1.317,27125.76,171
12-Mar-21,Z78NJ720B,100,111.61,9,0.2,165.5,5959.68,879.1
12-Mar-21,Z78RY069A,100,270.59,4,0.5,44.13,474.36,194.9
12-Mar-21,Z78RI794A,100,213.78,9,0.4,166.65,2426.88,147
12-Mar-21,Z78NJ350C,100,140.64,13,0.74,239.57,3737.6,159.9
12-Mar-21,Z78NJ853A,100,258.22,4,0.51,67.03,999.15,182.9
12-Mar-21,Z78RI661A,100,320.4,19,0.61,158.9,5355.52,364
12-Mar-21,Z78RY069B,100,263.85,5,0.85,54.41,1525.76,108.4
12-Mar-21,Z78NJ720A,100,55.17,25,0.64,500.59,12359.68,285.6
12-Mar-21,Z78RI794B,100,132.59,8,0.24,228.6,5068.8,178.3
12-Mar-21,Z78MD977C,100,189204.48,16,0.22,61.09,10956.8,2.11
12-Mar-21,Z78NJ746B,100,222.55,3,0.16,49.07,1085.44,230.1
12-Mar-21,Z78NJ626C,100,158.57,2,0.07,31.18,1382.4,233.2
13-Mar-21,Z78NJ853B,100,306.29,6,0.12,82.71,1710.08,256.9
13-Mar-21,Z78JD823B,100,134.57,19,0.62,545.06,11171.84,370.8
13-Mar-21,Z78RI674A,100,284.65,28,0.2,539.8,10588.16,570.7
13-Mar-21,Z78NJ853C,100,210.75,8,0.72,105.8,1812.48,129.1
13-Mar-21,Z78RI674B,100,160.2,24,0.38,374.74,7516.16,211.8
13-Mar-21,Z78JD823A,100,225.81,17,0.34,326.73,8949.76,247
13-Mar-21,Z78RI674C,100,132.21,6,2.24,59.81,3440.64,1.1
13-Mar-21,Z78NJ720C,99.47,17.38,70,1.18,1.452,35686.4,234.3
13-Mar-21,Z78NJ720B,99.6,96.72,10,0.3,158.65,2867.2,255.5
13-Mar-21,Z78RY069A,100,242.37,4,0.71,49.29,581.74,199.1
13-Mar-21,Z78RI794A,100,130.14,9,0.31,144.64,2918.4,467.2
13-Mar-21,Z78NJ350C,100,212.5,11,0.75,260.52,8243.2,652.9
13-Mar-21,Z78NJ853A,100,254.18,5,0.28,87.76,3911.68,1.25
13-Mar-21,Z78RI661A,100,296.01,23,0.61,204,8366.08,486.6
13-Mar-21,Z78RY069B,100,262.12,5,0.5,58.17,1464.32,271.6
13-Mar-21,Z78NJ720A,99.54,55.4,25,1.03,670.92,12103.68,212.4
13-Mar-21,Z78RI794B,100,152.46,9,0.31,214.23,4730.88,185.1
13-Mar-21,Z78MD977C,100,168140.8,16,0.21,65.21,6922.24,1.66
13-Mar-21,Z78NJ746B,100,147.09,4,0.39,73.72,2529.28,287.7
13-Mar-21,Z78NJ626C,100,118.61,3,0.1,44.74,878.81,369.9
14-Mar-21,Z78NJ853B,100,204.34,7,0.33,101.97,2007.04,142
14-Mar-21,Z78JD823B,100,136.09,21,0.33,512.95,11397.12,241.1
14-Mar-21,Z78RI674A,100,326.63,23,0.1,411.6,9635.84,393.4
14-Mar-21,Z78NJ853C,100,201.65,8,0.52,118.99,2447.36,211
14-Mar-21,Z78RI674B,100,286.33,18,10.3,234.26,6758.4,503.1
14-Mar-21,Z78JD823A,100,172.36,21,0.26,453.04,11294.72,119.5
14-Mar-21,Z78RI674C,100,149.59,6,2.22,54.14,1157.12,131.1
14-Mar-21,Z78NJ720C,100,13.81,78,0.94,1.513,35010.56,137.2
14-Mar-21,Z78NJ720B,100,156.59,9,0.19,140.98,2150.4,155.5
14-Mar-21,Z78RY069A,100,256.37,3,0.4,45.59,710.62,113.2
14-Mar-21,Z78RI794A,100,218,9,0.2,152.54,2324.48,123.6
14-Mar-21,Z78NJ350C,100,218.39,11,0.82,237.76,9369.6,681.5
14-Mar-21,Z78NJ853A,100,207.96,4,0.91,54.83,1996.8,537.8
14-Mar-21,Z78RI661A,100,267.47,23,0.63,190.2,7649.28,355.3
14-Mar-21,Z78RY069B,100,231.71,4,0.77,42.91,1320.96,529
14-Mar-21,Z78NJ720A,100,45.51,27,0.61,882.2,25272.32,611.1
14-Mar-21,Z78RI794B,100,141.83,10,0.34,272.65,4997.12,137.7
14-Mar-21,Z78MD977C,100,170168.32,16,0.1,52.16,9943.04,1.7
14-Mar-21,Z78NJ746B,100,161.37,4,0.52,73.56,1341.44,168.7
14-Mar-21,Z78NJ626C,100,72.91,2,0.28,27.72,1740.8,433.7
15-Mar-21,Z78NJ853B,100,181.38,7,0.16,111.85,2160.64,143.2
15-Mar-21,Z78JD823B,100,110.82,23,0.3,542.37,13598.72,211.9
15-Mar-21,Z78RI674A,100,349.71,23,0.16,402.31,13301.76,1.04
15-Mar-21,Z78NJ853C,100,171.39,10,1.37,136.27,2344.96,95.3
15-Mar-21,Z78RI674B,100,180.94,18,0.37,238.64,7966.72,376.9
15-Mar-21,Z78JD823A,100,203.37,20,0.26,395.46,9533.44,140.7
15-Mar-21,Z78RI674C,100,164.45,6,1.9,53.5,1044.48,119.9
15-Mar-21,Z78NJ720C,100,15.28,79,0.5,1.705,34007.04,97.4
15-Mar-21,Z78NJ720B,100,70.24,8,0.26,143.53,2334.72,201.3
15-Mar-21,Z78RY069A,100,298.52,3,0.66,44.65,437.18,169.1
15-Mar-21,Z78RI794A,100,254.68,9,0.18,153.39,2785.28,137.4
15-Mar-21,Z78NJ350C,100,188.27,12,0.62,255.38,11540.48,931.3
15-Mar-21,Z78NJ853A,100,175.56,3,1.41,33.08,617.94,96.2
15-Mar-21,Z78RI661A,100,308.43,22,0.61,183.5,6584.32,357
15-Mar-21,Z78RY069B,100,315.44,6,0.6,83.62,2805.76,321.9
15-Mar-21,Z78NJ720A,100,40.86,27,0.76,792.79,17633.28,221.5
15-Mar-21,Z78RI794B,100,148.32,12,0.19,357.58,10997.76,202.2
15-Mar-21,Z78MD977C,100,165027.84,18,0.1,52.49,5826.56,1.13
15-Mar-21,Z78NJ746B,100,191.83,4,0.16,71.65,2263.04,835.2
15-Mar-21,Z78NJ626C,100,171.23,2,0.08,30.19,800.67,263.1
16-Mar-21,Z78NJ853B,100,239.08,7,0.22,126.3,2457.6,264.1
16-Mar-21,Z78JD823B,100,158.34,22,0.18,583.47,14448.64,200.3
16-Mar-21,Z78RI674A,100,318.73,23,0.09,370.27,12134.4,1.09
16-Mar-21,Z78NJ853C,100,286.2,9,0.44,166.46,3225.6,386.5
16-Mar-21,Z78RI674B,100,213.01,19,0.31,244.07,6727.68,326.3
16-Mar-21,Z78JD823A,100,121.71,21,0.28,572.23,17418.24,481.1
16-Mar-21,Z78RI674C,100,70.86,7,6.1,61.79,900.61,67.5
16-Mar-21,Z78NJ720C,97.56,13.58,79,0.94,1.559,33351.68,136.1
16-Mar-21,Z78NJ720B,97.56,122.65,8,0.24,147.89,2263.04,333.7
16-Mar-21,Z78RY069A,100,197.59,3,0.48,46.54,880.28,248
16-Mar-21,Z78RI794A,100,107.39,10,0.27,166.61,2385.92,119.8
16-Mar-21,Z78NJ350C,100,163.26,13,0.87,326.71,6154.24,157.7
16-Mar-21,Z78NJ853A,100,201.71,4,1.11,47.96,782.99,92.3
16-Mar-21,Z78RI661A,100,255.22,21,0.52,143.42,4874.24,261.6
16-Mar-21,Z78RY069B,100,320.46,6,0.38,75.46,2232.32,485.8
16-Mar-21,Z78NJ720A,97.56,42.65,28,0.9,679.8,19814.4,365
16-Mar-21,Z78RI794B,100,185.79,10,0.23,322.41,4454.4,101.3
16-Mar-21,Z78MD977C,99.9,202014.72,22,0.21,48.47,3061.76,650.8
16-Mar-21,Z78NJ746B,100,129.31,3,0.41,77.12,2119.68,562.2
16-Mar-21,Z78NJ626C,100,77.15,2,0.37,26.9,1075.2,244.4
17-Mar-21,Z78NJ853B,100,138.98,6,0.13,109.31,2508.8,135
17-Mar-21,Z78JD823B,100,163.37,22,0.25,542.34,18513.92,453.3
17-Mar-21,Z78RI674A,100,365.56,24,0.07,465.86,11438.08,1.01
17-Mar-21,Z78NJ853C,100,241.81,9,0.31,278.71,3778.56,88.5
17-Mar-21,Z78RI674B,100,268.33,20,0.19,318.27,14684.16,1.1
17-Mar-21,Z78JD823A,100,81.2,23,0.33,617.47,12953.6,103.6
17-Mar-21,Z78RI674C,100,88.18,7,5.93,60.98,1402.88,152.3
17-Mar-21,Z78NJ720C,100,10.69,83,0.7,1.657,33935.36,128
17-Mar-21,Z78NJ720B,100,186.41,9,0.24,185.39,3051.52,412.1
17-Mar-21,Z78RY069A,100,269.63,4,0.41,49.34,1126.4,938.3
17-Mar-21,Z78RI794A,100,149.02,10,0.32,187.52,2580.48,104
17-Mar-21,Z78NJ350C,100,156.04,12,0.7,320.19,4823.04,142
17-Mar-21,Z78NJ853A,100,230.46,3,0.94,44.75,935.23,175.7
17-Mar-21,Z78RI661A,100,279.92,25,0.57,181.09,7577.6,535.2
17-Mar-21,Z78RY069B,100,257.71,7,0.55,82.42,2140.16,272.3
17-Mar-21,Z78NJ720A,100,41.8,29,0.46,958.26,21934.08,399.8
17-Mar-21,Z78RI794B,100,184.09,11,0.49,311.19,5253.12,180.5
17-Mar-21,Z78MD977C,99.66,272824.32,18,0.18,48.87,7976.96,1.21
17-Mar-21,Z78NJ746B,100,176.7,4,0.14,92.36,2068.48,150.9
17-Mar-21,Z78NJ626C,100,111.73,2,0.16,26.86,1617.92,452
18-Mar-21,Z78NJ853B,100,139.56,7,0.27,96.61,2355.2,118.7
18-Mar-21,Z78JD823B,100,137.27,21,0.26,407.76,11468.8,406.8
18-Mar-21,Z78RI674A,100,317.76,23,0.19,370.09,7659.52,531.9
18-Mar-21,Z78NJ853C,100,212.24,10,0.36,172.02,5345.28,136.3
18-Mar-21,Z78RI674B,100,228.01,22,0.33,325.8,8960,393.5
18-Mar-21,Z78JD823A,100,73.05,22,0.29,556.36,13486.08,107.3
18-Mar-21,Z78RI674C,100,124.29,5,5.93,45.05,833.68,157.6
18-Mar-21,Z78NJ720C,100,14.15,78,1.2,1.588,28651.52,98.9
18-Mar-21,Z78NJ720B,100,134.34,8,0.15,157.83,4413.44,479.3
18-Mar-21,Z78RY069A,100,237.68,3,0.42,46.62,1259.52,1.04
18-Mar-21,Z78RI794A,100,231.75,10,0.33,187.39,2437.12,100.8
18-Mar-21,Z78NJ350C,100,177.28,14,0.78,362.07,4515.84,147
18-Mar-21,Z78NJ853A,100,260.67,4,0.91,46.63,952.08,154.3
18-Mar-21,Z78RI661A,100,234.89,26,0.69,188.3,7895.04,320.7
18-Mar-21,Z78RY069B,100,296.07,7,0.32,137.02,3409.92,228.5
18-Mar-21,Z78NJ720A,100,47.83,28,0.58,965.84,21463.04,245.2
18-Mar-21,Z78RI794B,100,182.57,11,0.47,316.2,5488.64,188.7
18-Mar-21,Z78MD977C,100,206960.64,19,0.27,43.41,6256.64,1.07
18-Mar-21,Z78NJ746B,100,174.02,4,0.77,56.06,1464.32,128.9
18-Mar-21,Z78NJ626C,100,99.69,2,0.18,33.09,1167.36,352.8
19-Mar-21,Z78NJ853B,100,321.66,6,0.17,84.56,1802.24,302.9
19-Mar-21,Z78JD823B,100,175.66,20,0.37,482.93,12052.48,354.5
19-Mar-21,Z78RI674A,100,272.98,29,0.14,544.48,12984.32,501.5
19-Mar-21,Z78NJ853C,100,251.28,9,0.52,135.27,6973.44,296
19-Mar-21,Z78RI674B,100,174.72,22,0.4,338.48,8232.96,270.3
19-Mar-21,Z78JD823A,100,141.29,19,0.32,608.41,9594.88,136.4
19-Mar-21,Z78RI674C,100,168.75,6,1.85,60.85,1208.32,195.1
19-Mar-21,Z78NJ720C,100,17.86,75,0.36,1.675,28416,180.1
19-Mar-21,Z78NJ720B,100,148.42,9,0.16,200.25,3727.36,424.3
19-Mar-21,Z78RY069A,100,203.16,3,0.22,42.73,930.26,171.9
19-Mar-21,Z78RI794A,100,225.87,9,0.35,163.48,2068.48,80
19-Mar-21,Z78NJ350C,100,126.55,15,1.02,248.9,5324.8,194.2
19-Mar-21,Z78NJ853A,100,195.49,5,0.62,67.34,1730.56,400.8
19-Mar-21,Z78RI661A,100,308.56,24,1.35,184.11,9687.04,730.5
19-Mar-21,Z78RY069B,100,232.32,5,0.62,56.4,1710.08,419.6
19-Mar-21,Z78NJ720A,100,41.44,29,0.63,897.42,20121.6,440.5
19-Mar-21,Z78RI794B,100,160.35,9,0.28,267.6,7239.68,265.3
19-Mar-21,Z78MD977C,100,158515.2,17,0.32,45.42,15134.72,2.4
19-Mar-21,Z78NJ746B,100,97.56,3,0.65,68.41,1730.56,234.3
19-Mar-21,Z78NJ626C,100,171.08,1,0.87,17.94,672.19,338.2
20-Mar-21,Z78NJ853B,100,312.5,7,0.31,82.92,1484.8,120.8
20-Mar-21,Z78JD823B,100,195.48,20,0.21,373.1,9277.44,469.3
20-Mar-21,Z78RI674A,100,293.79,28,0.55,503.56,13117.44,933.2
20-Mar-21,Z78NJ853C,100,216.71,11,1.09,140.14,3368.96,361.3
20-Mar-21,Z78RI674B,100,237.89,25,0.32,438.66,17356.8,859.2
20-Mar-21,Z78JD823A,100,151.11,20,0.71,584.19,10864.64,158.5
20-Mar-21,Z78RI674C,100,172.38,6,2.76,66.62,1116.16,191.7
20-Mar-21,Z78NJ720C,100,15.29,76,0.65,1.465,23541.76,97.2
20-Mar-21,Z78NJ720B,100,130.31,10,0.22,163.88,3788.8,367.1
20-Mar-21,Z78RY069A,100,252.04,4,0.53,68.61,971.83,248
20-Mar-21,Z78RI794A,100,265.2,10,0.26,182,4372.48,217.6
20-Mar-21,Z78NJ350C,100,165.37,18,0.21,464.88,12257.28,285.2
20-Mar-21,Z78NJ853A,100,232.68,5,0.53,63.55,1699.84,293.6
20-Mar-21,Z78RI661A,100,280.62,24,0.82,184.3,7608.32,365.2
20-Mar-21,Z78RY069B,100,314.61,5,1.08,61.11,2048,915.2
20-Mar-21,Z78NJ720A,100,61.01,30,1.07,688.65,18155.52,280.5
20-Mar-21,Z78RI794B,100,154.52,10,0.34,227.45,5048.32,192.8
20-Mar-21,Z78MD977C,100,144005.12,18,0.32,42.93,12759.04,2.36
20-Mar-21,Z78NJ746B,100,161.76,4,0.23,84.37,1658.88,179.7
20-Mar-21,Z78NJ626C,100,213.59,1,0.39,11.71,418.79,420.2
21-Mar-21,Z78NJ853B,100,274.32,7,0.2,108.97,1781.76,141.9
21-Mar-21,Z78JD823B,100,182.65,22,0.26,465.79,12216.32,306.4
21-Mar-21,Z78RI674A,100,358.45,20,0.21,391.39,20828.16,2.46
21-Mar-21,Z78NJ853C,100,234.2,10,1.32,136.47,2058.24,99.2
21-Mar-21,Z78RI674B,100,239.55,20,0.52,277.23,7536.64,418.4
21-Mar-21,Z78JD823A,100,118.24,21,0.27,538,12830.72,101.5
21-Mar-21,Z78RI674C,100,152.82,6,0.65,49.09,1966.08,587
21-Mar-21,Z78NJ720C,100,15.97,78,0.78,1.637,31232,89.9
21-Mar-21,Z78NJ720B,100,124.59,8,0.13,125.64,3973.12,698.9
21-Mar-21,Z78RY069A,100,101.13,5,0.45,59.62,624.53,91
21-Mar-21,Z78RI794A,100,258.89,10,0.18,210.45,3092.48,96.4
21-Mar-21,Z78NJ350C,100,172.17,18,0.56,355.26,5242.88,176.7
21-Mar-21,Z78NJ853A,100,187.11,5,1.21,55.85,1290.24,121
21-Mar-21,Z78RI661A,100,275.92,23,0.54,174.67,8376.32,725.3
21-Mar-21,Z78RY069B,100,248.9,6,1.22,62.58,1136.64,66.9
21-Mar-21,Z78NJ720A,100,49.5,31,1.79,609.95,17428.48,202.3
21-Mar-21,Z78RI794B,100,176.65,10,0.33,279.47,5509.12,148.2
21-Mar-21,Z78MD977C,100,195983.36,21,0.27,37.1,16138.24,2.27
21-Mar-21,Z78NJ746B,100,271.58,3,0.33,48.67,1228.8,209
21-Mar-21,Z78NJ626C,100,150.29,1,1.72,25.22,780.92,517.1
22-Mar-21,Z78NJ853B,100,167.82,6,0.13,94.02,2037.76,93.3
22-Mar-21,Z78JD823B,100,124.86,24,0.32,587.16,16947.2,394.3
22-Mar-21,Z78RI674A,100,286.74,22,0.25,448.72,7966.72,209.6
22-Mar-21,Z78NJ853C,100,279.85,10,0.55,152.15,2048,145.5
22-Mar-21,Z78RI674B,100,283.25,21,0.3,296.68,8816.64,308.8
22-Mar-21,Z78JD823A,100,137.65,21,0.36,652.2,12840.96,112.4
22-Mar-21,Z78RI674C,100,141.27,5,2.75,47.44,1218.56,257
22-Mar-21,Z78NJ720C,91.28,15.79,68,0.67,1.334,23695.36,113.7
22-Mar-21,Z78NJ720B,91.28,177.84,8,0.28,128.7,4208.64,670.3
22-Mar-21,Z78RY069A,100,157.08,5,0.11,72,1004.56,342.3
22-Mar-21,Z78RI794A,100,194.96,10,0.24,170.94,3010.56,98.4
22-Mar-21,Z78NJ350C,100,138.09,17,1.72,281.87,3973.12,105.4
22-Mar-21,Z78NJ853A,100,142.26,4,1.75,45.99,1710.08,509.1
22-Mar-21,Z78RI661A,100,253.26,20,0.41,162.6,8622.08,955.4
22-Mar-21,Z78RY069B,100,283.36,6,0.66,57.68,1341.44,197.7
22-Mar-21,Z78NJ720A,91.28,55.12,25,1.1,531.51,13158.4,242.3
22-Mar-21,Z78RI794B,100,183.53,11,0.25,285.53,7639.04,446.7
22-Mar-21,Z78MD977C,100,240332.8,23,0.37,40.7,14888.96,1.97
22-Mar-21,Z78NJ746B,100,151.43,3,0.13,81.56,1515.52,250.7
22-Mar-21,Z78NJ626C,100,210.94,1,0.41,31.19,1095.68,1.17
23-Mar-21,Z78NJ853B,100,190.36,6,0.11,131.15,1894.4,75.4
23-Mar-21,Z78JD823B,100,143.62,25,0.25,680.31,18032.64,266.9
23-Mar-21,Z78RI674A,100,340.8,23,0.14,425.6,7331.84,249.5
23-Mar-21,Z78NJ853C,100,170.85,11,0.41,159.89,3225.6,184.9
23-Mar-21,Z78RI674B,100,290.4,20,0.38,295.14,5263.36,136.1
23-Mar-21,Z78JD823A,100,136.23,22,0.54,590.81,10792.96,100.9
23-Mar-21,Z78RI674C,100,145.44,5,2.65,52.01,756,123.5
23-Mar-21,Z78NJ720C,100,19.9,74,1.1,1.741,30156.8,135
23-Mar-21,Z78NJ720B,100,129.33,9,0.12,258.75,4648.96,235.3
23-Mar-21,Z78RY069A,100,269.35,4,2.15,46.55,799.66,29.2
23-Mar-21,Z78RI794A,100,190.26,9,0.43,137.54,2682.88,247.4
23-Mar-21,Z78NJ350C,100,171.27,16,0.51,285.01,6778.88,234.3
23-Mar-21,Z78NJ853A,100,204.71,4,0.71,48.84,931.21,133.4
23-Mar-21,Z78RI661A,100,174.05,21,0.37,176.52,6502.4,463.4
23-Mar-21,Z78RY069B,100,227.22,5,2.42,50.86,1638.4,72.5
23-Mar-21,Z78NJ720A,100,49.97,28,0.56,672.37,17111.04,175.9
23-Mar-21,Z78RI794B,100,159.92,10,0.27,259.21,5406.72,237
23-Mar-21,Z78MD977C,100,202618.88,21,0.35,38.62,10967.04,1.66
23-Mar-21,Z78NJ746B,100,171.79,4,1.3,40.42,757.6,71.2
23-Mar-21,Z78NJ626C,100,210.82,1,0.45,69.29,565.39,885.2
