POD ID, TIME, MILLICORES, MEM USAGE, MEM LIMIT, MEM(%) , NET I/O, LOCK I/O, PIDS
redis-65d8857849-9n6lp,23/01/2025 19:58,3,10.18,15.44,0.06,0,0,6
analyzer-79d4c78db5-g626p,23/01/2025 19:58,2,357.3,15.44,2.26,0,0,49
crud-rest-7c7fd547c9-rs5hs,23/01/2025 19:58,510.1,901.8,15.44,5.7,0,0,95
datainjector-98ccb8f89-wr5hg,23/01/2025 19:58,1.6,1014,15.44,6.41,0,0,95
postgres-7b7f6d75f9-q5dvq,23/01/2025 19:58,23,73.84,15.44,0.47,0,0,29
redis-65d8857849-9n6lp,23/01/2025 19:58,68.6,29.64,15.44,0.19,0,0,6
analyzer-79d4c78db5-g626p,23/01/2025 19:58,1.4,357.3,15.44,2.26,0,0,49
crud-rest-7c7fd547c9-rs5hs,23/01/2025 19:58,496.7,901.8,15.44,5.7,0,0,95
datainjector-98ccb8f89-wr5hg,23/01/2025 19:58,1.2,1014,15.44,6.41,0,0,95
postgres-7b7f6d75f9-q5dvq,23/01/2025 19:58,139.3,74.75,15.44,0.47,0,0,29
redis-65d8857849-9n6lp,23/01/2025 19:58,64.2,71.21,15.44,0.45,0,0,6
analyzer-79d4c78db5-g626p,23/01/2025 19:58,1.5,357.3,15.44,2.26,0,0,49
crud-rest-7c7fd547c9-rs5hs,23/01/2025 19:58,410.5,984.4,15.44,6.22,0,0,95
datainjector-98ccb8f89-wr5hg,23/01/2025 19:58,1.3,1014,15.44,6.41,0,0,95
postgres-7b7f6d75f9-q5dvq,23/01/2025 19:58,143.4,74.78,15.44,0.47,0,0,29
redis-65d8857849-9n6lp,23/01/2025 19:58,69.3,77.28,15.44,0.49,0,0,6
analyzer-79d4c78db5-g626p,23/01/2025 19:58,1.7,357.3,15.44,2.26,0,0,49
crud-rest-7c7fd547c9-rs5hs,23/01/2025 19:58,469.2,986.1,15.44,6.23,0,0,95
datainjector-98ccb8f89-wr5hg,23/01/2025 19:58,1.4,1014,15.44,6.41,0,0,95
postgres-7b7f6d75f9-q5dvq,23/01/2025 19:58,67.1,74.92,15.44,0.47,0,0,29
redis-65d8857849-9n6lp,23/01/2025 19:58,73.9,76.85,15.44,0.49,0,0,6
analyzer-79d4c78db5-g626p,23/01/2025 19:58,2.2,357.3,15.44,2.26,0,0,49
crud-rest-7c7fd547c9-rs5hs,23/01/2025 19:58,459.3,989.7,15.44,6.26,0,0,96
datainjector-98ccb8f89-wr5hg,23/01/2025 19:58,1.5,1014,15.44,6.41,0,0,94
postgres-7b7f6d75f9-q5dvq,23/01/2025 19:58,70.9,74.95,15.44,0.47,0,0,29
redis-65d8857849-9n6lp,23/01/2025 19:58,70.7,77.18,15.44,0.49,0,0,6
analyzer-79d4c78db5-g626p,23/01/2025 19:58,2.2,357.3,15.44,2.26,0,0,49
crud-rest-7c7fd547c9-rs5hs,23/01/2025 19:58,487,989.7,15.44,6.26,0,0,95
datainjector-98ccb8f89-wr5hg,23/01/2025 19:58,1.5,1014,15.44,6.41,0,0,94
postgres-7b7f6d75f9-q5dvq,23/01/2025 19:58,66.7,75,15.44,0.47,0,0,29
redis-65d8857849-9n6lp,23/01/2025 19:58,3.9,77.18,15.44,0.49,0,0,6
analyzer-79d4c78db5-g626p,23/01/2025 19:58,5.6,357.3,15.44,2.26,0,0,49
crud-rest-7c7fd547c9-rs5hs,23/01/2025 19:58,446.5,989.7,15.44,6.26,0,0,95
datainjector-98ccb8f89-wr5hg,23/01/2025 19:58,1.6,1014,15.44,6.41,0,0,94
postgres-7b7f6d75f9-q5dvq,23/01/2025 19:58,466.9,75.04,15.44,0.47,0,0,29
redis-65d8857849-9n6lp,23/01/2025 19:58,3.7,76.13,15.44,0.48,0,0,6
analyzer-79d4c78db5-g626p,23/01/2025 19:58,2.5,357.3,15.44,2.26,0,0,48
crud-rest-7c7fd547c9-rs5hs,23/01/2025 19:58,461.4,989.9,15.44,6.26,0,0,95
datainjector-98ccb8f89-wr5hg,23/01/2025 19:58,1.6,1014,15.44,6.41,0,0,94
postgres-7b7f6d75f9-q5dvq,23/01/2025 19:58,494.4,75.16,15.44,0.48,0,0,29
redis-65d8857849-9n6lp,23/01/2025 19:58,3,76.14,15.44,0.48,0,0,6
analyzer-79d4c78db5-g626p,23/01/2025 19:58,1.8,357.3,15.44,2.26,0,0,48
crud-rest-7c7fd547c9-rs5hs,23/01/2025 19:58,466.6,989.6,15.44,6.26,0,0,94
datainjector-98ccb8f89-wr5hg,23/01/2025 19:58,1.5,1014,15.44,6.41,0,0,94
postgres-7b7f6d75f9-q5dvq,23/01/2025 19:58,503,75.03,15.44,0.47,0,0,29
redis-65d8857849-9n6lp,23/01/2025 19:58,3.5,74.39,15.44,0.47,0,0,6
analyzer-79d4c78db5-g626p,23/01/2025 19:58,1.8,357.4,15.44,2.26,0,0,50
crud-rest-7c7fd547c9-rs5hs,23/01/2025 19:58,482.7,989.6,15.44,6.26,0,0,94
datainjector-98ccb8f89-wr5hg,23/01/2025 19:58,2.1,1014,15.44,6.41,0,0,94
postgres-7b7f6d75f9-q5dvq,23/01/2025 19:58,553.2,75.16,15.44,0.48,0,0,29
redis-65d8857849-9n6lp,23/01/2025 19:59,3.7,74.39,15.44,0.47,0,0,6
analyzer-79d4c78db5-g626p,23/01/2025 19:59,2,357.4,15.44,2.26,0,0,50
crud-rest-7c7fd547c9-rs5hs,23/01/2025 19:59,456.8,989.6,15.44,6.26,0,0,94
datainjector-98ccb8f89-wr5hg,23/01/2025 19:59,2.2,1014,15.44,6.41,0,0,94
postgres-7b7f6d75f9-q5dvq,23/01/2025 19:59,535.6,75.19,15.44,0.48,0,0,29
redis-65d8857849-9n6lp,23/01/2025 19:59,2.9,74.39,15.44,0.47,0,0,6
analyzer-79d4c78db5-g626p,23/01/2025 19:59,1.8,357.4,15.44,2.26,0,0,50
crud-rest-7c7fd547c9-rs5hs,23/01/2025 19:59,465.5,989.8,15.44,6.26,0,0,94
datainjector-98ccb8f89-wr5hg,23/01/2025 19:59,1.4,1014,15.44,6.41,0,0,94
postgres-7b7f6d75f9-q5dvq,23/01/2025 19:59,545.3,75.06,15.44,0.47,0,0,29
redis-65d8857849-9n6lp,23/01/2025 19:59,4.1,74.41,15.44,0.47,0,0,6
analyzer-79d4c78db5-g626p,23/01/2025 19:59,1.6,357.4,15.44,2.26,0,0,50
crud-rest-7c7fd547c9-rs5hs,23/01/2025 19:59,445.1,989.7,15.44,6.26,0,0,94
datainjector-98ccb8f89-wr5hg,23/01/2025 19:59,5.9,1014,15.44,6.41,0,0,96
postgres-7b7f6d75f9-q5dvq,23/01/2025 19:59,554.9,75.12,15.44,0.47,0,0,29
redis-65d8857849-9n6lp,23/01/2025 19:59,3.2,74.42,15.44,0.47,0,0,6
analyzer-79d4c78db5-g626p,23/01/2025 19:59,1.7,357.4,15.44,2.26,0,0,50
crud-rest-7c7fd547c9-rs5hs,23/01/2025 19:59,457.7,989.7,15.44,6.26,0,0,94
datainjector-98ccb8f89-wr5hg,23/01/2025 19:59,1.7,1014,15.44,6.41,0,0,96
postgres-7b7f6d75f9-q5dvq,23/01/2025 19:59,541.4,75.14,15.44,0.48,0,0,29
redis-65d8857849-9n6lp,23/01/2025 19:59,3.2,74.42,15.44,0.47,0,0,6
analyzer-79d4c78db5-g626p,23/01/2025 19:59,1.9,357.4,15.44,2.26,0,0,50
crud-rest-7c7fd547c9-rs5hs,23/01/2025 19:59,498.8,990,15.44,6.26,0,0,96
datainjector-98ccb8f89-wr5hg,23/01/2025 19:59,1.7,1014,15.44,6.41,0,0,96
postgres-7b7f6d75f9-q5dvq,23/01/2025 19:59,568.7,75.16,15.44,0.48,0,0,29
redis-65d8857849-9n6lp,23/01/2025 19:59,4.5,74.42,15.44,0.47,0,0,6
analyzer-79d4c78db5-g626p,23/01/2025 19:59,3.3,357.4,15.44,2.26,0,0,50
crud-rest-7c7fd547c9-rs5hs,23/01/2025 19:59,406.1,990,15.44,6.26,0,0,95
datainjector-98ccb8f89-wr5hg,23/01/2025 19:59,1.9,1014,15.44,6.41,0,0,96
postgres-7b7f6d75f9-q5dvq,23/01/2025 19:59,430.3,76.46,15.44,0.48,0,0,30
redis-65d8857849-9n6lp,23/01/2025 19:59,2.6,74.42,15.44,0.47,0,0,6
analyzer-79d4c78db5-g626p,23/01/2025 19:59,2.1,357.4,15.44,2.26,0,0,50
crud-rest-7c7fd547c9-rs5hs,23/01/2025 19:59,446.5,989.9,15.44,6.26,0,0,94
datainjector-98ccb8f89-wr5hg,23/01/2025 19:59,1.7,1014,15.44,6.41,0,0,96
postgres-7b7f6d75f9-q5dvq,23/01/2025 19:59,525.4,76.46,15.44,0.48,0,0,30
redis-65d8857849-9n6lp,23/01/2025 19:59,3.2,74.42,15.44,0.47,0,0,6
analyzer-79d4c78db5-g626p,23/01/2025 19:59,16.6,357.5,15.44,2.26,0,0,50
crud-rest-7c7fd547c9-rs5hs,23/01/2025 19:59,469.5,989.9,15.44,6.26,0,0,94
datainjector-98ccb8f89-wr5hg,23/01/2025 19:59,1.8,1014,15.44,6.41,0,0,96
postgres-7b7f6d75f9-q5dvq,23/01/2025 19:59,534.9,76.46,15.44,0.48,0,0,30
redis-65d8857849-9n6lp,23/01/2025 19:59,3.5,74.42,15.44,0.47,0,0,6
analyzer-79d4c78db5-g626p,23/01/2025 19:59,2.1,357.5,15.44,2.26,0,0,50
crud-rest-7c7fd547c9-rs5hs,23/01/2025 19:59,442.9,990.2,15.44,6.26,0,0,94
datainjector-98ccb8f89-wr5hg,23/01/2025 19:59,1.9,1014,15.44,6.41,0,0,96
postgres-7b7f6d75f9-q5dvq,23/01/2025 19:59,557,76.46,15.44,0.48,0,0,30
redis-65d8857849-9n6lp,23/01/2025 19:59,3.1,74.42,15.44,0.47,0,0,6
analyzer-79d4c78db5-g626p,23/01/2025 19:59,2,357.5,15.44,2.26,0,0,50
crud-rest-7c7fd547c9-rs5hs,23/01/2025 19:59,469.4,990,15.44,6.26,0,0,94
datainjector-98ccb8f89-wr5hg,23/01/2025 19:59,2,1014,15.44,6.41,0,0,96
postgres-7b7f6d75f9-q5dvq,23/01/2025 19:59,541.6,76.48,15.44,0.48,0,0,30
redis-65d8857849-9n6lp,23/01/2025 19:59,2.6,74.42,15.44,0.47,0,0,6
analyzer-79d4c78db5-g626p,23/01/2025 19:59,3.5,357.4,15.44,2.26,0,0,50
crud-rest-7c7fd547c9-rs5hs,23/01/2025 19:59,425.2,989.9,15.44,6.26,0,0,94
datainjector-98ccb8f89-wr5hg,23/01/2025 19:59,1.4,1014,15.44,6.41,0,0,96
postgres-7b7f6d75f9-q5dvq,23/01/2025 19:59,555.4,76.58,15.44,0.48,0,0,30
redis-65d8857849-9n6lp,23/01/2025 19:59,3.6,74.42,15.44,0.47,0,0,6
analyzer-79d4c78db5-g626p,23/01/2025 19:59,2,357.4,15.44,2.26,0,0,50
crud-rest-7c7fd547c9-rs5hs,23/01/2025 19:59,482.4,989.9,15.44,6.26,0,0,94
datainjector-98ccb8f89-wr5hg,23/01/2025 19:59,7.8,1014,15.44,6.41,0,0,95
postgres-7b7f6d75f9-q5dvq,23/01/2025 19:59,554.9,76.48,15.44,0.48,0,0,30
redis-65d8857849-9n6lp,23/01/2025 19:59,3.3,74.54,15.44,0.47,0,0,6
analyzer-79d4c78db5-g626p,23/01/2025 19:59,12.3,357.4,15.44,2.26,0,0,50
crud-rest-7c7fd547c9-rs5hs,23/01/2025 19:59,547.2,990.4,15.44,6.26,0,0,96
datainjector-98ccb8f89-wr5hg,23/01/2025 19:59,2.5,1014,15.44,6.41,0,0,95
postgres-7b7f6d75f9-q5dvq,23/01/2025 19:59,516.6,76.59,15.44,0.48,0,0,30
redis-65d8857849-9n6lp,23/01/2025 19:59,2.5,74.42,15.44,0.47,0,0,6
analyzer-79d4c78db5-g626p,23/01/2025 19:59,1.6,357.5,15.44,2.26,0,0,50
crud-rest-7c7fd547c9-rs5hs,23/01/2025 19:59,490.9,990.2,15.44,6.26,0,0,96
datainjector-98ccb8f89-wr5hg,23/01/2025 19:59,1.4,1014,15.44,6.41,0,0,95
postgres-7b7f6d75f9-q5dvq,23/01/2025 19:59,530,76.46,15.44,0.48,0,0,30
redis-65d8857849-9n6lp,23/01/2025 19:59,4.8,77.03,15.44,0.49,0,0,6
analyzer-79d4c78db5-g626p,23/01/2025 19:59,4784.7,524.3,15.44,3.32,0,0,93
crud-rest-7c7fd547c9-rs5hs,23/01/2025 19:59,4.2,990.4,15.44,6.26,0,0,98
datainjector-98ccb8f89-wr5hg,23/01/2025 19:59,416.1,1014,15.44,6.41,0,0,95
postgres-7b7f6d75f9-q5dvq,23/01/2025 19:59,47.7,91.45,15.44,0.58,0,0,40
redis-65d8857849-9n6lp,23/01/2025 19:59,826.4,79.19,15.44,0.5,0,0,6
analyzer-79d4c78db5-g626p,23/01/2025 19:59,6868.4,670.5,15.44,4.24,0,0,99
crud-rest-7c7fd547c9-rs5hs,23/01/2025 19:59,5.1,990.1,15.44,6.26,0,0,93
datainjector-98ccb8f89-wr5hg,23/01/2025 19:59,532,1014,15.44,6.41,0,0,95
postgres-7b7f6d75f9-q5dvq,23/01/2025 19:59,289.1,92.25,15.44,0.58,0,0,40
redis-65d8857849-9n6lp,23/01/2025 20:00,635.2,81.67,15.44,0.52,0,0,6
analyzer-79d4c78db5-g626p,23/01/2025 20:00,7432.9,741.3,15.44,4.69,0,0,113
crud-rest-7c7fd547c9-rs5hs,23/01/2025 20:00,6.9,990.1,15.44,6.26,0,0,93
datainjector-98ccb8f89-wr5hg,23/01/2025 20:00,231.4,1014,15.44,6.41,0,0,95
postgres-7b7f6d75f9-q5dvq,23/01/2025 20:00,367.3,92.85,15.44,0.59,0,0,40
redis-65d8857849-9n6lp,23/01/2025 20:00,838.6,86.09,15.44,0.54,0,0,6
analyzer-79d4c78db5-g626p,23/01/2025 20:00,5949.9,807,15.44,5.1,0,0,121
crud-rest-7c7fd547c9-rs5hs,23/01/2025 20:00,6.7,990.1,15.44,6.26,0,0,93
datainjector-98ccb8f89-wr5hg,23/01/2025 20:00,373.7,1014,15.44,6.41,0,0,95
postgres-7b7f6d75f9-q5dvq,23/01/2025 20:00,563.2,93.95,15.44,0.59,0,0,40
redis-65d8857849-9n6lp,23/01/2025 20:00,814.2,88.24,15.44,0.56,0,0,6
analyzer-79d4c78db5-g626p,23/01/2025 20:00,6995.5,835.1,15.44,5.28,0,0,128
crud-rest-7c7fd547c9-rs5hs,23/01/2025 20:00,4.4,990.1,15.44,6.26,0,0,93
datainjector-98ccb8f89-wr5hg,23/01/2025 20:00,457.5,1014,15.44,6.41,0,0,96
postgres-7b7f6d75f9-q5dvq,23/01/2025 20:00,581.1,94.2,15.44,0.6,0,0,40
redis-65d8857849-9n6lp,23/01/2025 20:00,955,95.35,15.44,0.6,0,0,6
analyzer-79d4c78db5-g626p,23/01/2025 20:00,7024.7,927,15.44,5.86,0,0,133
crud-rest-7c7fd547c9-rs5hs,23/01/2025 20:00,3,990.1,15.44,6.26,0,0,93
datainjector-98ccb8f89-wr5hg,23/01/2025 20:00,428.8,1014,15.44,6.41,0,0,96
postgres-7b7f6d75f9-q5dvq,23/01/2025 20:00,737.3,94.2,15.44,0.6,0,0,40
redis-65d8857849-9n6lp,23/01/2025 20:00,770.1,98.74,15.44,0.62,0,0,6
analyzer-79d4c78db5-g626p,23/01/2025 20:00,6105.6,934.6,15.44,5.91,0,0,139
crud-rest-7c7fd547c9-rs5hs,23/01/2025 20:00,4,990.1,15.44,6.26,0,0,93
datainjector-98ccb8f89-wr5hg,23/01/2025 20:00,349.2,1014,15.44,6.41,0,0,96
postgres-7b7f6d75f9-q5dvq,23/01/2025 20:00,783.1,94.44,15.44,0.6,0,0,40
redis-65d8857849-9n6lp,23/01/2025 20:00,719.2,105.6,15.44,0.67,0,0,6
analyzer-79d4c78db5-g626p,23/01/2025 20:00,7651.8,1.049,15.44,6.79,0,0,142
crud-rest-7c7fd547c9-rs5hs,23/01/2025 20:00,5.2,990.2,15.44,6.26,0,0,94
datainjector-98ccb8f89-wr5hg,23/01/2025 20:00,291,1014,15.44,6.41,0,0,96
postgres-7b7f6d75f9-q5dvq,23/01/2025 20:00,545,93.21,15.44,0.59,0,0,39
redis-65d8857849-9n6lp,23/01/2025 20:00,801.6,111.6,15.44,0.71,0,0,6
analyzer-79d4c78db5-g626p,23/01/2025 20:00,5745,1.05,15.44,6.8,0,0,143
crud-rest-7c7fd547c9-rs5hs,23/01/2025 20:00,3.4,990.3,15.44,6.26,0,0,95
datainjector-98ccb8f89-wr5hg,23/01/2025 20:00,1320.5,1023,15.44,6.47,0,0,96
postgres-7b7f6d75f9-q5dvq,23/01/2025 20:00,730.3,93.24,15.44,0.59,0,0,39
redis-65d8857849-9n6lp,23/01/2025 20:00,765.8,115.8,15.44,0.73,0,0,6
analyzer-79d4c78db5-g626p,23/01/2025 20:00,6161.7,1.051,15.44,6.8,0,0,147
crud-rest-7c7fd547c9-rs5hs,23/01/2025 20:00,4.3,990.3,15.44,6.26,0,0,95
datainjector-98ccb8f89-wr5hg,23/01/2025 20:00,520.2,1.006,15.44,6.51,0,0,96
postgres-7b7f6d75f9-q5dvq,23/01/2025 20:00,671.7,93.37,15.44,0.59,0,0,39
redis-65d8857849-9n6lp,23/01/2025 20:00,880.3,123.3,15.44,0.78,0,0,6
analyzer-79d4c78db5-g626p,23/01/2025 20:00,6460.2,1.105,15.44,7.15,0,0,149
crud-rest-7c7fd547c9-rs5hs,23/01/2025 20:00,3.9,990.3,15.44,6.26,0,0,95
datainjector-98ccb8f89-wr5hg,23/01/2025 20:00,285.8,1015,15.44,6.42,0,0,96
postgres-7b7f6d75f9-q5dvq,23/01/2025 20:00,769.5,93.43,15.44,0.59,0,0,39
redis-65d8857849-9n6lp,23/01/2025 20:00,859.5,129.3,15.44,0.82,0,0,6
analyzer-79d4c78db5-g626p,23/01/2025 20:00,4860.9,1.114,15.44,7.21,0,0,150
crud-rest-7c7fd547c9-rs5hs,23/01/2025 20:00,8.4,990.3,15.44,6.26,0,0,95
datainjector-98ccb8f89-wr5hg,23/01/2025 20:00,1149.7,1017,15.44,6.43,0,0,95
postgres-7b7f6d75f9-q5dvq,23/01/2025 20:00,728.8,93.45,15.44,0.59,0,0,39
redis-65d8857849-9n6lp,23/01/2025 20:00,648.4,133.4,15.44,0.84,0,0,6
analyzer-79d4c78db5-g626p,23/01/2025 20:00,6662.3,1.144,15.44,7.4,0,0,154
crud-rest-7c7fd547c9-rs5hs,23/01/2025 20:00,14.2,990.3,15.44,6.26,0,0,95
datainjector-98ccb8f89-wr5hg,23/01/2025 20:00,524.2,1017,15.44,6.43,0,0,95
postgres-7b7f6d75f9-q5dvq,23/01/2025 20:00,771.8,93.44,15.44,0.59,0,0,39
redis-65d8857849-9n6lp,23/01/2025 20:00,847.5,137.4,15.44,0.87,0,0,6
analyzer-79d4c78db5-g626p,23/01/2025 20:00,5838,1.2,15.44,7.77,0,0,156
crud-rest-7c7fd547c9-rs5hs,23/01/2025 20:00,4.1,990.3,15.44,6.26,0,0,95
datainjector-98ccb8f89-wr5hg,23/01/2025 20:00,580,1017,15.44,6.43,0,0,95
postgres-7b7f6d75f9-q5dvq,23/01/2025 20:00,677,93.45,15.44,0.59,0,0,39
redis-65d8857849-9n6lp,23/01/2025 20:00,870.5,143,15.44,0.9,0,0,6
analyzer-79d4c78db5-g626p,23/01/2025 20:00,5951.6,1.225,15.44,7.93,0,0,159
crud-rest-7c7fd547c9-rs5hs,23/01/2025 20:00,3.9,990.3,15.44,6.26,0,0,95
datainjector-98ccb8f89-wr5hg,23/01/2025 20:00,423.5,1017,15.44,6.43,0,0,95
postgres-7b7f6d75f9-q5dvq,23/01/2025 20:00,924.9,93.45,15.44,0.59,0,0,39
redis-65d8857849-9n6lp,23/01/2025 20:00,1691.6,156.5,15.44,0.99,0,0,7
analyzer-79d4c78db5-g626p,23/01/2025 20:00,5555.5,1.254,15.44,8.12,0,0,162
crud-rest-7c7fd547c9-rs5hs,23/01/2025 20:00,7.1,990.2,15.44,6.26,0,0,94
datainjector-98ccb8f89-wr5hg,23/01/2025 20:00,417.6,1018,15.44,6.43,0,0,95
postgres-7b7f6d75f9-q5dvq,23/01/2025 20:00,712.3,93.72,15.44,0.59,0,0,39
redis-65d8857849-9n6lp,23/01/2025 20:01,691.3,156.6,15.44,0.99,0,0,6
analyzer-79d4c78db5-g626p,23/01/2025 20:01,6398.2,1.286,15.44,8.33,0,0,163
crud-rest-7c7fd547c9-rs5hs,23/01/2025 20:01,13.2,990.2,15.44,6.26,0,0,94
datainjector-98ccb8f89-wr5hg,23/01/2025 20:01,195.4,1017,15.44,6.43,0,0,95
postgres-7b7f6d75f9-q5dvq,23/01/2025 20:01,705.3,93.75,15.44,0.59,0,0,39
redis-65d8857849-9n6lp,23/01/2025 20:01,813.7,165.9,15.44,1.05,0,0,6
analyzer-79d4c78db5-g626p,23/01/2025 20:01,5384,1.291,15.44,8.36,0,0,166
crud-rest-7c7fd547c9-rs5hs,23/01/2025 20:01,4.6,990.2,15.44,6.26,0,0,94
datainjector-98ccb8f89-wr5hg,23/01/2025 20:01,412.4,1018,15.44,6.43,0,0,95
postgres-7b7f6d75f9-q5dvq,23/01/2025 20:01,813.4,93.75,15.44,0.59,0,0,39
redis-65d8857849-9n6lp,23/01/2025 20:01,882.9,171.8,15.44,1.09,0,0,6
analyzer-79d4c78db5-g626p,23/01/2025 20:01,5366.1,1.347,15.44,8.72,0,0,168
crud-rest-7c7fd547c9-rs5hs,23/01/2025 20:01,3.7,990.2,15.44,6.26,0,0,94
datainjector-98ccb8f89-wr5hg,23/01/2025 20:01,963.5,1018,15.44,6.44,0,0,96
postgres-7b7f6d75f9-q5dvq,23/01/2025 20:01,884.8,94.08,15.44,0.59,0,0,39
redis-65d8857849-9n6lp,23/01/2025 20:01,851.1,177.9,15.44,1.12,0,0,6
analyzer-79d4c78db5-g626p,23/01/2025 20:01,5395.7,1.371,15.44,8.88,0,0,170
crud-rest-7c7fd547c9-rs5hs,23/01/2025 20:01,4,990.2,15.44,6.26,0,0,94
datainjector-98ccb8f89-wr5hg,23/01/2025 20:01,275.9,1018,15.44,6.43,0,0,96
postgres-7b7f6d75f9-q5dvq,23/01/2025 20:01,792.5,94.1,15.44,0.6,0,0,39
redis-65d8857849-9n6lp,23/01/2025 20:01,844.4,184.1,15.44,1.16,0,0,6
analyzer-79d4c78db5-g626p,23/01/2025 20:01,5624,1.393,15.44,9.02,0,0,173
crud-rest-7c7fd547c9-rs5hs,23/01/2025 20:01,3.8,990.2,15.44,6.26,0,0,94
datainjector-98ccb8f89-wr5hg,23/01/2025 20:01,297,1018,15.44,6.43,0,0,96
postgres-7b7f6d75f9-q5dvq,23/01/2025 20:01,900.5,94.15,15.44,0.6,0,0,39
redis-65d8857849-9n6lp,23/01/2025 20:01,849.5,190.1,15.44,1.2,0,0,6
analyzer-79d4c78db5-g626p,23/01/2025 20:01,5929.7,1.431,15.44,9.27,0,0,176
crud-rest-7c7fd547c9-rs5hs,23/01/2025 20:01,3.8,990.2,15.44,6.26,0,0,94
datainjector-98ccb8f89-wr5hg,23/01/2025 20:01,366.7,1018,15.44,6.43,0,0,96
postgres-7b7f6d75f9-q5dvq,23/01/2025 20:01,918.2,94.48,15.44,0.6,0,0,39
redis-65d8857849-9n6lp,23/01/2025 20:01,786,197,15.44,1.25,0,0,6
analyzer-79d4c78db5-g626p,23/01/2025 20:01,5655,1.432,15.44,9.27,0,0,177
crud-rest-7c7fd547c9-rs5hs,23/01/2025 20:01,3.8,990.3,15.44,6.26,0,0,95
datainjector-98ccb8f89-wr5hg,23/01/2025 20:01,379.8,1018,15.44,6.43,0,0,96
postgres-7b7f6d75f9-q5dvq,23/01/2025 20:01,832.9,94.5,15.44,0.6,0,0,39
redis-65d8857849-9n6lp,23/01/2025 20:01,797.5,203.5,15.44,1.29,0,0,6
analyzer-79d4c78db5-g626p,23/01/2025 20:01,5373.6,1.446,15.44,9.36,0,0,178
crud-rest-7c7fd547c9-rs5hs,23/01/2025 20:01,3.8,990.3,15.44,6.26,0,0,95
datainjector-98ccb8f89-wr5hg,23/01/2025 20:01,433.7,1018,15.44,6.43,0,0,96
postgres-7b7f6d75f9-q5dvq,23/01/2025 20:01,848.6,94.5,15.44,0.6,0,0,39
redis-65d8857849-9n6lp,23/01/2025 20:01,888.6,211.9,15.44,1.34,0,0,6
analyzer-79d4c78db5-g626p,23/01/2025 20:01,5601.1,1.462,15.44,9.47,0,0,180
crud-rest-7c7fd547c9-rs5hs,23/01/2025 20:01,3.3,990.3,15.44,6.26,0,0,95
datainjector-98ccb8f89-wr5hg,23/01/2025 20:01,370.5,1019,15.44,6.45,0,0,96
postgres-7b7f6d75f9-q5dvq,23/01/2025 20:01,888.3,94.5,15.44,0.6,0,0,39
redis-65d8857849-9n6lp,23/01/2025 20:01,828.4,216.4,15.44,1.37,0,0,6
analyzer-79d4c78db5-g626p,23/01/2025 20:01,5357,1.466,15.44,9.49,0,0,180
crud-rest-7c7fd547c9-rs5hs,23/01/2025 20:01,3.3,990.3,15.44,6.26,0,0,95
datainjector-98ccb8f89-wr5hg,23/01/2025 20:01,397.8,1019,15.44,6.44,0,0,95
postgres-7b7f6d75f9-q5dvq,23/01/2025 20:01,806,94.75,15.44,0.6,0,0,39
redis-65d8857849-9n6lp,23/01/2025 20:01,900.7,223.4,15.44,1.41,0,0,6
analyzer-79d4c78db5-g626p,23/01/2025 20:01,5297.9,1.483,15.44,9.6,0,0,182
crud-rest-7c7fd547c9-rs5hs,23/01/2025 20:01,3.5,990.3,15.44,6.26,0,0,95
datainjector-98ccb8f89-wr5hg,23/01/2025 20:01,391.7,1019,15.44,6.45,0,0,95
postgres-7b7f6d75f9-q5dvq,23/01/2025 20:01,869.4,94.75,15.44,0.6,0,0,39
redis-65d8857849-9n6lp,23/01/2025 20:01,923.7,231.7,15.44,1.46,0,0,6
analyzer-79d4c78db5-g626p,23/01/2025 20:01,5530.8,1.517,15.44,9.82,0,0,185
crud-rest-7c7fd547c9-rs5hs,23/01/2025 20:01,3.4,990.3,15.44,6.26,0,0,95
datainjector-98ccb8f89-wr5hg,23/01/2025 20:01,330.3,1019,15.44,6.44,0,0,95
postgres-7b7f6d75f9-q5dvq,23/01/2025 20:01,911.8,94.75,15.44,0.6,0,0,39
redis-65d8857849-9n6lp,23/01/2025 20:01,902.1,238,15.44,1.5,0,0,6
analyzer-79d4c78db5-g626p,23/01/2025 20:01,5670.1,1.518,15.44,9.83,0,0,186
crud-rest-7c7fd547c9-rs5hs,23/01/2025 20:01,3.7,990.3,15.44,6.26,0,0,95
datainjector-98ccb8f89-wr5hg,23/01/2025 20:01,472.2,1020,15.44,6.45,0,0,95
postgres-7b7f6d75f9-q5dvq,23/01/2025 20:01,930.3,94.75,15.44,0.6,0,0,39
redis-65d8857849-9n6lp,23/01/2025 20:01,852,253,15.44,1.6,0,0,6
analyzer-79d4c78db5-g626p,23/01/2025 20:01,5451.1,1.534,15.44,9.93,0,0,186
crud-rest-7c7fd547c9-rs5hs,23/01/2025 20:01,4.2,990.2,15.44,6.26,0,0,94
datainjector-98ccb8f89-wr5hg,23/01/2025 20:01,362.3,1021,15.44,6.45,0,0,95
postgres-7b7f6d75f9-q5dvq,23/01/2025 20:01,909.7,94.75,15.44,0.6,0,0,39
redis-65d8857849-9n6lp,23/01/2025 20:02,1685.6,273.1,15.44,1.73,0,0,7
analyzer-79d4c78db5-g626p,23/01/2025 20:02,4678.1,1.56,15.44,10.1,0,0,188
crud-rest-7c7fd547c9-rs5hs,23/01/2025 20:02,4.4,990.2,15.44,6.26,0,0,94
datainjector-98ccb8f89-wr5hg,23/01/2025 20:02,426.5,1021,15.44,6.45,0,0,95
postgres-7b7f6d75f9-q5dvq,23/01/2025 20:02,804.9,94.75,15.44,0.6,0,0,39
redis-65d8857849-9n6lp,23/01/2025 20:02,847.5,265.6,15.44,1.68,0,0,6
analyzer-79d4c78db5-g626p,23/01/2025 20:02,5134.3,1.599,15.44,10.35,0,0,190
crud-rest-7c7fd547c9-rs5hs,23/01/2025 20:02,4,990.2,15.44,6.26,0,0,94
datainjector-98ccb8f89-wr5hg,23/01/2025 20:02,496.1,1021,15.44,6.45,0,0,95
postgres-7b7f6d75f9-q5dvq,23/01/2025 20:02,793.7,94.75,15.44,0.6,0,0,39
redis-65d8857849-9n6lp,23/01/2025 20:02,791.7,272.1,15.44,1.72,0,0,6
analyzer-79d4c78db5-g626p,23/01/2025 20:02,7114.1,1.65,15.44,10.68,0,0,193
crud-rest-7c7fd547c9-rs5hs,23/01/2025 20:02,4.1,990.2,15.44,6.26,0,0,94
datainjector-98ccb8f89-wr5hg,23/01/2025 20:02,526.5,1021,15.44,6.45,0,0,96
postgres-7b7f6d75f9-q5dvq,23/01/2025 20:02,765.7,94.77,15.44,0.6,0,0,39
redis-65d8857849-9n6lp,23/01/2025 20:02,908.1,275.9,15.44,1.74,0,0,6
analyzer-79d4c78db5-g626p,23/01/2025 20:02,5300.3,1.65,15.44,10.68,0,0,193
crud-rest-7c7fd547c9-rs5hs,23/01/2025 20:02,8.2,990.2,15.44,6.26,0,0,94
datainjector-98ccb8f89-wr5hg,23/01/2025 20:02,340.2,1021,15.44,6.45,0,0,96
postgres-7b7f6d75f9-q5dvq,23/01/2025 20:02,916,94.77,15.44,0.6,0,0,39
redis-65d8857849-9n6lp,23/01/2025 20:02,928.1,281.4,15.44,1.78,0,0,6
analyzer-79d4c78db5-g626p,23/01/2025 20:02,5596.1,1.649,15.44,10.67,0,0,195
crud-rest-7c7fd547c9-rs5hs,23/01/2025 20:02,4.7,990.2,15.44,6.26,0,0,94
datainjector-98ccb8f89-wr5hg,23/01/2025 20:02,435.6,1021,15.44,6.45,0,0,96
postgres-7b7f6d75f9-q5dvq,23/01/2025 20:02,921.2,94.77,15.44,0.6,0,0,39
redis-65d8857849-9n6lp,23/01/2025 20:02,867.1,286.1,15.44,1.81,0,0,6
analyzer-79d4c78db5-g626p,23/01/2025 20:02,5101.7,1.653,15.44,10.7,0,0,197
crud-rest-7c7fd547c9-rs5hs,23/01/2025 20:02,3.6,990.2,15.44,6.26,0,0,94
datainjector-98ccb8f89-wr5hg,23/01/2025 20:02,430.5,1021,15.44,6.45,0,0,96
postgres-7b7f6d75f9-q5dvq,23/01/2025 20:02,872.8,94.77,15.44,0.6,0,0,39
redis-65d8857849-9n6lp,23/01/2025 20:02,748.7,292.1,15.44,1.85,0,0,6
analyzer-79d4c78db5-g626p,23/01/2025 20:02,5844.7,1.679,15.44,10.87,0,0,198
crud-rest-7c7fd547c9-rs5hs,23/01/2025 20:02,13.1,990.3,15.44,6.26,0,0,95
datainjector-98ccb8f89-wr5hg,23/01/2025 20:02,66.1,1021,15.44,6.45,0,0,96
postgres-7b7f6d75f9-q5dvq,23/01/2025 20:02,632.4,94.85,15.44,0.6,0,0,39
redis-65d8857849-9n6lp,23/01/2025 20:02,733.4,296.1,15.44,1.87,0,0,6
analyzer-79d4c78db5-g626p,23/01/2025 20:02,5247.6,1.679,15.44,10.87,0,0,199
crud-rest-7c7fd547c9-rs5hs,23/01/2025 20:02,28.5,990.3,15.44,6.26,0,0,95
datainjector-98ccb8f89-wr5hg,23/01/2025 20:02,388.5,1021,15.44,6.45,0,0,96
postgres-7b7f6d75f9-q5dvq,23/01/2025 20:02,892.1,94.85,15.44,0.6,0,0,39
redis-65d8857849-9n6lp,23/01/2025 20:02,830.7,300.8,15.44,1.9,0,0,6
analyzer-79d4c78db5-g626p,23/01/2025 20:02,5629.4,1.697,15.44,10.99,0,0,200
crud-rest-7c7fd547c9-rs5hs,23/01/2025 20:02,4.7,990.3,15.44,6.26,0,0,95
datainjector-98ccb8f89-wr5hg,23/01/2025 20:02,142.1,1021,15.44,6.45,0,0,96
postgres-7b7f6d75f9-q5dvq,23/01/2025 20:02,942.5,94.85,15.44,0.6,0,0,39
redis-65d8857849-9n6lp,23/01/2025 20:02,884.6,304.5,15.44,1.93,0,0,6
analyzer-79d4c78db5-g626p,23/01/2025 20:02,5592.7,1.698,15.44,10.99,0,0,202
crud-rest-7c7fd547c9-rs5hs,23/01/2025 20:02,7.9,990.3,15.44,6.26,0,0,95
datainjector-98ccb8f89-wr5hg,23/01/2025 20:02,221.2,1021,15.44,6.45,0,0,95
postgres-7b7f6d75f9-q5dvq,23/01/2025 20:02,900.5,94.86,15.44,0.6,0,0,39
redis-65d8857849-9n6lp,23/01/2025 20:02,792.5,309.1,15.44,1.95,0,0,6
analyzer-79d4c78db5-g626p,23/01/2025 20:02,5585.2,1.729,15.44,11.19,0,0,201
crud-rest-7c7fd547c9-rs5hs,23/01/2025 20:02,10.1,990.3,15.44,6.26,0,0,95
datainjector-98ccb8f89-wr5hg,23/01/2025 20:02,512.6,1021,15.44,6.45,0,0,95
postgres-7b7f6d75f9-q5dvq,23/01/2025 20:02,932.2,94.86,15.44,0.6,0,0,39
redis-65d8857849-9n6lp,23/01/2025 20:02,712.6,318.1,15.44,2.01,0,0,6
analyzer-79d4c78db5-g626p,23/01/2025 20:02,5803.5,1.735,15.44,11.24,0,0,203
crud-rest-7c7fd547c9-rs5hs,23/01/2025 20:02,9.1,990.3,15.44,6.26,0,0,95
datainjector-98ccb8f89-wr5hg,23/01/2025 20:02,542.8,1021,15.44,6.45,0,0,95
postgres-7b7f6d75f9-q5dvq,23/01/2025 20:02,829.4,94.86,15.44,0.6,0,0,39
redis-65d8857849-9n6lp,23/01/2025 20:02,832.2,325,15.44,2.05,0,0,6
analyzer-79d4c78db5-g626p,23/01/2025 20:02,5033.6,1.735,15.44,11.24,0,0,203
crud-rest-7c7fd547c9-rs5hs,23/01/2025 20:02,7.6,990.3,15.44,6.26,0,0,95
datainjector-98ccb8f89-wr5hg,23/01/2025 20:02,465.5,1021,15.44,6.45,0,0,95
postgres-7b7f6d75f9-q5dvq,23/01/2025 20:02,895,94.86,15.44,0.6,0,0,39
redis-65d8857849-9n6lp,23/01/2025 20:02,809.1,330.9,15.44,2.09,0,0,6
analyzer-79d4c78db5-g626p,23/01/2025 20:02,4779.5,1.776,15.44,11.5,0,0,207
crud-rest-7c7fd547c9-rs5hs,23/01/2025 20:02,4.4,990.2,15.44,6.26,0,0,94
datainjector-98ccb8f89-wr5hg,23/01/2025 20:02,559.9,1021,15.44,6.45,0,0,95
postgres-7b7f6d75f9-q5dvq,23/01/2025 20:02,810.4,94.86,15.44,0.6,0,0,39
redis-65d8857849-9n6lp,23/01/2025 20:03,845.7,336.9,15.44,2.13,0,0,6
analyzer-79d4c78db5-g626p,23/01/2025 20:03,5540.4,1.792,15.44,11.6,0,0,209
crud-rest-7c7fd547c9-rs5hs,23/01/2025 20:03,3.5,990.2,15.44,6.26,0,0,94
datainjector-98ccb8f89-wr5hg,23/01/2025 20:03,413.5,1021,15.44,6.45,0,0,95
postgres-7b7f6d75f9-q5dvq,23/01/2025 20:03,935.5,94.86,15.44,0.6,0,0,39
redis-65d8857849-9n6lp,23/01/2025 20:03,1670.3,356.3,15.44,2.25,0,0,7
analyzer-79d4c78db5-g626p,23/01/2025 20:03,5737.1,1.792,15.44,11.6,0,0,209
crud-rest-7c7fd547c9-rs5hs,23/01/2025 20:03,4.1,990.2,15.44,6.26,0,0,94
datainjector-98ccb8f89-wr5hg,23/01/2025 20:03,447.5,1021,15.44,6.46,0,0,95
postgres-7b7f6d75f9-q5dvq,23/01/2025 20:03,705,94.86,15.44,0.6,0,0,39
redis-65d8857849-9n6lp,23/01/2025 20:03,1237.4,349,15.44,2.21,0,0,6
analyzer-79d4c78db5-g626p,23/01/2025 20:03,4991.9,1.792,15.44,11.6,0,0,211
crud-rest-7c7fd547c9-rs5hs,23/01/2025 20:03,5.9,990.2,15.44,6.26,0,0,94
datainjector-98ccb8f89-wr5hg,23/01/2025 20:03,443.7,1021,15.44,6.46,0,0,95
postgres-7b7f6d75f9-q5dvq,23/01/2025 20:03,826.5,94.86,15.44,0.6,0,0,39
redis-65d8857849-9n6lp,23/01/2025 20:03,818.2,356.1,15.44,2.25,0,0,6
analyzer-79d4c78db5-g626p,23/01/2025 20:03,4879.3,1.83,15.44,11.85,0,0,211
crud-rest-7c7fd547c9-rs5hs,23/01/2025 20:03,15.6,990.3,15.44,6.26,0,0,94
datainjector-98ccb8f89-wr5hg,23/01/2025 20:03,516.6,1021,15.44,6.46,0,0,95
postgres-7b7f6d75f9-q5dvq,23/01/2025 20:03,841.2,94.86,15.44,0.6,0,0,39
redis-65d8857849-9n6lp,23/01/2025 20:03,773.9,360.2,15.44,2.28,0,0,6
analyzer-79d4c78db5-g626p,23/01/2025 20:03,6865.7,1.855,15.44,12.01,0,0,213
crud-rest-7c7fd547c9-rs5hs,23/01/2025 20:03,4.4,990.2,15.44,6.26,0,0,94
datainjector-98ccb8f89-wr5hg,23/01/2025 20:03,239.8,1020,15.44,6.45,0,0,95
postgres-7b7f6d75f9-q5dvq,23/01/2025 20:03,912.1,94.87,15.44,0.6,0,0,39
redis-65d8857849-9n6lp,23/01/2025 20:03,779.4,366.5,15.44,2.32,0,0,6
analyzer-79d4c78db5-g626p,23/01/2025 20:03,5637.8,1.863,15.44,12.06,0,0,214
crud-rest-7c7fd547c9-rs5hs,23/01/2025 20:03,10.3,990.2,15.44,6.26,0,0,94
datainjector-98ccb8f89-wr5hg,23/01/2025 20:03,145,1020,15.44,6.45,0,0,95
postgres-7b7f6d75f9-q5dvq,23/01/2025 20:03,934.7,94.86,15.44,0.6,0,0,39
redis-65d8857849-9n6lp,23/01/2025 20:03,860.4,373.5,15.44,2.36,0,0,6
analyzer-79d4c78db5-g626p,23/01/2025 20:03,6157.8,1.883,15.44,12.19,0,0,216
crud-rest-7c7fd547c9-rs5hs,23/01/2025 20:03,3.6,990.2,15.44,6.26,0,0,94
datainjector-98ccb8f89-wr5hg,23/01/2025 20:03,270.3,1020,15.44,6.45,0,0,95
postgres-7b7f6d75f9-q5dvq,23/01/2025 20:03,1025.9,94.86,15.44,0.6,0,0,39
redis-65d8857849-9n6lp,23/01/2025 20:03,766.1,379.8,15.44,2.4,0,0,6
analyzer-79d4c78db5-g626p,23/01/2025 20:03,6414.2,1.891,15.44,12.25,0,0,216
crud-rest-7c7fd547c9-rs5hs,23/01/2025 20:03,4.5,990.2,15.44,6.26,0,0,94
datainjector-98ccb8f89-wr5hg,23/01/2025 20:03,166.9,1020,15.44,6.45,0,0,95
postgres-7b7f6d75f9-q5dvq,23/01/2025 20:03,858.2,94.86,15.44,0.6,0,0,39
redis-65d8857849-9n6lp,23/01/2025 20:03,859.1,388.4,15.44,2.46,0,0,6
analyzer-79d4c78db5-g626p,23/01/2025 20:03,5479.1,1.903,15.44,12.32,0,0,216
crud-rest-7c7fd547c9-rs5hs,23/01/2025 20:03,4.7,990.2,15.44,6.26,0,0,94
datainjector-98ccb8f89-wr5hg,23/01/2025 20:03,495.8,1020,15.44,6.45,0,0,95
postgres-7b7f6d75f9-q5dvq,23/01/2025 20:03,921.2,94.86,15.44,0.6,0,0,39
redis-65d8857849-9n6lp,23/01/2025 20:03,825.1,394.8,15.44,2.5,0,0,6
analyzer-79d4c78db5-g626p,23/01/2025 20:03,5814.9,1.903,15.44,12.32,0,0,217
crud-rest-7c7fd547c9-rs5hs,23/01/2025 20:03,6.1,990.2,15.44,6.26,0,0,94
datainjector-98ccb8f89-wr5hg,23/01/2025 20:03,356.7,1020,15.44,6.45,0,0,94
postgres-7b7f6d75f9-q5dvq,23/01/2025 20:03,954.3,94.86,15.44,0.6,0,0,39
redis-65d8857849-9n6lp,23/01/2025 20:03,768.8,418.1,15.44,2.64,0,0,6
analyzer-79d4c78db5-g626p,23/01/2025 20:03,6283,1.904,15.44,12.32,0,0,218
crud-rest-7c7fd547c9-rs5hs,23/01/2025 20:03,19,990.2,15.44,6.26,0,0,94
datainjector-98ccb8f89-wr5hg,23/01/2025 20:03,440.3,1020,15.44,6.45,0,0,94
postgres-7b7f6d75f9-q5dvq,23/01/2025 20:03,875.1,94.86,15.44,0.6,0,0,39
redis-65d8857849-9n6lp,23/01/2025 20:03,923.6,422.2,15.44,2.67,0,0,6
analyzer-79d4c78db5-g626p,23/01/2025 20:03,5285.1,1.904,15.44,12.33,0,0,219
crud-rest-7c7fd547c9-rs5hs,23/01/2025 20:03,4.6,990.2,15.44,6.26,0,0,94
datainjector-98ccb8f89-wr5hg,23/01/2025 20:03,207.7,1020,15.44,6.45,0,0,94
postgres-7b7f6d75f9-q5dvq,23/01/2025 20:03,861.9,94.86,15.44,0.6,0,0,39
redis-65d8857849-9n6lp,23/01/2025 20:03,873,429.8,15.44,2.72,0,0,6
analyzer-79d4c78db5-g626p,23/01/2025 20:03,5773.4,1.904,15.44,12.33,0,0,219
crud-rest-7c7fd547c9-rs5hs,23/01/2025 20:03,4.3,990.1,15.44,6.26,0,0,93
datainjector-98ccb8f89-wr5hg,23/01/2025 20:03,46,1020,15.44,6.45,0,0,94
postgres-7b7f6d75f9-q5dvq,23/01/2025 20:03,937.8,94.87,15.44,0.6,0,0,39
redis-65d8857849-9n6lp,23/01/2025 20:03,801.9,436.2,15.44,2.76,0,0,6
analyzer-79d4c78db5-g626p,23/01/2025 20:03,6563.9,1.918,15.44,12.42,0,0,221
crud-rest-7c7fd547c9-rs5hs,23/01/2025 20:03,4.4,990.1,15.44,6.26,0,0,93
datainjector-98ccb8f89-wr5hg,23/01/2025 20:03,471.5,1020,15.44,6.45,0,0,94
postgres-7b7f6d75f9-q5dvq,23/01/2025 20:03,846.7,94.86,15.44,0.6,0,0,39
redis-65d8857849-9n6lp,23/01/2025 20:04,866.2,444.2,15.44,2.81,0,0,6
analyzer-79d4c78db5-g626p,23/01/2025 20:04,5672.4,1.938,15.44,12.55,0,0,222
crud-rest-7c7fd547c9-rs5hs,23/01/2025 20:04,5,990.1,15.44,6.26,0,0,93
datainjector-98ccb8f89-wr5hg,23/01/2025 20:04,429.4,1020,15.44,6.45,0,0,94
postgres-7b7f6d75f9-q5dvq,23/01/2025 20:04,980.5,94.86,15.44,0.6,0,0,39
redis-65d8857849-9n6lp,23/01/2025 20:04,858.6,448.8,15.44,2.84,0,0,6
analyzer-79d4c78db5-g626p,23/01/2025 20:04,5482.1,1.982,15.44,12.84,0,0,225
crud-rest-7c7fd547c9-rs5hs,23/01/2025 20:04,6.8,990.1,15.44,6.26,0,0,93
datainjector-98ccb8f89-wr5hg,23/01/2025 20:04,408,1020,15.44,6.45,0,0,96
postgres-7b7f6d75f9-q5dvq,23/01/2025 20:04,939.6,94.87,15.44,0.6,0,0,39
redis-65d8857849-9n6lp,23/01/2025 20:04,1471.9,472.1,15.44,2.99,0,0,7
analyzer-79d4c78db5-g626p,23/01/2025 20:04,5888.4,1.982,15.44,12.83,0,0,224
crud-rest-7c7fd547c9-rs5hs,23/01/2025 20:04,6.5,990.1,15.44,6.26,0,0,93
datainjector-98ccb8f89-wr5hg,23/01/2025 20:04,429.5,1020,15.44,6.45,0,0,96
postgres-7b7f6d75f9-q5dvq,23/01/2025 20:04,881.2,94.87,15.44,0.6,0,0,39
redis-65d8857849-9n6lp,23/01/2025 20:04,1648.8,484.8,15.44,3.07,0,0,7
analyzer-79d4c78db5-g626p,23/01/2025 20:04,4939.8,1.994,15.44,12.91,0,0,226
crud-rest-7c7fd547c9-rs5hs,23/01/2025 20:04,12,990.1,15.44,6.26,0,0,93
datainjector-98ccb8f89-wr5hg,23/01/2025 20:04,325.3,1020,15.44,6.45,0,0,96
postgres-7b7f6d75f9-q5dvq,23/01/2025 20:04,796.8,94.87,15.44,0.6,0,0,39
redis-65d8857849-9n6lp,23/01/2025 20:04,1679.2,473.4,15.44,2.99,0,0,7
analyzer-79d4c78db5-g626p,23/01/2025 20:04,5465,2.008,15.44,13,0,0,227
crud-rest-7c7fd547c9-rs5hs,23/01/2025 20:04,4.6,990.1,15.44,6.26,0,0,93
datainjector-98ccb8f89-wr5hg,23/01/2025 20:04,494.3,1020,15.44,6.45,0,0,96
postgres-7b7f6d75f9-q5dvq,23/01/2025 20:04,783.3,95.12,15.44,0.6,0,0,39
redis-65d8857849-9n6lp,23/01/2025 20:04,897.4,476.1,15.44,3.01,0,0,6
analyzer-79d4c78db5-g626p,23/01/2025 20:04,5686.2,2.008,15.44,13,0,0,229
crud-rest-7c7fd547c9-rs5hs,23/01/2025 20:04,5.8,990.3,15.44,6.26,0,0,95
datainjector-98ccb8f89-wr5hg,23/01/2025 20:04,364.9,1020,15.44,6.45,0,0,96
postgres-7b7f6d75f9-q5dvq,23/01/2025 20:04,854.5,95.11,15.44,0.6,0,0,39
redis-65d8857849-9n6lp,23/01/2025 20:04,845.4,474,15.44,3,0,0,6
analyzer-79d4c78db5-g626p,23/01/2025 20:04,5251.2,2.028,15.44,13.13,0,0,229
crud-rest-7c7fd547c9-rs5hs,23/01/2025 20:04,5,990.3,15.44,6.26,0,0,95
datainjector-98ccb8f89-wr5hg,23/01/2025 20:04,379,1023,15.44,6.47,0,0,96
postgres-7b7f6d75f9-q5dvq,23/01/2025 20:04,877.4,95.12,15.44,0.6,0,0,39
redis-65d8857849-9n6lp,23/01/2025 20:04,866.8,480.4,15.44,3.04,0,0,6
analyzer-79d4c78db5-g626p,23/01/2025 20:04,5871.5,2.028,15.44,13.13,0,0,231
crud-rest-7c7fd547c9-rs5hs,23/01/2025 20:04,4.5,990.3,15.44,6.26,0,0,95
datainjector-98ccb8f89-wr5hg,23/01/2025 20:04,442.6,1023,15.44,6.47,0,0,96
postgres-7b7f6d75f9-q5dvq,23/01/2025 20:04,961.9,95.12,15.44,0.6,0,0,39
redis-65d8857849-9n6lp,23/01/2025 20:04,818.2,487.5,15.44,3.08,0,0,6
analyzer-79d4c78db5-g626p,23/01/2025 20:04,5805.7,2.068,15.44,13.39,0,0,233
crud-rest-7c7fd547c9-rs5hs,23/01/2025 20:04,4.1,990.3,15.44,6.26,0,0,95
datainjector-98ccb8f89-wr5hg,23/01/2025 20:04,316.7,1024,15.44,6.47,0,0,95
postgres-7b7f6d75f9-q5dvq,23/01/2025 20:04,992.2,95.12,15.44,0.6,0,0,39
redis-65d8857849-9n6lp,23/01/2025 20:04,736.1,493.6,15.44,3.12,0,0,6
analyzer-79d4c78db5-g626p,23/01/2025 20:04,6905.3,2.082,15.44,13.48,0,0,232
crud-rest-7c7fd547c9-rs5hs,23/01/2025 20:04,7.3,990.3,15.44,6.26,0,0,95
datainjector-98ccb8f89-wr5hg,23/01/2025 20:04,206.4,1024,15.44,6.47,0,0,95
postgres-7b7f6d75f9-q5dvq,23/01/2025 20:04,881.6,95.12,15.44,0.6,0,0,39
redis-65d8857849-9n6lp,23/01/2025 20:04,863.5,501.8,15.44,3.17,0,0,6
analyzer-79d4c78db5-g626p,23/01/2025 20:04,5436.1,2.082,15.44,13.48,0,0,233
crud-rest-7c7fd547c9-rs5hs,23/01/2025 20:04,5.3,990.3,15.44,6.26,0,0,95
datainjector-98ccb8f89-wr5hg,23/01/2025 20:04,472,1023,15.44,6.47,0,0,95
postgres-7b7f6d75f9-q5dvq,23/01/2025 20:04,963.9,95.12,15.44,0.6,0,0,39
redis-65d8857849-9n6lp,23/01/2025 20:04,827.7,508,15.44,3.21,0,0,6
analyzer-79d4c78db5-g626p,23/01/2025 20:04,5827.2,2.082,15.44,13.48,0,0,233
crud-rest-7c7fd547c9-rs5hs,23/01/2025 20:04,3.7,990.3,15.44,6.26,0,0,95
datainjector-98ccb8f89-wr5hg,23/01/2025 20:04,368.7,1.001,15.44,6.48,0,0,95
postgres-7b7f6d75f9-q5dvq,23/01/2025 20:04,996.2,95.12,15.44,0.6,0,0,39
redis-65d8857849-9n6lp,23/01/2025 20:04,804.7,514.5,15.44,3.25,0,0,6
analyzer-79d4c78db5-g626p,23/01/2025 20:04,6046.5,2.082,15.44,13.48,0,0,236
crud-rest-7c7fd547c9-rs5hs,23/01/2025 20:04,5.5,990.2,15.44,6.26,0,0,94
datainjector-98ccb8f89-wr5hg,23/01/2025 20:04,262.5,1.001,15.44,6.48,0,0,95
postgres-7b7f6d75f9-q5dvq,23/01/2025 20:04,912.3,95.12,15.44,0.6,0,0,39
redis-65d8857849-9n6lp,23/01/2025 20:05,838.7,519.6,15.44,3.29,0,0,6
analyzer-79d4c78db5-g626p,23/01/2025 20:05,5806.8,2.102,15.44,13.61,0,0,238
crud-rest-7c7fd547c9-rs5hs,23/01/2025 20:05,6,990.2,15.44,6.26,0,0,94
datainjector-98ccb8f89-wr5hg,23/01/2025 20:05,118.7,1.001,15.44,6.48,0,0,95
postgres-7b7f6d75f9-q5dvq,23/01/2025 20:05,889.1,95.11,15.44,0.6,0,0,39
redis-65d8857849-9n6lp,23/01/2025 20:05,779.6,528.1,15.44,3.34,0,0,6
analyzer-79d4c78db5-g626p,23/01/2025 20:05,6309.7,2.104,15.44,13.62,0,0,238
crud-rest-7c7fd547c9-rs5hs,23/01/2025 20:05,3.9,990.2,15.44,6.26,0,0,94
datainjector-98ccb8f89-wr5hg,23/01/2025 20:05,233.8,1.001,15.44,6.48,0,0,95
postgres-7b7f6d75f9-q5dvq,23/01/2025 20:05,822,95.11,15.44,0.6,0,0,39
redis-65d8857849-9n6lp,23/01/2025 20:05,783,535.7,15.44,3.39,0,0,6
analyzer-79d4c78db5-g626p,23/01/2025 20:05,5746.1,2.104,15.44,13.62,0,0,238
crud-rest-7c7fd547c9-rs5hs,23/01/2025 20:05,3.3,990.2,15.44,6.26,0,0,94
datainjector-98ccb8f89-wr5hg,23/01/2025 20:05,296.6,1.001,15.44,6.48,0,0,96
postgres-7b7f6d75f9-q5dvq,23/01/2025 20:05,976.6,95.11,15.44,0.6,0,0,39
redis-65d8857849-9n6lp,23/01/2025 20:05,831.2,543.1,15.44,3.43,0,0,6
analyzer-79d4c78db5-g626p,23/01/2025 20:05,5538.4,2.131,15.44,13.8,0,0,238
crud-rest-7c7fd547c9-rs5hs,23/01/2025 20:05,8.4,990.2,15.44,6.26,0,0,94
datainjector-98ccb8f89-wr5hg,23/01/2025 20:05,453.5,1.001,15.44,6.48,0,0,96
postgres-7b7f6d75f9-q5dvq,23/01/2025 20:05,956.2,95.11,15.44,0.6,0,0,39
redis-65d8857849-9n6lp,23/01/2025 20:05,798.7,547.3,15.44,3.46,0,0,6
analyzer-79d4c78db5-g626p,23/01/2025 20:05,4862.4,2.134,15.44,13.82,0,0,241
crud-rest-7c7fd547c9-rs5hs,23/01/2025 20:05,10.6,990.2,15.44,6.26,0,0,94
datainjector-98ccb8f89-wr5hg,23/01/2025 20:05,533.1,1.001,15.44,6.48,0,0,96
postgres-7b7f6d75f9-q5dvq,23/01/2025 20:05,840.3,95.11,15.44,0.6,0,0,39
redis-65d8857849-9n6lp,23/01/2025 20:05,824,553,15.44,3.5,0,0,6
analyzer-79d4c78db5-g626p,23/01/2025 20:05,4377,2.17,15.44,14.05,0,0,241
crud-rest-7c7fd547c9-rs5hs,23/01/2025 20:05,4.4,990.2,15.44,6.26,0,0,94
datainjector-98ccb8f89-wr5hg,23/01/2025 20:05,430.1,1.001,15.44,6.48,0,0,96
postgres-7b7f6d75f9-q5dvq,23/01/2025 20:05,739.3,95.1,15.44,0.6,0,0,39
redis-65d8857849-9n6lp,23/01/2025 20:05,1843.8,580.8,15.44,3.67,0,0,7
analyzer-79d4c78db5-g626p,23/01/2025 20:05,6038.8,2.17,15.44,14.05,0,0,244
crud-rest-7c7fd547c9-rs5hs,23/01/2025 20:05,5.7,990.2,15.44,6.26,0,0,94
datainjector-98ccb8f89-wr5hg,23/01/2025 20:05,336.4,1.001,15.44,6.48,0,0,96
postgres-7b7f6d75f9-q5dvq,23/01/2025 20:05,880.8,95.1,15.44,0.6,0,0,39
redis-65d8857849-9n6lp,23/01/2025 20:05,1690.1,587.4,15.44,3.71,0,0,7
analyzer-79d4c78db5-g626p,23/01/2025 20:05,4886,2.174,15.44,14.07,0,0,245
crud-rest-7c7fd547c9-rs5hs,23/01/2025 20:05,16.4,990.2,15.44,6.26,0,0,94
datainjector-98ccb8f89-wr5hg,23/01/2025 20:05,110,1.001,15.44,6.48,0,0,96
postgres-7b7f6d75f9-q5dvq,23/01/2025 20:05,800.7,95.1,15.44,0.6,0,0,39
redis-65d8857849-9n6lp,23/01/2025 20:05,1355.3,572.5,15.44,3.62,0,0,6
analyzer-79d4c78db5-g626p,23/01/2025 20:05,6218.7,2.174,15.44,14.07,0,0,247
crud-rest-7c7fd547c9-rs5hs,23/01/2025 20:05,5.4,990.2,15.44,6.26,0,0,94
datainjector-98ccb8f89-wr5hg,23/01/2025 20:05,158.3,1.001,15.44,6.48,0,0,96
postgres-7b7f6d75f9-q5dvq,23/01/2025 20:05,998.6,95.1,15.44,0.6,0,0,39
redis-65d8857849-9n6lp,23/01/2025 20:05,815.8,578.3,15.44,3.66,0,0,6
analyzer-79d4c78db5-g626p,23/01/2025 20:05,5077.3,2.197,15.44,14.23,0,0,246
crud-rest-7c7fd547c9-rs5hs,23/01/2025 20:05,6.4,990.2,15.44,6.26,0,0,94
datainjector-98ccb8f89-wr5hg,23/01/2025 20:05,497.7,1.001,15.44,6.48,0,0,95
postgres-7b7f6d75f9-q5dvq,23/01/2025 20:05,926.2,95.1,15.44,0.6,0,0,39
redis-65d8857849-9n6lp,23/01/2025 20:05,783,587.3,15.44,3.71,0,0,6
analyzer-79d4c78db5-g626p,23/01/2025 20:05,6238.5,2.223,15.44,14.39,0,0,248
crud-rest-7c7fd547c9-rs5hs,23/01/2025 20:05,3.5,990.2,15.44,6.26,0,0,94
datainjector-98ccb8f89-wr5hg,23/01/2025 20:05,534.9,1.001,15.44,6.48,0,0,95
postgres-7b7f6d75f9-q5dvq,23/01/2025 20:05,771.9,95.1,15.44,0.6,0,0,39
redis-65d8857849-9n6lp,23/01/2025 20:05,823.7,593.2,15.44,3.75,0,0,6
analyzer-79d4c78db5-g626p,23/01/2025 20:05,5854.7,2.223,15.44,14.39,0,0,249
crud-rest-7c7fd547c9-rs5hs,23/01/2025 20:05,3.5,990.2,15.44,6.26,0,0,94
datainjector-98ccb8f89-wr5hg,23/01/2025 20:05,309,1.001,15.44,6.48,0,0,95
postgres-7b7f6d75f9-q5dvq,23/01/2025 20:05,956,95.1,15.44,0.6,0,0,39
redis-65d8857849-9n6lp,23/01/2025 20:05,718.5,598.2,15.44,3.78,0,0,6
analyzer-79d4c78db5-g626p,23/01/2025 20:05,5509.1,2.223,15.44,14.39,0,0,250
crud-rest-7c7fd547c9-rs5hs,23/01/2025 20:05,6.2,990.1,15.44,6.26,0,0,93
datainjector-98ccb8f89-wr5hg,23/01/2025 20:05,286.5,1.001,15.44,6.48,0,0,95
postgres-7b7f6d75f9-q5dvq,23/01/2025 20:05,945,95.1,15.44,0.6,0,0,39
redis-65d8857849-9n6lp,23/01/2025 20:05,823.7,607.2,15.44,3.84,0,0,6
analyzer-79d4c78db5-g626p,23/01/2025 20:05,5902.4,2.216,15.44,14.35,0,0,250
crud-rest-7c7fd547c9-rs5hs,23/01/2025 20:05,5.6,990.1,15.44,6.26,0,0,93
datainjector-98ccb8f89-wr5hg,23/01/2025 20:05,422.7,1.001,15.44,6.48,0,0,95
postgres-7b7f6d75f9-q5dvq,23/01/2025 20:05,908.2,95.1,15.44,0.6,0,0,39
redis-65d8857849-9n6lp,23/01/2025 20:06,760.4,612,15.44,3.87,0,0,6
analyzer-79d4c78db5-g626p,23/01/2025 20:06,5824.9,2.231,15.44,14.45,0,0,250
crud-rest-7c7fd547c9-rs5hs,23/01/2025 20:06,4.2,990.1,15.44,6.26,0,0,93
datainjector-98ccb8f89-wr5hg,23/01/2025 20:06,419.9,1.001,15.44,6.48,0,0,95
postgres-7b7f6d75f9-q5dvq,23/01/2025 20:06,997.9,95.23,15.44,0.6,0,0,39
redis-65d8857849-9n6lp,23/01/2025 20:06,834.7,618.9,15.44,3.91,0,0,6
analyzer-79d4c78db5-g626p,23/01/2025 20:06,5463.4,2.231,15.44,14.45,0,0,253
crud-rest-7c7fd547c9-rs5hs,23/01/2025 20:06,6.4,990.1,15.44,6.26,0,0,93
datainjector-98ccb8f89-wr5hg,23/01/2025 20:06,552.7,1.001,15.44,6.48,0,0,95
postgres-7b7f6d75f9-q5dvq,23/01/2025 20:06,928.2,95.11,15.44,0.6,0,0,39
redis-65d8857849-9n6lp,23/01/2025 20:06,864.8,626.4,15.44,3.96,0,0,6
analyzer-79d4c78db5-g626p,23/01/2025 20:06,5502.5,2.231,15.44,14.45,0,0,255
crud-rest-7c7fd547c9-rs5hs,23/01/2025 20:06,5.4,990.1,15.44,6.26,0,0,93
datainjector-98ccb8f89-wr5hg,23/01/2025 20:06,516.8,1.002,15.44,6.49,0,0,97
postgres-7b7f6d75f9-q5dvq,23/01/2025 20:06,904.1,95.11,15.44,0.6,0,0,39
redis-65d8857849-9n6lp,23/01/2025 20:06,916.5,634,15.44,4.01,0,0,6
analyzer-79d4c78db5-g626p,23/01/2025 20:06,5323.8,2.231,15.44,14.45,0,0,254
crud-rest-7c7fd547c9-rs5hs,23/01/2025 20:06,4.2,990.1,15.44,6.26,0,0,93
datainjector-98ccb8f89-wr5hg,23/01/2025 20:06,317.1,1.002,15.44,6.49,0,0,97
postgres-7b7f6d75f9-q5dvq,23/01/2025 20:06,851.4,95.11,15.44,0.6,0,0,39
redis-65d8857849-9n6lp,23/01/2025 20:06,757.1,638.9,15.44,4.04,0,0,6
analyzer-79d4c78db5-g626p,23/01/2025 20:06,4681.4,2.251,15.44,14.58,0,0,255
crud-rest-7c7fd547c9-rs5hs,23/01/2025 20:06,5,990.1,15.44,6.26,0,0,93
datainjector-98ccb8f89-wr5hg,23/01/2025 20:06,549.7,1.002,15.44,6.49,0,0,95
postgres-7b7f6d75f9-q5dvq,23/01/2025 20:06,826.5,95.11,15.44,0.6,0,0,39
redis-65d8857849-9n6lp,23/01/2025 20:06,811.9,645.8,15.44,4.08,0,0,6
analyzer-79d4c78db5-g626p,23/01/2025 20:06,5583.7,2.252,15.44,14.58,0,0,258
crud-rest-7c7fd547c9-rs5hs,23/01/2025 20:06,3.7,990.3,15.44,6.26,0,0,95
datainjector-98ccb8f89-wr5hg,23/01/2025 20:06,240.2,1.002,15.44,6.48,0,0,95
postgres-7b7f6d75f9-q5dvq,23/01/2025 20:06,870,95.11,15.44,0.6,0,0,39
redis-65d8857849-9n6lp,23/01/2025 20:06,875.1,653,15.44,4.13,0,0,6
analyzer-79d4c78db5-g626p,23/01/2025 20:06,5750,2.299,15.44,14.89,0,0,258
crud-rest-7c7fd547c9-rs5hs,23/01/2025 20:06,4.9,990.3,15.44,6.26,0,0,95
datainjector-98ccb8f89-wr5hg,23/01/2025 20:06,326.2,1.002,15.44,6.49,0,0,95
postgres-7b7f6d75f9-q5dvq,23/01/2025 20:06,874.9,95.11,15.44,0.6,0,0,39
redis-65d8857849-9n6lp,23/01/2025 20:06,774.1,660.7,15.44,4.18,0,0,6
analyzer-79d4c78db5-g626p,23/01/2025 20:06,6542.4,2.321,15.44,15.03,0,0,259
crud-rest-7c7fd547c9-rs5hs,23/01/2025 20:06,3.5,990.3,15.44,6.26,0,0,95
datainjector-98ccb8f89-wr5hg,23/01/2025 20:06,469.6,1.002,15.44,6.48,0,0,95
postgres-7b7f6d75f9-q5dvq,23/01/2025 20:06,848.6,95.11,15.44,0.6,0,0,39
redis-65d8857849-9n6lp,23/01/2025 20:06,1793.6,687.4,15.44,4.35,0,0,7
analyzer-79d4c78db5-g626p,23/01/2025 20:06,4973.1,2.321,15.44,15.03,0,0,261
crud-rest-7c7fd547c9-rs5hs,23/01/2025 20:06,4.5,990.3,15.44,6.26,0,0,95
datainjector-98ccb8f89-wr5hg,23/01/2025 20:06,317.9,1.002,15.44,6.48,0,0,94
postgres-7b7f6d75f9-q5dvq,23/01/2025 20:06,861.8,95.11,15.44,0.6,0,0,39
redis-65d8857849-9n6lp,23/01/2025 20:06,1732.3,694.8,15.44,4.39,0,0,7
analyzer-79d4c78db5-g626p,23/01/2025 20:06,5685.4,2.321,15.44,15.03,0,0,262
crud-rest-7c7fd547c9-rs5hs,23/01/2025 20:06,8.5,990.3,15.44,6.26,0,0,95
datainjector-98ccb8f89-wr5hg,23/01/2025 20:06,428,1.002,15.44,6.48,0,0,94
postgres-7b7f6d75f9-q5dvq,23/01/2025 20:06,904,95.11,15.44,0.6,0,0,39
redis-65d8857849-9n6lp,23/01/2025 20:06,1763.7,701.4,15.44,4.44,0,0,7
analyzer-79d4c78db5-g626p,23/01/2025 20:06,4763.5,2.359,15.44,15.27,0,0,263
crud-rest-7c7fd547c9-rs5hs,23/01/2025 20:06,4.3,990.3,15.44,6.26,0,0,95
datainjector-98ccb8f89-wr5hg,23/01/2025 20:06,571.5,1.001,15.44,6.48,0,0,94
postgres-7b7f6d75f9-q5dvq,23/01/2025 20:06,856.1,95.11,15.44,0.6,0,0,39
redis-65d8857849-9n6lp,23/01/2025 20:06,1772,688.9,15.44,4.36,0,0,7
analyzer-79d4c78db5-g626p,23/01/2025 20:06,4706.7,2.359,15.44,15.27,0,0,264
crud-rest-7c7fd547c9-rs5hs,23/01/2025 20:06,10.9,990.3,15.44,6.26,0,0,95
datainjector-98ccb8f89-wr5hg,23/01/2025 20:06,594.8,1.002,15.44,6.49,0,0,96
postgres-7b7f6d75f9-q5dvq,23/01/2025 20:06,801.7,95.09,15.44,0.6,0,0,39
redis-65d8857849-9n6lp,23/01/2025 20:06,832.9,690,15.44,4.36,0,0,6
analyzer-79d4c78db5-g626p,23/01/2025 20:06,5406.7,2.389,15.44,15.47,0,0,267
crud-rest-7c7fd547c9-rs5hs,23/01/2025 20:06,6.3,990.2,15.44,6.26,0,0,94
datainjector-98ccb8f89-wr5hg,23/01/2025 20:06,508.4,1.002,15.44,6.48,0,0,94
postgres-7b7f6d75f9-q5dvq,23/01/2025 20:06,894.9,95.09,15.44,0.6,0,0,39
redis-65d8857849-9n6lp,23/01/2025 20:07,781.7,694.3,15.44,4.39,0,0,6
analyzer-79d4c78db5-g626p,23/01/2025 20:07,5212.9,2.389,15.44,15.47,0,0,269
crud-rest-7c7fd547c9-rs5hs,23/01/2025 20:07,8.5,990.2,15.44,6.26,0,0,94
datainjector-98ccb8f89-wr5hg,23/01/2025 20:07,61.9,1.002,15.44,6.48,0,0,94
postgres-7b7f6d75f9-q5dvq,23/01/2025 20:07,800.1,95.11,15.44,0.6,0,0,39
redis-65d8857849-9n6lp,23/01/2025 20:07,845.5,700.9,15.44,4.43,0,0,6
analyzer-79d4c78db5-g626p,23/01/2025 20:07,6402.5,2.412,15.44,15.61,0,0,269
crud-rest-7c7fd547c9-rs5hs,23/01/2025 20:07,4.4,990.2,15.44,6.26,0,0,94
datainjector-98ccb8f89-wr5hg,23/01/2025 20:07,337.8,1.002,15.44,6.48,0,0,94
postgres-7b7f6d75f9-q5dvq,23/01/2025 20:07,864.5,95.11,15.44,0.6,0,0,39
redis-65d8857849-9n6lp,23/01/2025 20:07,803.6,710.6,15.44,4.49,0,0,6
analyzer-79d4c78db5-g626p,23/01/2025 20:07,5378.5,2.411,15.44,15.61,0,0,270
crud-rest-7c7fd547c9-rs5hs,23/01/2025 20:07,5.2,990.2,15.44,6.26,0,0,94
datainjector-98ccb8f89-wr5hg,23/01/2025 20:07,376.4,1.002,15.44,6.49,0,0,96
postgres-7b7f6d75f9-q5dvq,23/01/2025 20:07,940.1,95.11,15.44,0.6,0,0,39
redis-65d8857849-9n6lp,23/01/2025 20:07,918.9,746.6,15.44,4.72,0,0,6
analyzer-79d4c78db5-g626p,23/01/2025 20:07,5652.6,2.445,15.44,15.83,0,0,274
crud-rest-7c7fd547c9-rs5hs,23/01/2025 20:07,6.1,990.2,15.44,6.26,0,0,94
datainjector-98ccb8f89-wr5hg,23/01/2025 20:07,357.6,1.002,15.44,6.49,0,0,98
postgres-7b7f6d75f9-q5dvq,23/01/2025 20:07,916.8,95.09,15.44,0.6,0,0,39
redis-65d8857849-9n6lp,23/01/2025 20:07,858.6,754.1,15.44,4.77,0,0,6
analyzer-79d4c78db5-g626p,23/01/2025 20:07,5405,2.445,15.44,15.83,0,0,275
crud-rest-7c7fd547c9-rs5hs,23/01/2025 20:07,5.4,990.2,15.44,6.26,0,0,94
datainjector-98ccb8f89-wr5hg,23/01/2025 20:07,582.8,1.002,15.44,6.49,0,0,98
postgres-7b7f6d75f9-q5dvq,23/01/2025 20:07,909.3,95.09,15.44,0.6,0,0,39
redis-65d8857849-9n6lp,23/01/2025 20:07,793.8,761.5,15.44,4.82,0,0,6
analyzer-79d4c78db5-g626p,23/01/2025 20:07,5536.8,2.469,15.44,15.99,0,0,275
crud-rest-7c7fd547c9-rs5hs,23/01/2025 20:07,3.6,990.2,15.44,6.26,0,0,94
datainjector-98ccb8f89-wr5hg,23/01/2025 20:07,408.2,1.002,15.44,6.49,0,0,96
postgres-7b7f6d75f9-q5dvq,23/01/2025 20:07,864.4,95.11,15.44,0.6,0,0,39
redis-65d8857849-9n6lp,23/01/2025 20:07,879.4,765.7,15.44,4.84,0,0,6
analyzer-79d4c78db5-g626p,23/01/2025 20:07,5244.8,2.47,15.44,15.99,0,0,277
crud-rest-7c7fd547c9-rs5hs,23/01/2025 20:07,3.8,990.3,15.44,6.26,0,0,95
datainjector-98ccb8f89-wr5hg,23/01/2025 20:07,272,1.002,15.44,6.49,0,0,96
postgres-7b7f6d75f9-q5dvq,23/01/2025 20:07,866.6,95.11,15.44,0.6,0,0,39
redis-65d8857849-9n6lp,23/01/2025 20:07,795.4,773.7,15.44,4.89,0,0,6
analyzer-79d4c78db5-g626p,23/01/2025 20:07,5535.8,2.542,15.44,16.46,0,0,280
crud-rest-7c7fd547c9-rs5hs,23/01/2025 20:07,5,990.3,15.44,6.26,0,0,95
datainjector-98ccb8f89-wr5hg,23/01/2025 20:07,167.4,1.002,15.44,6.49,0,0,96
postgres-7b7f6d75f9-q5dvq,23/01/2025 20:07,882.9,95.11,15.44,0.6,0,0,39
redis-65d8857849-9n6lp,23/01/2025 20:07,829.2,779.8,15.44,4.93,0,0,6
analyzer-79d4c78db5-g626p,23/01/2025 20:07,5198.1,2.542,15.44,16.46,0,0,281
crud-rest-7c7fd547c9-rs5hs,23/01/2025 20:07,9.1,990.3,15.44,6.26,0,0,95
datainjector-98ccb8f89-wr5hg,23/01/2025 20:07,570.3,1.002,15.44,6.49,0,0,96
postgres-7b7f6d75f9-q5dvq,23/01/2025 20:07,884.4,95.11,15.44,0.6,0,0,39
redis-65d8857849-9n6lp,23/01/2025 20:07,753.9,785.7,15.44,4.97,0,0,6
analyzer-79d4c78db5-g626p,23/01/2025 20:07,5819.7,2.572,15.44,16.65,0,0,281
crud-rest-7c7fd547c9-rs5hs,23/01/2025 20:07,7.4,990.3,15.44,6.26,0,0,95
datainjector-98ccb8f89-wr5hg,23/01/2025 20:07,507.2,1.002,15.44,6.49,0,0,95
postgres-7b7f6d75f9-q5dvq,23/01/2025 20:07,829.2,95.11,15.44,0.6,0,0,39
redis-65d8857849-9n6lp,23/01/2025 20:07,876.7,791.5,15.44,5,0,0,6
analyzer-79d4c78db5-g626p,23/01/2025 20:07,4917,2.576,15.44,16.68,0,0,284
crud-rest-7c7fd547c9-rs5hs,23/01/2025 20:07,6,990.3,15.44,6.26,0,0,95
datainjector-98ccb8f89-wr5hg,23/01/2025 20:07,365.5,1.002,15.44,6.49,0,0,95
postgres-7b7f6d75f9-q5dvq,23/01/2025 20:07,791.3,95.8,15.44,0.61,0,0,39
redis-65d8857849-9n6lp,23/01/2025 20:07,900.9,797.2,15.44,5.04,0,0,6
analyzer-79d4c78db5-g626p,23/01/2025 20:07,5460.8,2.576,15.44,16.68,0,0,285
crud-rest-7c7fd547c9-rs5hs,23/01/2025 20:07,259.5,990.3,15.44,6.26,0,0,95
datainjector-98ccb8f89-wr5hg,23/01/2025 20:07,371.7,1.002,15.44,6.49,0,0,95
postgres-7b7f6d75f9-q5dvq,23/01/2025 20:07,884.6,95.8,15.44,0.61,0,0,39
redis-65d8857849-9n6lp,23/01/2025 20:07,1040.3,810.1,15.44,5.12,0,0,7
analyzer-79d4c78db5-g626p,23/01/2025 20:07,5657.4,2.611,15.44,16.9,0,0,286
crud-rest-7c7fd547c9-rs5hs,23/01/2025 20:07,4.7,990.2,15.44,6.26,0,0,94
datainjector-98ccb8f89-wr5hg,23/01/2025 20:07,296.1,1.002,15.44,6.49,0,0,95
postgres-7b7f6d75f9-q5dvq,23/01/2025 20:07,765.8,95.8,15.44,0.61,0,0,39
redis-65d8857849-9n6lp,23/01/2025 20:07,1873,845.7,15.44,5.35,0,0,7
analyzer-79d4c78db5-g626p,23/01/2025 20:07,5248.6,2.611,15.44,16.9,0,0,290
crud-rest-7c7fd547c9-rs5hs,23/01/2025 20:07,4.1,990.2,15.44,6.26,0,0,94
datainjector-98ccb8f89-wr5hg,23/01/2025 20:07,292.8,1.002,15.44,6.49,0,0,95
postgres-7b7f6d75f9-q5dvq,23/01/2025 20:07,916.4,95.8,15.44,0.61,0,0,39
redis-65d8857849-9n6lp,23/01/2025 20:08,1716.1,854.4,15.44,5.4,0,0,7
analyzer-79d4c78db5-g626p,23/01/2025 20:08,5796.7,2.673,15.44,17.3,0,0,290
crud-rest-7c7fd547c9-rs5hs,23/01/2025 20:08,3.8,990.2,15.44,6.26,0,0,94
datainjector-98ccb8f89-wr5hg,23/01/2025 20:08,380.1,1.002,15.44,6.49,0,0,95
postgres-7b7f6d75f9-q5dvq,23/01/2025 20:08,887.7,95.93,15.44,0.61,0,0,39
redis-65d8857849-9n6lp,23/01/2025 20:08,1803,862,15.44,5.45,0,0,7
analyzer-79d4c78db5-g626p,23/01/2025 20:08,5185.5,2.672,15.44,17.3,0,0,293
crud-rest-7c7fd547c9-rs5hs,23/01/2025 20:08,4.9,990.2,15.44,6.26,0,0,94
datainjector-98ccb8f89-wr5hg,23/01/2025 20:08,259,1.002,15.44,6.49,0,0,95
postgres-7b7f6d75f9-q5dvq,23/01/2025 20:08,856.4,95.8,15.44,0.61,0,0,39
redis-65d8857849-9n6lp,23/01/2025 20:08,782.9,827.9,15.44,5.24,0,0,6
analyzer-79d4c78db5-g626p,23/01/2025 20:08,5821,2.673,15.44,17.3,0,0,295
crud-rest-7c7fd547c9-rs5hs,23/01/2025 20:08,6.2,990.2,15.44,6.26,0,0,94
datainjector-98ccb8f89-wr5hg,23/01/2025 20:08,158.9,1.002,15.44,6.49,0,0,96
postgres-7b7f6d75f9-q5dvq,23/01/2025 20:08,720.3,95.8,15.44,0.61,0,0,39
redis-65d8857849-9n6lp,23/01/2025 20:08,891.5,836.1,15.44,5.29,0,0,6
analyzer-79d4c78db5-g626p,23/01/2025 20:08,5536.7,2.718,15.44,17.6,0,0,294
crud-rest-7c7fd547c9-rs5hs,23/01/2025 20:08,4.4,990.2,15.44,6.26,0,0,94
datainjector-98ccb8f89-wr5hg,23/01/2025 20:08,362.7,1.002,15.44,6.49,0,0,96
postgres-7b7f6d75f9-q5dvq,23/01/2025 20:08,916,95.8,15.44,0.61,0,0,39
redis-65d8857849-9n6lp,23/01/2025 20:08,822.8,842.3,15.44,5.33,0,0,6
analyzer-79d4c78db5-g626p,23/01/2025 20:08,4980.3,2.718,15.44,17.6,0,0,297
crud-rest-7c7fd547c9-rs5hs,23/01/2025 20:08,9.6,990.2,15.44,6.26,0,0,94
datainjector-98ccb8f89-wr5hg,23/01/2025 20:08,512.4,1.002,15.44,6.49,0,0,96
postgres-7b7f6d75f9-q5dvq,23/01/2025 20:08,850.7,95.8,15.44,0.61,0,0,39
redis-65d8857849-9n6lp,23/01/2025 20:08,820.3,848.9,15.44,5.37,0,0,6
analyzer-79d4c78db5-g626p,23/01/2025 20:08,5921.4,2.742,15.44,17.75,0,0,299
crud-rest-7c7fd547c9-rs5hs,23/01/2025 20:08,4.2,990.2,15.44,6.26,0,0,94
datainjector-98ccb8f89-wr5hg,23/01/2025 20:08,337.1,1.002,15.44,6.49,0,0,96
postgres-7b7f6d75f9-q5dvq,23/01/2025 20:08,862,95.8,15.44,0.61,0,0,39
redis-65d8857849-9n6lp,23/01/2025 20:08,839.8,857.4,15.44,5.42,0,0,6
analyzer-79d4c78db5-g626p,23/01/2025 20:08,5598.3,2.742,15.44,17.75,0,0,300
crud-rest-7c7fd547c9-rs5hs,23/01/2025 20:08,4.4,990.2,15.44,6.26,0,0,94
datainjector-98ccb8f89-wr5hg,23/01/2025 20:08,374,1.002,15.44,6.49,0,0,96
postgres-7b7f6d75f9-q5dvq,23/01/2025 20:08,926.4,95.8,15.44,0.61,0,0,39
redis-65d8857849-9n6lp,23/01/2025 20:08,880.4,863.4,15.44,5.46,0,0,6
analyzer-79d4c78db5-g626p,23/01/2025 20:08,5776.6,2.742,15.44,17.75,0,0,301
crud-rest-7c7fd547c9-rs5hs,23/01/2025 20:08,3.7,990.2,15.44,6.26,0,0,94
datainjector-98ccb8f89-wr5hg,23/01/2025 20:08,447.2,1.002,15.44,6.49,0,0,96
postgres-7b7f6d75f9-q5dvq,23/01/2025 20:08,1018,96.05,15.44,0.61,0,0,39
redis-65d8857849-9n6lp,23/01/2025 20:08,890.2,868.5,15.44,5.49,0,0,6
analyzer-79d4c78db5-g626p,23/01/2025 20:08,5616.3,2.742,15.44,17.75,0,0,304
crud-rest-7c7fd547c9-rs5hs,23/01/2025 20:08,3.4,990.2,15.44,6.26,0,0,94
datainjector-98ccb8f89-wr5hg,23/01/2025 20:08,356.7,1.002,15.44,6.49,0,0,95
postgres-7b7f6d75f9-q5dvq,23/01/2025 20:08,938.7,96.13,15.44,0.61,0,0,39
redis-65d8857849-9n6lp,23/01/2025 20:08,739.3,862,15.44,5.45,0,0,6
analyzer-79d4c78db5-g626p,23/01/2025 20:08,6950,2.806,15.44,18.17,0,0,304
crud-rest-7c7fd547c9-rs5hs,23/01/2025 20:08,4.9,990.2,15.44,6.26,0,0,94
datainjector-98ccb8f89-wr5hg,23/01/2025 20:08,427.8,1.002,15.44,6.49,0,0,95
postgres-7b7f6d75f9-q5dvq,23/01/2025 20:08,878.5,96.14,15.44,0.61,0,0,39
redis-65d8857849-9n6lp,23/01/2025 20:08,856.8,868.1,15.44,5.49,0,0,6
analyzer-79d4c78db5-g626p,23/01/2025 20:08,5645.7,2.806,15.44,18.17,0,0,305
crud-rest-7c7fd547c9-rs5hs,23/01/2025 20:08,4.3,990.2,15.44,6.26,0,0,94
datainjector-98ccb8f89-wr5hg,23/01/2025 20:08,441.6,1.002,15.44,6.49,0,0,95
postgres-7b7f6d75f9-q5dvq,23/01/2025 20:08,936.5,96.14,15.44,0.61,0,0,39
redis-65d8857849-9n6lp,23/01/2025 20:08,742.7,874.9,15.44,5.53,0,0,6
analyzer-79d4c78db5-g626p,23/01/2025 20:08,5540.1,2.806,15.44,18.17,0,0,306
crud-rest-7c7fd547c9-rs5hs,23/01/2025 20:08,10.3,990.2,15.44,6.26,0,0,94
datainjector-98ccb8f89-wr5hg,23/01/2025 20:08,245.1,1.002,15.44,6.49,0,0,95
postgres-7b7f6d75f9-q5dvq,23/01/2025 20:08,936.8,96.15,15.44,0.61,0,0,39
redis-65d8857849-9n6lp,23/01/2025 20:08,794.8,884.8,15.44,5.59,0,0,6
analyzer-79d4c78db5-g626p,23/01/2025 20:08,5739.2,2.838,15.44,18.37,0,0,306
crud-rest-7c7fd547c9-rs5hs,23/01/2025 20:08,7.1,990.2,15.44,6.26,0,0,93
datainjector-98ccb8f89-wr5hg,23/01/2025 20:08,394.1,1.002,15.44,6.49,0,0,95
postgres-7b7f6d75f9-q5dvq,23/01/2025 20:08,1041.3,96.14,15.44,0.61,0,0,39
redis-65d8857849-9n6lp,23/01/2025 20:09,819.1,891.5,15.44,5.64,0,0,6
analyzer-79d4c78db5-g626p,23/01/2025 20:09,5690.3,2.838,15.44,18.37,0,0,309
crud-rest-7c7fd547c9-rs5hs,23/01/2025 20:09,4.2,990.2,15.44,6.26,0,0,93
datainjector-98ccb8f89-wr5hg,23/01/2025 20:09,380.1,1.002,15.44,6.49,0,0,95
postgres-7b7f6d75f9-q5dvq,23/01/2025 20:09,858.6,96.15,15.44,0.61,0,0,39
redis-65d8857849-9n6lp,23/01/2025 20:09,858.5,899,15.44,5.68,0,0,6
analyzer-79d4c78db5-g626p,23/01/2025 20:09,5875.3,2.838,15.44,18.38,0,0,308
crud-rest-7c7fd547c9-rs5hs,23/01/2025 20:09,3.8,990.2,15.44,6.26,0,0,93
datainjector-98ccb8f89-wr5hg,23/01/2025 20:09,273.6,1.002,15.44,6.49,0,0,95
postgres-7b7f6d75f9-q5dvq,23/01/2025 20:09,987.7,96.15,15.44,0.61,0,0,39
redis-65d8857849-9n6lp,23/01/2025 20:09,825.5,904.4,15.44,5.72,0,0,6
analyzer-79d4c78db5-g626p,23/01/2025 20:09,5870.4,2.862,15.44,18.53,0,0,310
crud-rest-7c7fd547c9-rs5hs,23/01/2025 20:09,3.5,990.2,15.44,6.26,0,0,93
datainjector-98ccb8f89-wr5hg,23/01/2025 20:09,424.3,1.002,15.44,6.49,0,0,95
postgres-7b7f6d75f9-q5dvq,23/01/2025 20:09,938.9,96.15,15.44,0.61,0,0,39
redis-65d8857849-9n6lp,23/01/2025 20:09,1839.5,946.7,15.44,5.99,0,0,7
analyzer-79d4c78db5-g626p,23/01/2025 20:09,5358,2.863,15.44,18.54,0,0,311
crud-rest-7c7fd547c9-rs5hs,23/01/2025 20:09,8.2,990.2,15.44,6.26,0,0,93
datainjector-98ccb8f89-wr5hg,23/01/2025 20:09,351.7,1.002,15.44,6.49,0,0,95
postgres-7b7f6d75f9-q5dvq,23/01/2025 20:09,915.4,96.15,15.44,0.61,0,0,39
redis-65d8857849-9n6lp,23/01/2025 20:09,1715.6,957,15.44,6.05,0,0,7
analyzer-79d4c78db5-g626p,23/01/2025 20:09,6632.1,2.889,15.44,18.7,0,0,312
crud-rest-7c7fd547c9-rs5hs,23/01/2025 20:09,4.5,990.2,15.44,6.26,0,0,93
datainjector-98ccb8f89-wr5hg,23/01/2025 20:09,474.2,1.002,15.44,6.49,0,0,95
postgres-7b7f6d75f9-q5dvq,23/01/2025 20:09,862.9,96.15,15.44,0.61,0,0,39
redis-65d8857849-9n6lp,23/01/2025 20:09,1667.6,968,15.44,6.12,0,0,7
analyzer-79d4c78db5-g626p,23/01/2025 20:09,5868.6,2.899,15.44,18.77,0,0,314
crud-rest-7c7fd547c9-rs5hs,23/01/2025 20:09,4.8,990.2,15.44,6.26,0,0,93
datainjector-98ccb8f89-wr5hg,23/01/2025 20:09,466.9,1.006,15.44,6.51,0,0,95
postgres-7b7f6d75f9-q5dvq,23/01/2025 20:09,763.7,96.15,15.44,0.61,0,0,39
redis-65d8857849-9n6lp,23/01/2025 20:09,1771.3,971.7,15.44,6.14,0,0,7
analyzer-79d4c78db5-g626p,23/01/2025 20:09,5773,2.9,15.44,18.78,0,0,313
crud-rest-7c7fd547c9-rs5hs,23/01/2025 20:09,4.5,990.3,15.44,6.26,0,0,95
datainjector-98ccb8f89-wr5hg,23/01/2025 20:09,317,1.006,15.44,6.51,0,0,95
postgres-7b7f6d75f9-q5dvq,23/01/2025 20:09,903.8,96.15,15.44,0.61,0,0,39
redis-65d8857849-9n6lp,23/01/2025 20:09,1777.6,950.9,15.44,6.01,0,0,7
analyzer-79d4c78db5-g626p,23/01/2025 20:09,4881.9,2.935,15.44,19.01,0,0,314
crud-rest-7c7fd547c9-rs5hs,23/01/2025 20:09,8.8,990.3,15.44,6.26,0,0,95
datainjector-98ccb8f89-wr5hg,23/01/2025 20:09,447.3,1.006,15.44,6.51,0,0,95
postgres-7b7f6d75f9-q5dvq,23/01/2025 20:09,860.9,96.27,15.44,0.61,0,0,39
redis-65d8857849-9n6lp,23/01/2025 20:09,789,944.9,15.44,5.97,0,0,6
analyzer-79d4c78db5-g626p,23/01/2025 20:09,5429.9,2.936,15.44,19.01,0,0,315
crud-rest-7c7fd547c9-rs5hs,23/01/2025 20:09,5.3,990.3,15.44,6.26,0,0,95
datainjector-98ccb8f89-wr5hg,23/01/2025 20:09,570.6,1.006,15.44,6.51,0,0,95
postgres-7b7f6d75f9-q5dvq,23/01/2025 20:09,931.2,96.15,15.44,0.61,0,0,39
redis-65d8857849-9n6lp,23/01/2025 20:09,804.8,951.9,15.44,6.02,0,0,6
analyzer-79d4c78db5-g626p,23/01/2025 20:09,5719.7,2.936,15.44,19.01,0,0,316
crud-rest-7c7fd547c9-rs5hs,23/01/2025 20:09,5.1,990.3,15.44,6.26,0,0,95
datainjector-98ccb8f89-wr5hg,23/01/2025 20:09,305.9,1.006,15.44,6.51,0,0,94
postgres-7b7f6d75f9-q5dvq,23/01/2025 20:09,942.7,96.15,15.44,0.61,0,0,39
redis-65d8857849-9n6lp,23/01/2025 20:09,862.4,956.9,15.44,6.05,0,0,6
analyzer-79d4c78db5-g626p,23/01/2025 20:09,6250.9,2.936,15.44,19.01,0,0,316
crud-rest-7c7fd547c9-rs5hs,23/01/2025 20:09,3.9,990.3,15.44,6.26,0,0,95
datainjector-98ccb8f89-wr5hg,23/01/2025 20:09,386.6,1.006,15.44,6.51,0,0,94
postgres-7b7f6d75f9-q5dvq,23/01/2025 20:09,1043.5,96.15,15.44,0.61,0,0,39
redis-65d8857849-9n6lp,23/01/2025 20:09,802,964.4,15.44,6.1,0,0,6
analyzer-79d4c78db5-g626p,23/01/2025 20:09,5974,3,15.44,19.42,0,0,317
crud-rest-7c7fd547c9-rs5hs,23/01/2025 20:09,4.5,990.3,15.44,6.26,0,0,95
datainjector-98ccb8f89-wr5hg,23/01/2025 20:09,447.2,1.006,15.44,6.51,0,0,94
postgres-7b7f6d75f9-q5dvq,23/01/2025 20:09,988.9,96.15,15.44,0.61,0,0,39
redis-65d8857849-9n6lp,23/01/2025 20:09,815.3,970.3,15.44,6.14,0,0,6
analyzer-79d4c78db5-g626p,23/01/2025 20:09,5564.8,3,15.44,19.42,0,0,316
crud-rest-7c7fd547c9-rs5hs,23/01/2025 20:09,3.9,990.3,15.44,6.26,0,0,95
datainjector-98ccb8f89-wr5hg,23/01/2025 20:09,559.7,1.006,15.44,6.51,0,0,94
postgres-7b7f6d75f9-q5dvq,23/01/2025 20:09,907.6,96.15,15.44,0.61,0,0,39
redis-65d8857849-9n6lp,23/01/2025 20:09,779.8,977.5,15.44,6.18,0,0,6
analyzer-79d4c78db5-g626p,23/01/2025 20:09,5994.7,2.999,15.44,19.42,0,0,317
crud-rest-7c7fd547c9-rs5hs,23/01/2025 20:09,6,990.2,15.44,6.26,0,0,94
datainjector-98ccb8f89-wr5hg,23/01/2025 20:09,392.9,1.006,15.44,6.51,0,0,94
postgres-7b7f6d75f9-q5dvq,23/01/2025 20:09,840.7,96.15,15.44,0.61,0,0,39
redis-65d8857849-9n6lp,23/01/2025 20:10,675.8,981.8,15.44,6.21,0,0,6
analyzer-79d4c78db5-g626p,23/01/2025 20:10,6597,3.013,15.44,19.51,0,0,318
crud-rest-7c7fd547c9-rs5hs,23/01/2025 20:10,9.7,990.2,15.44,6.26,0,0,94
datainjector-98ccb8f89-wr5hg,23/01/2025 20:10,445.5,1.006,15.44,6.51,0,0,94
postgres-7b7f6d75f9-q5dvq,23/01/2025 20:10,724.1,96.14,15.44,0.61,0,0,39
redis-65d8857849-9n6lp,23/01/2025 20:10,849,989,15.44,6.25,0,0,6
analyzer-79d4c78db5-g626p,23/01/2025 20:10,5370.3,3.031,15.44,19.62,0,0,317
crud-rest-7c7fd547c9-rs5hs,23/01/2025 20:10,5.5,990.2,15.44,6.26,0,0,94
datainjector-98ccb8f89-wr5hg,23/01/2025 20:10,507.5,1.006,15.44,6.51,0,0,94
postgres-7b7f6d75f9-q5dvq,23/01/2025 20:10,873.5,96.14,15.44,0.61,0,0,39
redis-65d8857849-9n6lp,23/01/2025 20:10,792.7,992.9,15.44,6.28,0,0,6
analyzer-79d4c78db5-g626p,23/01/2025 20:10,5509.6,3.03,15.44,19.62,0,0,317
crud-rest-7c7fd547c9-rs5hs,23/01/2025 20:10,5.9,990.2,15.44,6.26,0,0,94
datainjector-98ccb8f89-wr5hg,23/01/2025 20:10,396.6,1.006,15.44,6.51,0,0,96
postgres-7b7f6d75f9-q5dvq,23/01/2025 20:10,878.6,96.15,15.44,0.61,0,0,39
redis-65d8857849-9n6lp,23/01/2025 20:10,838.6,999.7,15.44,6.32,0,0,6
analyzer-79d4c78db5-g626p,23/01/2025 20:10,5796.1,3.03,15.44,19.62,0,0,317
crud-rest-7c7fd547c9-rs5hs,23/01/2025 20:10,7.6,990.2,15.44,6.26,0,0,94
datainjector-98ccb8f89-wr5hg,23/01/2025 20:10,696.6,1.006,15.44,6.51,0,0,96
postgres-7b7f6d75f9-q5dvq,23/01/2025 20:10,920.4,96.15,15.44,0.61,0,0,39
redis-65d8857849-9n6lp,23/01/2025 20:10,740.7,1004,15.44,6.35,0,0,6
analyzer-79d4c78db5-g626p,23/01/2025 20:10,6564.5,3.038,15.44,19.67,0,0,317
crud-rest-7c7fd547c9-rs5hs,23/01/2025 20:10,3.8,990.2,15.44,6.26,0,0,94
datainjector-98ccb8f89-wr5hg,23/01/2025 20:10,411,1.006,15.44,6.51,0,0,96
postgres-7b7f6d75f9-q5dvq,23/01/2025 20:10,845.6,96.15,15.44,0.61,0,0,39
redis-65d8857849-9n6lp,23/01/2025 20:10,880.4,1012,15.44,6.4,0,0,6
analyzer-79d4c78db5-g626p,23/01/2025 20:10,5856.8,3.038,15.44,19.67,0,0,317
crud-rest-7c7fd547c9-rs5hs,23/01/2025 20:10,5.5,990.2,15.44,6.26,0,0,94
datainjector-98ccb8f89-wr5hg,23/01/2025 20:10,521.7,1.006,15.44,6.51,0,0,96
postgres-7b7f6d75f9-q5dvq,23/01/2025 20:10,972,96.15,15.44,0.61,0,0,39
redis-65d8857849-9n6lp,23/01/2025 20:10,874.2,1017,15.44,6.43,0,0,6
analyzer-79d4c78db5-g626p,23/01/2025 20:10,5465.1,3.037,15.44,19.67,0,0,318
crud-rest-7c7fd547c9-rs5hs,23/01/2025 20:10,4.5,990.2,15.44,6.26,0,0,94
datainjector-98ccb8f89-wr5hg,23/01/2025 20:10,440.5,1.006,15.44,6.51,0,0,96
postgres-7b7f6d75f9-q5dvq,23/01/2025 20:10,883.9,96.15,15.44,0.61,0,0,39
redis-65d8857849-9n6lp,23/01/2025 20:10,863.5,1022,15.44,6.46,0,0,6
analyzer-79d4c78db5-g626p,23/01/2025 20:10,6018.3,3.037,15.44,19.67,0,0,318
crud-rest-7c7fd547c9-rs5hs,23/01/2025 20:10,4.2,990.2,15.44,6.26,0,0,94
datainjector-98ccb8f89-wr5hg,23/01/2025 20:10,399.8,1.006,15.44,6.51,0,0,96
postgres-7b7f6d75f9-q5dvq,23/01/2025 20:10,994.6,96.15,15.44,0.61,0,0,39
redis-65d8857849-9n6lp,23/01/2025 20:10,1875.7,1.055,15.44,6.83,0,0,7
analyzer-79d4c78db5-g626p,23/01/2025 20:10,5330.7,3.037,15.44,19.66,0,0,318
crud-rest-7c7fd547c9-rs5hs,23/01/2025 20:10,4,990.2,15.44,6.26,0,0,94
datainjector-98ccb8f89-wr5hg,23/01/2025 20:10,488.5,1.006,15.44,6.51,0,0,96
postgres-7b7f6d75f9-q5dvq,23/01/2025 20:10,892.4,96.15,15.44,0.61,0,0,39
redis-65d8857849-9n6lp,23/01/2025 20:10,1715.3,1.101,15.44,7.13,0,0,7
analyzer-79d4c78db5-g626p,23/01/2025 20:10,4755.1,3.037,15.44,19.66,0,0,319
crud-rest-7c7fd547c9-rs5hs,23/01/2025 20:10,5.5,990.2,15.44,6.26,0,0,94
datainjector-98ccb8f89-wr5hg,23/01/2025 20:10,550.1,1.006,15.44,6.51,0,0,95
postgres-7b7f6d75f9-q5dvq,23/01/2025 20:10,790.8,96.15,15.44,0.61,0,0,39
redis-65d8857849-9n6lp,23/01/2025 20:10,1755.8,1.121,15.44,7.26,0,0,7
analyzer-79d4c78db5-g626p,23/01/2025 20:10,5027.8,3.037,15.44,19.66,0,0,319
crud-rest-7c7fd547c9-rs5hs,23/01/2025 20:10,3.6,990.2,15.44,6.26,0,0,94
datainjector-98ccb8f89-wr5hg,23/01/2025 20:10,390.3,1.006,15.44,6.51,0,0,95
postgres-7b7f6d75f9-q5dvq,23/01/2025 20:10,883.3,96.15,15.44,0.61,0,0,39
redis-65d8857849-9n6lp,23/01/2025 20:10,1811,1.13,15.44,7.32,0,0,7
analyzer-79d4c78db5-g626p,23/01/2025 20:10,5609.8,3.036,15.44,19.66,0,0,320
crud-rest-7c7fd547c9-rs5hs,23/01/2025 20:10,4.3,990.2,15.44,6.26,0,0,94
datainjector-98ccb8f89-wr5hg,23/01/2025 20:10,230.7,1.006,15.44,6.51,0,0,95
postgres-7b7f6d75f9-q5dvq,23/01/2025 20:10,878.1,96.15,15.44,0.61,0,0,39
redis-65d8857849-9n6lp,23/01/2025 20:10,1828.4,1.142,15.44,7.39,0,0,7
analyzer-79d4c78db5-g626p,23/01/2025 20:10,5134.3,3.036,15.44,19.66,0,0,319
crud-rest-7c7fd547c9-rs5hs,23/01/2025 20:10,4.7,990.2,15.44,6.26,0,0,93
datainjector-98ccb8f89-wr5hg,23/01/2025 20:10,310.1,1.006,15.44,6.51,0,0,95
postgres-7b7f6d75f9-q5dvq,23/01/2025 20:10,793.1,96.15,15.44,0.61,0,0,39
redis-65d8857849-9n6lp,23/01/2025 20:10,812.2,1.028,15.44,6.66,0,0,6
analyzer-79d4c78db5-g626p,23/01/2025 20:10,5409.4,3.036,15.44,19.66,0,0,319
crud-rest-7c7fd547c9-rs5hs,23/01/2025 20:10,4.3,990.2,15.44,6.26,0,0,93
datainjector-98ccb8f89-wr5hg,23/01/2025 20:10,407.6,1.006,15.44,6.51,0,0,95
postgres-7b7f6d75f9-q5dvq,23/01/2025 20:10,830.1,96.15,15.44,0.61,0,0,39
redis-65d8857849-9n6lp,23/01/2025 20:11,852.8,1.032,15.44,6.68,0,0,6
analyzer-79d4c78db5-g626p,23/01/2025 20:11,5662.2,3.036,15.44,19.66,0,0,319
crud-rest-7c7fd547c9-rs5hs,23/01/2025 20:11,4,990.2,15.44,6.26,0,0,93
datainjector-98ccb8f89-wr5hg,23/01/2025 20:11,582,1.006,15.44,6.51,0,0,95
postgres-7b7f6d75f9-q5dvq,23/01/2025 20:11,954.2,96.15,15.44,0.61,0,0,39
redis-65d8857849-9n6lp,23/01/2025 20:11,880.1,1.04,15.44,6.73,0,0,6
analyzer-79d4c78db5-g626p,23/01/2025 20:11,5086.4,3.036,15.44,19.65,0,0,319
crud-rest-7c7fd547c9-rs5hs,23/01/2025 20:11,4.3,990.2,15.44,6.26,0,0,93
datainjector-98ccb8f89-wr5hg,23/01/2025 20:11,415.1,1.006,15.44,6.51,0,0,95
postgres-7b7f6d75f9-q5dvq,23/01/2025 20:11,977.4,96.15,15.44,0.61,0,0,39
redis-65d8857849-9n6lp,23/01/2025 20:11,818.9,1.046,15.44,6.77,0,0,6
analyzer-79d4c78db5-g626p,23/01/2025 20:11,5638.2,3.035,15.44,19.65,0,0,318
crud-rest-7c7fd547c9-rs5hs,23/01/2025 20:11,5,990.5,15.44,6.26,0,0,93
datainjector-98ccb8f89-wr5hg,23/01/2025 20:11,553.1,1.006,15.44,6.52,0,0,96
postgres-7b7f6d75f9-q5dvq,23/01/2025 20:11,957.5,96.15,15.44,0.61,0,0,39
redis-65d8857849-9n6lp,23/01/2025 20:11,667.5,1.052,15.44,6.81,0,0,6
analyzer-79d4c78db5-g626p,23/01/2025 20:11,6578.8,3.035,15.44,19.65,0,0,320
crud-rest-7c7fd547c9-rs5hs,23/01/2025 20:11,7.1,990.6,15.44,6.26,0,0,93
datainjector-98ccb8f89-wr5hg,23/01/2025 20:11,712.3,1.006,15.44,6.51,0,0,96
postgres-7b7f6d75f9-q5dvq,23/01/2025 20:11,679.8,96.15,15.44,0.61,0,0,39
redis-65d8857849-9n6lp,23/01/2025 20:11,853.4,1.058,15.44,6.85,0,0,6
analyzer-79d4c78db5-g626p,23/01/2025 20:11,6223.9,3.035,15.44,19.65,0,0,320
crud-rest-7c7fd547c9-rs5hs,23/01/2025 20:11,3.9,990.5,15.44,6.26,0,0,93
datainjector-98ccb8f89-wr5hg,23/01/2025 20:11,226.1,1.006,15.44,6.52,0,0,96
postgres-7b7f6d75f9-q5dvq,23/01/2025 20:11,941.9,96.15,15.44,0.61,0,0,39
redis-65d8857849-9n6lp,23/01/2025 20:11,798.2,1.064,15.44,6.89,0,0,6
analyzer-79d4c78db5-g626p,23/01/2025 20:11,5926.6,3.035,15.44,19.65,0,0,321
crud-rest-7c7fd547c9-rs5hs,23/01/2025 20:11,10.2,990.7,15.44,6.26,0,0,95
datainjector-98ccb8f89-wr5hg,23/01/2025 20:11,121.8,1.006,15.44,6.52,0,0,96
postgres-7b7f6d75f9-q5dvq,23/01/2025 20:11,872.5,96.15,15.44,0.61,0,0,39
redis-65d8857849-9n6lp,23/01/2025 20:11,764.7,1.07,15.44,6.93,0,0,6
analyzer-79d4c78db5-g626p,23/01/2025 20:11,7175.2,3.034,15.44,19.65,0,0,322
crud-rest-7c7fd547c9-rs5hs,23/01/2025 20:11,5.8,990.7,15.44,6.26,0,0,95
datainjector-98ccb8f89-wr5hg,23/01/2025 20:11,131.2,1.006,15.44,6.52,0,0,96
postgres-7b7f6d75f9-q5dvq,23/01/2025 20:11,734.6,96.15,15.44,0.61,0,0,39
redis-65d8857849-9n6lp,23/01/2025 20:11,790.2,1.075,15.44,6.96,0,0,6
analyzer-79d4c78db5-g626p,23/01/2025 20:11,5812.7,3.034,15.44,19.65,0,0,321
crud-rest-7c7fd547c9-rs5hs,23/01/2025 20:11,4.1,990.7,15.44,6.26,0,0,95
datainjector-98ccb8f89-wr5hg,23/01/2025 20:11,328.1,1.006,15.44,6.52,0,0,96
postgres-7b7f6d75f9-q5dvq,23/01/2025 20:11,891.2,96.15,15.44,0.61,0,0,39
redis-65d8857849-9n6lp,23/01/2025 20:11,864,1.084,15.44,7.02,0,0,6
analyzer-79d4c78db5-g626p,23/01/2025 20:11,6160.2,3.034,15.44,19.64,0,0,321
crud-rest-7c7fd547c9-rs5hs,23/01/2025 20:11,4.1,990.7,15.44,6.26,0,0,95
datainjector-98ccb8f89-wr5hg,23/01/2025 20:11,387.7,1.006,15.44,6.52,0,0,96
postgres-7b7f6d75f9-q5dvq,23/01/2025 20:11,937.4,96.15,15.44,0.61,0,0,39
redis-65d8857849-9n6lp,23/01/2025 20:11,782.7,1.091,15.44,7.06,0,0,6
analyzer-79d4c78db5-g626p,23/01/2025 20:11,5508.9,3.036,15.44,19.66,0,0,322
crud-rest-7c7fd547c9-rs5hs,23/01/2025 20:11,7.2,991,15.44,6.27,0,0,95
datainjector-98ccb8f89-wr5hg,23/01/2025 20:11,39.1,1.006,15.44,6.51,0,0,95
postgres-7b7f6d75f9-q5dvq,23/01/2025 20:11,944.5,96.15,15.44,0.61,0,0,39
redis-65d8857849-9n6lp,23/01/2025 20:11,795.3,1.096,15.44,7.1,0,0,6
analyzer-79d4c78db5-g626p,23/01/2025 20:11,4971.6,3.036,15.44,19.66,0,0,323
crud-rest-7c7fd547c9-rs5hs,23/01/2025 20:11,13.6,991,15.44,6.27,0,0,95
datainjector-98ccb8f89-wr5hg,23/01/2025 20:11,413.6,1.006,15.44,6.51,0,0,95
postgres-7b7f6d75f9-q5dvq,23/01/2025 20:11,776.7,96.15,15.44,0.61,0,0,39
redis-65d8857849-9n6lp,23/01/2025 20:11,800,1.1,15.44,7.12,0,0,6
analyzer-79d4c78db5-g626p,23/01/2025 20:11,5505.1,3.036,15.44,19.65,0,0,323
crud-rest-7c7fd547c9-rs5hs,23/01/2025 20:11,5.3,991.8,15.44,6.27,0,0,95
datainjector-98ccb8f89-wr5hg,23/01/2025 20:11,598.7,1.006,15.44,6.51,0,0,95
postgres-7b7f6d75f9-q5dvq,23/01/2025 20:11,893.7,96.15,15.44,0.61,0,0,39
redis-65d8857849-9n6lp,23/01/2025 20:11,802.2,1.11,15.44,7.19,0,0,6
analyzer-79d4c78db5-g626p,23/01/2025 20:11,5693.7,3.035,15.44,19.65,0,0,323
crud-rest-7c7fd547c9-rs5hs,23/01/2025 20:11,10.3,991.7,15.44,6.27,0,0,94
datainjector-98ccb8f89-wr5hg,23/01/2025 20:11,513,1.006,15.44,6.51,0,0,95
postgres-7b7f6d75f9-q5dvq,23/01/2025 20:11,900.1,96.15,15.44,0.61,0,0,39
redis-65d8857849-9n6lp,23/01/2025 20:12,1752.3,1.15,15.44,7.44,0,0,7
analyzer-79d4c78db5-g626p,23/01/2025 20:12,3814.9,3.035,15.44,19.65,0,0,324
crud-rest-7c7fd547c9-rs5hs,23/01/2025 20:12,5.3,991.7,15.44,6.27,0,0,94
datainjector-98ccb8f89-wr5hg,23/01/2025 20:12,197.1,1.006,15.44,6.52,0,0,95
postgres-7b7f6d75f9-q5dvq,23/01/2025 20:12,695.9,96.14,15.44,0.61,0,0,39
redis-65d8857849-9n6lp,23/01/2025 20:12,1847.4,1.182,15.44,7.65,0,0,7
analyzer-79d4c78db5-g626p,23/01/2025 20:12,4751.4,3.035,15.44,19.65,0,0,324
crud-rest-7c7fd547c9-rs5hs,23/01/2025 20:12,5.9,991.7,15.44,6.27,0,0,94
datainjector-98ccb8f89-wr5hg,23/01/2025 20:12,509.2,1.006,15.44,6.52,0,0,95
postgres-7b7f6d75f9-q5dvq,23/01/2025 20:12,743.8,96.15,15.44,0.61,0,0,39
redis-65d8857849-9n6lp,23/01/2025 20:12,1569.9,1.198,15.44,7.76,0,0,7
analyzer-79d4c78db5-g626p,23/01/2025 20:12,5346.6,3.053,15.44,19.76,0,0,324
crud-rest-7c7fd547c9-rs5hs,23/01/2025 20:12,4.2,991.7,15.44,6.27,0,0,94
datainjector-98ccb8f89-wr5hg,23/01/2025 20:12,472.3,1.006,15.44,6.52,0,0,96
postgres-7b7f6d75f9-q5dvq,23/01/2025 20:12,594.5,96.15,15.44,0.61,0,0,39
redis-65d8857849-9n6lp,23/01/2025 20:12,1800.8,1.214,15.44,7.86,0,0,7
analyzer-79d4c78db5-g626p,23/01/2025 20:12,5182.1,3.053,15.44,19.77,0,0,325
crud-rest-7c7fd547c9-rs5hs,23/01/2025 20:12,3.8,991.7,15.44,6.27,0,0,94
datainjector-98ccb8f89-wr5hg,23/01/2025 20:12,417.2,1.006,15.44,6.52,0,0,96
postgres-7b7f6d75f9-q5dvq,23/01/2025 20:12,838.6,96.15,15.44,0.61,0,0,39
redis-65d8857849-9n6lp,23/01/2025 20:12,1806.1,1.221,15.44,7.9,0,0,7
analyzer-79d4c78db5-g626p,23/01/2025 20:12,5004.7,3.053,15.44,19.77,0,0,329
crud-rest-7c7fd547c9-rs5hs,23/01/2025 20:12,5.6,991.7,15.44,6.27,0,0,94
datainjector-98ccb8f89-wr5hg,23/01/2025 20:12,235.7,1.006,15.44,6.52,0,0,96
postgres-7b7f6d75f9-q5dvq,23/01/2025 20:12,737.3,96.15,15.44,0.61,0,0,39
redis-65d8857849-9n6lp,23/01/2025 20:12,1816.8,1.229,15.44,7.95,0,0,7
analyzer-79d4c78db5-g626p,23/01/2025 20:12,5223.3,3.053,15.44,19.77,0,0,331
crud-rest-7c7fd547c9-rs5hs,23/01/2025 20:12,3.6,993,15.44,6.28,0,0,94
datainjector-98ccb8f89-wr5hg,23/01/2025 20:12,244.2,1.006,15.44,6.52,0,0,96
postgres-7b7f6d75f9-q5dvq,23/01/2025 20:12,788.8,96.15,15.44,0.61,0,0,39
redis-65d8857849-9n6lp,23/01/2025 20:12,848.3,1.155,15.44,7.48,0,0,6
analyzer-79d4c78db5-g626p,23/01/2025 20:12,5779,3.093,15.44,20.02,0,0,332
crud-rest-7c7fd547c9-rs5hs,23/01/2025 20:12,5.1,993,15.44,6.28,0,0,94
datainjector-98ccb8f89-wr5hg,23/01/2025 20:12,263.4,1.007,15.44,6.52,0,0,96
postgres-7b7f6d75f9-q5dvq,23/01/2025 20:12,877,96.15,15.44,0.61,0,0,39
redis-65d8857849-9n6lp,23/01/2025 20:12,775.8,1.163,15.44,7.53,0,0,6
analyzer-79d4c78db5-g626p,23/01/2025 20:12,5623.8,3.092,15.44,20.02,0,0,331
crud-rest-7c7fd547c9-rs5hs,23/01/2025 20:12,4.9,993,15.44,6.28,0,0,94
datainjector-98ccb8f89-wr5hg,23/01/2025 20:12,110.7,1.007,15.44,6.52,0,0,96
postgres-7b7f6d75f9-q5dvq,23/01/2025 20:12,851.8,96.15,15.44,0.61,0,0,39
redis-65d8857849-9n6lp,23/01/2025 20:12,828.5,1.17,15.44,7.58,0,0,6
analyzer-79d4c78db5-g626p,23/01/2025 20:12,5878,3.092,15.44,20.02,0,0,331
crud-rest-7c7fd547c9-rs5hs,23/01/2025 20:12,6.1,993,15.44,6.28,0,0,94
datainjector-98ccb8f89-wr5hg,23/01/2025 20:12,198.8,1.007,15.44,6.52,0,0,96
postgres-7b7f6d75f9-q5dvq,23/01/2025 20:12,954.7,96.27,15.44,0.61,0,0,39
redis-65d8857849-9n6lp,23/01/2025 20:12,789,1.179,15.44,7.63,0,0,6
analyzer-79d4c78db5-g626p,23/01/2025 20:12,7109.7,3.102,15.44,20.09,0,0,333
crud-rest-7c7fd547c9-rs5hs,23/01/2025 20:12,3.9,993,15.44,6.28,0,0,94
datainjector-98ccb8f89-wr5hg,23/01/2025 20:12,295.2,1.007,15.44,6.52,0,0,95
postgres-7b7f6d75f9-q5dvq,23/01/2025 20:12,800.4,96.16,15.44,0.61,0,0,39
redis-65d8857849-9n6lp,23/01/2025 20:12,785,1.188,15.44,7.69,0,0,6
analyzer-79d4c78db5-g626p,23/01/2025 20:12,6354.8,3.118,15.44,20.19,0,0,333
crud-rest-7c7fd547c9-rs5hs,23/01/2025 20:12,6.3,993,15.44,6.28,0,0,94
datainjector-98ccb8f89-wr5hg,23/01/2025 20:12,219.1,1.007,15.44,6.52,0,0,95
postgres-7b7f6d75f9-q5dvq,23/01/2025 20:12,898.8,96.15,15.44,0.61,0,0,39
redis-65d8857849-9n6lp,23/01/2025 20:12,749.5,1.196,15.44,7.74,0,0,6
analyzer-79d4c78db5-g626p,23/01/2025 20:12,5584.6,3.118,15.44,20.19,0,0,334
crud-rest-7c7fd547c9-rs5hs,23/01/2025 20:12,5.3,993,15.44,6.28,0,0,94
datainjector-98ccb8f89-wr5hg,23/01/2025 20:12,105.9,1.007,15.44,6.52,0,0,95
postgres-7b7f6d75f9-q5dvq,23/01/2025 20:12,819.8,96.15,15.44,0.61,0,0,39
redis-65d8857849-9n6lp,23/01/2025 20:12,696.6,1.202,15.44,7.78,0,0,6
analyzer-79d4c78db5-g626p,23/01/2025 20:12,6943.3,3.134,15.44,20.29,0,0,334
crud-rest-7c7fd547c9-rs5hs,23/01/2025 20:12,4.7,993.9,15.44,6.28,0,0,94
datainjector-98ccb8f89-wr5hg,23/01/2025 20:12,466.3,1.007,15.44,6.52,0,0,95
postgres-7b7f6d75f9-q5dvq,23/01/2025 20:12,773.3,96.15,15.44,0.61,0,0,39
redis-65d8857849-9n6lp,23/01/2025 20:12,882.2,1.21,15.44,7.83,0,0,6
analyzer-79d4c78db5-g626p,23/01/2025 20:12,5440,3.134,15.44,20.29,0,0,336
crud-rest-7c7fd547c9-rs5hs,23/01/2025 20:12,4.5,993.8,15.44,6.28,0,0,93
datainjector-98ccb8f89-wr5hg,23/01/2025 20:12,450.5,1.007,15.44,6.52,0,0,95
postgres-7b7f6d75f9-q5dvq,23/01/2025 20:12,818.7,96.15,15.44,0.61,0,0,39
redis-65d8857849-9n6lp,23/01/2025 20:13,825.9,1.217,15.44,7.88,0,0,6
analyzer-79d4c78db5-g626p,23/01/2025 20:13,5381,3.134,15.44,20.29,0,0,338
crud-rest-7c7fd547c9-rs5hs,23/01/2025 20:13,6.9,993.8,15.44,6.28,0,0,93
datainjector-98ccb8f89-wr5hg,23/01/2025 20:13,469.8,1.007,15.44,6.52,0,0,95
postgres-7b7f6d75f9-q5dvq,23/01/2025 20:13,890.9,96.15,15.44,0.61,0,0,39
redis-65d8857849-9n6lp,23/01/2025 20:13,727,1.223,15.44,7.92,0,0,6
analyzer-79d4c78db5-g626p,23/01/2025 20:13,5860.2,3.158,15.44,20.45,0,0,337
crud-rest-7c7fd547c9-rs5hs,23/01/2025 20:13,8.2,993.8,15.44,6.28,0,0,93
datainjector-98ccb8f89-wr5hg,23/01/2025 20:13,599.7,1.007,15.44,6.52,0,0,95
postgres-7b7f6d75f9-q5dvq,23/01/2025 20:13,811.3,96.15,15.44,0.61,0,0,39
redis-65d8857849-9n6lp,23/01/2025 20:13,894.4,1.231,15.44,7.97,0,0,6
analyzer-79d4c78db5-g626p,23/01/2025 20:13,6640.5,3.158,15.44,20.45,0,0,338
crud-rest-7c7fd547c9-rs5hs,23/01/2025 20:13,4.2,993.8,15.44,6.28,0,0,93
datainjector-98ccb8f89-wr5hg,23/01/2025 20:13,288.5,1.007,15.44,6.52,0,0,95
postgres-7b7f6d75f9-q5dvq,23/01/2025 20:13,1017.7,96.15,15.44,0.61,0,0,39
redis-65d8857849-9n6lp,23/01/2025 20:13,830.9,1.239,15.44,8.02,0,0,6
analyzer-79d4c78db5-g626p,23/01/2025 20:13,5491.2,3.163,15.44,20.48,0,0,340
crud-rest-7c7fd547c9-rs5hs,23/01/2025 20:13,6.6,993.8,15.44,6.28,0,0,93
datainjector-98ccb8f89-wr5hg,23/01/2025 20:13,380.6,1.007,15.44,6.52,0,0,95
postgres-7b7f6d75f9-q5dvq,23/01/2025 20:13,906.2,96.15,15.44,0.61,0,0,39
redis-65d8857849-9n6lp,23/01/2025 20:13,842.3,1.247,15.44,8.08,0,0,6
analyzer-79d4c78db5-g626p,23/01/2025 20:13,5568.2,3.163,15.44,20.48,0,0,341
crud-rest-7c7fd547c9-rs5hs,23/01/2025 20:13,4.3,993.8,15.44,6.28,0,0,93
datainjector-98ccb8f89-wr5hg,23/01/2025 20:13,246.7,1.007,15.44,6.52,0,0,95
postgres-7b7f6d75f9-q5dvq,23/01/2025 20:13,837.2,96.15,15.44,0.61,0,0,39
redis-65d8857849-9n6lp,23/01/2025 20:13,870.5,1.255,15.44,8.12,0,0,6
analyzer-79d4c78db5-g626p,23/01/2025 20:13,6251,3.217,15.44,20.83,0,0,341
crud-rest-7c7fd547c9-rs5hs,23/01/2025 20:13,8,994.1,15.44,6.29,0,0,95
datainjector-98ccb8f89-wr5hg,23/01/2025 20:13,365.7,1.007,15.44,6.52,0,0,95
postgres-7b7f6d75f9-q5dvq,23/01/2025 20:13,871.2,96.15,15.44,0.61,0,0,39
redis-65d8857849-9n6lp,23/01/2025 20:13,1882.1,1.299,15.44,8.41,0,0,7
analyzer-79d4c78db5-g626p,23/01/2025 20:13,5166.2,3.217,15.44,20.83,0,0,342
crud-rest-7c7fd547c9-rs5hs,23/01/2025 20:13,4,994,15.44,6.28,0,0,95
datainjector-98ccb8f89-wr5hg,23/01/2025 20:13,466,1.007,15.44,6.52,0,0,95
postgres-7b7f6d75f9-q5dvq,23/01/2025 20:13,806.7,96.15,15.44,0.61,0,0,39
redis-65d8857849-9n6lp,23/01/2025 20:13,1778.4,1.312,15.44,8.49,0,0,7
analyzer-79d4c78db5-g626p,23/01/2025 20:13,5639.5,3.217,15.44,20.83,0,0,342
crud-rest-7c7fd547c9-rs5hs,23/01/2025 20:13,9.7,994,15.44,6.28,0,0,95
datainjector-98ccb8f89-wr5hg,23/01/2025 20:13,269.2,1.007,15.44,6.52,0,0,95
postgres-7b7f6d75f9-q5dvq,23/01/2025 20:13,908.4,96.15,15.44,0.61,0,0,39
redis-65d8857849-9n6lp,23/01/2025 20:13,1692.3,1.32,15.44,8.55,0,0,7
analyzer-79d4c78db5-g626p,23/01/2025 20:13,4908.3,3.217,15.44,20.83,0,0,344
crud-rest-7c7fd547c9-rs5hs,23/01/2025 20:13,7.6,994,15.44,6.28,0,0,95
datainjector-98ccb8f89-wr5hg,23/01/2025 20:13,141.2,1.007,15.44,6.52,0,0,95
postgres-7b7f6d75f9-q5dvq,23/01/2025 20:13,715.2,96.15,15.44,0.61,0,0,39
redis-65d8857849-9n6lp,23/01/2025 20:13,1716.1,1.331,15.44,8.62,0,0,7
analyzer-79d4c78db5-g626p,23/01/2025 20:13,5472.5,3.243,15.44,21,0,0,344
crud-rest-7c7fd547c9-rs5hs,23/01/2025 20:13,4.7,994,15.44,6.28,0,0,95
datainjector-98ccb8f89-wr5hg,23/01/2025 20:13,267.5,1.007,15.44,6.52,0,0,94
postgres-7b7f6d75f9-q5dvq,23/01/2025 20:13,777.3,96.15,15.44,0.61,0,0,39
redis-65d8857849-9n6lp,23/01/2025 20:13,1652.9,1.341,15.44,8.69,0,0,7
analyzer-79d4c78db5-g626p,23/01/2025 20:13,4768.7,3.243,15.44,21,0,0,344
crud-rest-7c7fd547c9-rs5hs,23/01/2025 20:13,7.4,994,15.44,6.28,0,0,95
datainjector-98ccb8f89-wr5hg,23/01/2025 20:13,649.5,1.007,15.44,6.52,0,0,94
postgres-7b7f6d75f9-q5dvq,23/01/2025 20:13,879.1,96.15,15.44,0.61,0,0,39
redis-65d8857849-9n6lp,23/01/2025 20:13,1901.9,1.349,15.44,8.73,0,0,7
analyzer-79d4c78db5-g626p,23/01/2025 20:13,5320.2,3.243,15.44,21,0,0,346
crud-rest-7c7fd547c9-rs5hs,23/01/2025 20:13,6.7,994,15.44,6.28,0,0,95
datainjector-98ccb8f89-wr5hg,23/01/2025 20:13,331.4,1.007,15.44,6.52,0,0,94
postgres-7b7f6d75f9-q5dvq,23/01/2025 20:13,818.1,96.15,15.44,0.61,0,0,39
redis-65d8857849-9n6lp,23/01/2025 20:13,1698,1.3,15.44,8.42,0,0,7
analyzer-79d4c78db5-g626p,23/01/2025 20:13,5125,3.242,15.44,20.99,0,0,344
crud-rest-7c7fd547c9-rs5hs,23/01/2025 20:13,7.7,993.9,15.44,6.28,0,0,94
datainjector-98ccb8f89-wr5hg,23/01/2025 20:13,440.8,1.007,15.44,6.52,0,0,94
postgres-7b7f6d75f9-q5dvq,23/01/2025 20:13,815.6,96.16,15.44,0.61,0,0,39
redis-65d8857849-9n6lp,23/01/2025 20:13,721.1,1.305,15.44,8.45,0,0,6
analyzer-79d4c78db5-g626p,23/01/2025 20:13,6513,3.253,15.44,21.06,0,0,347
crud-rest-7c7fd547c9-rs5hs,23/01/2025 20:13,4.7,993.9,15.44,6.28,0,0,94
datainjector-98ccb8f89-wr5hg,23/01/2025 20:13,438.3,1.007,15.44,6.52,0,0,94
postgres-7b7f6d75f9-q5dvq,23/01/2025 20:13,734,96.15,15.44,0.61,0,0,39
redis-65d8857849-9n6lp,23/01/2025 20:14,891.6,1.309,15.44,8.48,0,0,6
analyzer-79d4c78db5-g626p,23/01/2025 20:14,5850.2,3.253,15.44,21.06,0,0,346
crud-rest-7c7fd547c9-rs5hs,23/01/2025 20:14,6.4,993.9,15.44,6.28,0,0,94
datainjector-98ccb8f89-wr5hg,23/01/2025 20:14,511,1.007,15.44,6.52,0,0,94
postgres-7b7f6d75f9-q5dvq,23/01/2025 20:14,910.3,96.15,15.44,0.61,0,0,39
redis-65d8857849-9n6lp,23/01/2025 20:14,842.1,1.314,15.44,8.51,0,0,6
analyzer-79d4c78db5-g626p,23/01/2025 20:14,5238.4,3.252,15.44,21.06,0,0,347
crud-rest-7c7fd547c9-rs5hs,23/01/2025 20:14,7.9,993.9,15.44,6.28,0,0,94
datainjector-98ccb8f89-wr5hg,23/01/2025 20:14,406.1,1.007,15.44,6.52,0,0,96
postgres-7b7f6d75f9-q5dvq,23/01/2025 20:14,855.7,96.15,15.44,0.61,0,0,39
redis-65d8857849-9n6lp,23/01/2025 20:14,828.9,1.316,15.44,8.52,0,0,6
analyzer-79d4c78db5-g626p,23/01/2025 20:14,5400.8,3.252,15.44,21.06,0,0,348
crud-rest-7c7fd547c9-rs5hs,23/01/2025 20:14,4.7,993.9,15.44,6.28,0,0,94
datainjector-98ccb8f89-wr5hg,23/01/2025 20:14,463,1.007,15.44,6.52,0,0,96
postgres-7b7f6d75f9-q5dvq,23/01/2025 20:14,849.1,96.28,15.44,0.61,0,0,39
redis-65d8857849-9n6lp,23/01/2025 20:14,822.3,1.321,15.44,8.55,0,0,6
analyzer-79d4c78db5-g626p,23/01/2025 20:14,6446.6,3.292,15.44,21.32,0,0,350
crud-rest-7c7fd547c9-rs5hs,23/01/2025 20:14,5.5,993.9,15.44,6.28,0,0,94
datainjector-98ccb8f89-wr5hg,23/01/2025 20:14,246.4,1.007,15.44,6.52,0,0,96
postgres-7b7f6d75f9-q5dvq,23/01/2025 20:14,964.2,96.15,15.44,0.61,0,0,39
redis-65d8857849-9n6lp,23/01/2025 20:14,773.8,1.324,15.44,8.57,0,0,6
analyzer-79d4c78db5-g626p,23/01/2025 20:14,5601.3,3.292,15.44,21.31,0,0,350
crud-rest-7c7fd547c9-rs5hs,23/01/2025 20:14,11.9,993.9,15.44,6.28,0,0,94
datainjector-98ccb8f89-wr5hg,23/01/2025 20:14,353.5,1.007,15.44,6.52,0,0,96
postgres-7b7f6d75f9-q5dvq,23/01/2025 20:14,880.4,96.15,15.44,0.61,0,0,39
redis-65d8857849-9n6lp,23/01/2025 20:14,901,1.328,15.44,8.6,0,0,6
analyzer-79d4c78db5-g626p,23/01/2025 20:14,5632.9,3.292,15.44,21.32,0,0,352
crud-rest-7c7fd547c9-rs5hs,23/01/2025 20:14,6,993.9,15.44,6.28,0,0,94
datainjector-98ccb8f89-wr5hg,23/01/2025 20:14,389,1.007,15.44,6.52,0,0,96
postgres-7b7f6d75f9-q5dvq,23/01/2025 20:14,857.2,96.15,15.44,0.61,0,0,39
redis-65d8857849-9n6lp,23/01/2025 20:14,737.4,1.332,15.44,8.62,0,0,6
analyzer-79d4c78db5-g626p,23/01/2025 20:14,6520.5,3.312,15.44,21.44,0,0,352
crud-rest-7c7fd547c9-rs5hs,23/01/2025 20:14,5.2,993.9,15.44,6.28,0,0,94
datainjector-98ccb8f89-wr5hg,23/01/2025 20:14,518.5,1.007,15.44,6.52,0,0,96
postgres-7b7f6d75f9-q5dvq,23/01/2025 20:14,769,96.15,15.44,0.61,0,0,39
redis-65d8857849-9n6lp,23/01/2025 20:14,840.4,1.335,15.44,8.65,0,0,6
analyzer-79d4c78db5-g626p,23/01/2025 20:14,5763.5,3.312,15.44,21.44,0,0,352
crud-rest-7c7fd547c9-rs5hs,23/01/2025 20:14,4.6,993.9,15.44,6.28,0,0,94
datainjector-98ccb8f89-wr5hg,23/01/2025 20:14,390.1,1.007,15.44,6.52,0,0,96
postgres-7b7f6d75f9-q5dvq,23/01/2025 20:14,868.6,96.15,15.44,0.61,0,0,39
redis-65d8857849-9n6lp,23/01/2025 20:14,851.6,1.336,15.44,8.65,0,0,6
analyzer-79d4c78db5-g626p,23/01/2025 20:14,6012.9,3.312,15.44,21.44,0,0,354
crud-rest-7c7fd547c9-rs5hs,23/01/2025 20:14,3.9,993.9,15.44,6.28,0,0,94
datainjector-98ccb8f89-wr5hg,23/01/2025 20:14,268.3,1.007,15.44,6.52,0,0,95
postgres-7b7f6d75f9-q5dvq,23/01/2025 20:14,875.3,96.15,15.44,0.61,0,0,39
redis-65d8857849-9n6lp,23/01/2025 20:14,721.4,1.341,15.44,8.68,0,0,6
analyzer-79d4c78db5-g626p,23/01/2025 20:14,7446.9,3.312,15.44,21.44,0,0,355
crud-rest-7c7fd547c9-rs5hs,23/01/2025 20:14,4.3,993.9,15.44,6.28,0,0,94
datainjector-98ccb8f89-wr5hg,23/01/2025 20:14,169.1,1.007,15.44,6.52,0,0,95
postgres-7b7f6d75f9-q5dvq,23/01/2025 20:14,739.5,96.16,15.44,0.61,0,0,39
redis-65d8857849-9n6lp,23/01/2025 20:14,870.5,1.343,15.44,8.7,0,0,6
analyzer-79d4c78db5-g626p,23/01/2025 20:14,5849.7,3.312,15.44,21.44,0,0,357
crud-rest-7c7fd547c9-rs5hs,23/01/2025 20:14,4,993.9,15.44,6.28,0,0,94
datainjector-98ccb8f89-wr5hg,23/01/2025 20:14,357.7,1.007,15.44,6.52,0,0,95
postgres-7b7f6d75f9-q5dvq,23/01/2025 20:14,834.8,96.15,15.44,0.61,0,0,39
redis-65d8857849-9n6lp,23/01/2025 20:14,812.9,1.351,15.44,8.75,0,0,6
analyzer-79d4c78db5-g626p,23/01/2025 20:14,5948.5,3.312,15.44,21.44,0,0,356
crud-rest-7c7fd547c9-rs5hs,23/01/2025 20:14,12.2,993.9,15.44,6.28,0,0,94
datainjector-98ccb8f89-wr5hg,23/01/2025 20:14,286.5,1.007,15.44,6.52,0,0,95
postgres-7b7f6d75f9-q5dvq,23/01/2025 20:14,879.9,96.15,15.44,0.61,0,0,39
redis-65d8857849-9n6lp,23/01/2025 20:14,1607.4,1.385,15.44,8.97,0,0,7
analyzer-79d4c78db5-g626p,23/01/2025 20:14,6324.8,3.312,15.44,21.44,0,0,357
crud-rest-7c7fd547c9-rs5hs,23/01/2025 20:14,6.2,993.8,15.44,6.28,0,0,93
datainjector-98ccb8f89-wr5hg,23/01/2025 20:14,255.8,1.007,15.44,6.52,0,0,95
postgres-7b7f6d75f9-q5dvq,23/01/2025 20:14,608.2,96.15,15.44,0.61,0,0,39
redis-65d8857849-9n6lp,23/01/2025 20:15,1746.7,1.401,15.44,9.07,0,0,7
analyzer-79d4c78db5-g626p,23/01/2025 20:15,5483.4,3.322,15.44,21.51,0,0,358
crud-rest-7c7fd547c9-rs5hs,23/01/2025 20:15,5.1,993.8,15.44,6.28,0,0,93
datainjector-98ccb8f89-wr5hg,23/01/2025 20:15,291.4,1.007,15.44,6.52,0,0,95
postgres-7b7f6d75f9-q5dvq,23/01/2025 20:15,833.4,96.16,15.44,0.61,0,0,39
redis-65d8857849-9n6lp,23/01/2025 20:15,1793.4,1.411,15.44,9.14,0,0,7
analyzer-79d4c78db5-g626p,23/01/2025 20:15,4795,3.321,15.44,21.5,0,0,358
crud-rest-7c7fd547c9-rs5hs,23/01/2025 20:15,5.4,993.8,15.44,6.28,0,0,93
datainjector-98ccb8f89-wr5hg,23/01/2025 20:15,565.3,1.007,15.44,6.52,0,0,95
postgres-7b7f6d75f9-q5dvq,23/01/2025 20:15,749,96.15,15.44,0.61,0,0,39
redis-65d8857849-9n6lp,23/01/2025 20:15,1813.2,1.42,15.44,9.19,0,0,7
analyzer-79d4c78db5-g626p,23/01/2025 20:15,5143.6,3.321,15.44,21.5,0,0,359
crud-rest-7c7fd547c9-rs5hs,23/01/2025 20:15,5.1,993.8,15.44,6.28,0,0,93
datainjector-98ccb8f89-wr5hg,23/01/2025 20:15,490.5,1.007,15.44,6.52,0,0,96
postgres-7b7f6d75f9-q5dvq,23/01/2025 20:15,834.5,96.15,15.44,0.61,0,0,39
redis-65d8857849-9n6lp,23/01/2025 20:15,1813.5,1.426,15.44,9.23,0,0,7
analyzer-79d4c78db5-g626p,23/01/2025 20:15,5585.2,3.379,15.44,21.88,0,0,362
crud-rest-7c7fd547c9-rs5hs,23/01/2025 20:15,7.3,993.8,15.44,6.28,0,0,93
datainjector-98ccb8f89-wr5hg,23/01/2025 20:15,224.2,1.007,15.44,6.52,0,0,96
postgres-7b7f6d75f9-q5dvq,23/01/2025 20:15,887.4,96.15,15.44,0.61,0,0,39
redis-65d8857849-9n6lp,23/01/2025 20:15,1719.9,1.438,15.44,9.31,0,0,7
analyzer-79d4c78db5-g626p,23/01/2025 20:15,5298.9,3.379,15.44,21.88,0,0,362
crud-rest-7c7fd547c9-rs5hs,23/01/2025 20:15,4.7,993.8,15.44,6.28,0,0,93
datainjector-98ccb8f89-wr5hg,23/01/2025 20:15,386.3,1.007,15.44,6.52,0,0,96
postgres-7b7f6d75f9-q5dvq,23/01/2025 20:15,795.5,96.15,15.44,0.61,0,0,39
redis-65d8857849-9n6lp,23/01/2025 20:15,1735.7,1.449,15.44,9.38,0,0,7
analyzer-79d4c78db5-g626p,23/01/2025 20:15,4858.5,3.379,15.44,21.88,0,0,364
crud-rest-7c7fd547c9-rs5hs,23/01/2025 20:15,3.9,993.8,15.44,6.28,0,0,93
datainjector-98ccb8f89-wr5hg,23/01/2025 20:15,487.3,1.007,15.44,6.52,0,0,96
postgres-7b7f6d75f9-q5dvq,23/01/2025 20:15,783.5,96.15,15.44,0.61,0,0,39
redis-65d8857849-9n6lp,23/01/2025 20:15,624.4,1.373,15.44,8.89,0,0,6
analyzer-79d4c78db5-g626p,23/01/2025 20:15,6824.8,3.42,15.44,22.15,0,0,365
crud-rest-7c7fd547c9-rs5hs,23/01/2025 20:15,4.5,994,15.44,6.29,0,0,95
datainjector-98ccb8f89-wr5hg,23/01/2025 20:15,169.2,1.007,15.44,6.52,0,0,96
postgres-7b7f6d75f9-q5dvq,23/01/2025 20:15,679.5,96.15,15.44,0.61,0,0,39
redis-65d8857849-9n6lp,23/01/2025 20:15,818.4,1.376,15.44,8.91,0,0,6
analyzer-79d4c78db5-g626p,23/01/2025 20:15,6062.9,3.433,15.44,22.23,0,0,365
crud-rest-7c7fd547c9-rs5hs,23/01/2025 20:15,5.3,994,15.44,6.29,0,0,95
datainjector-98ccb8f89-wr5hg,23/01/2025 20:15,200,1.007,15.44,6.52,0,0,96
postgres-7b7f6d75f9-q5dvq,23/01/2025 20:15,934.8,96.15,15.44,0.61,0,0,39
redis-65d8857849-9n6lp,23/01/2025 20:15,830.1,1.379,15.44,8.93,0,0,6
analyzer-79d4c78db5-g626p,23/01/2025 20:15,6490.5,3.433,15.44,22.23,0,0,365
crud-rest-7c7fd547c9-rs5hs,23/01/2025 20:15,4.7,994,15.44,6.29,0,0,95
datainjector-98ccb8f89-wr5hg,23/01/2025 20:15,246.4,1.007,15.44,6.52,0,0,96
postgres-7b7f6d75f9-q5dvq,23/01/2025 20:15,871.9,96.15,15.44,0.61,0,0,39
redis-65d8857849-9n6lp,23/01/2025 20:15,845.8,1.383,15.44,8.95,0,0,6
analyzer-79d4c78db5-g626p,23/01/2025 20:15,6059.8,3.431,15.44,22.22,0,0,365
crud-rest-7c7fd547c9-rs5hs,23/01/2025 20:15,5.4,994,15.44,6.29,0,0,95
datainjector-98ccb8f89-wr5hg,23/01/2025 20:15,393.4,1.007,15.44,6.52,0,0,95
postgres-7b7f6d75f9-q5dvq,23/01/2025 20:15,929.3,96.15,15.44,0.61,0,0,39
redis-65d8857849-9n6lp,23/01/2025 20:15,855.7,1.387,15.44,8.98,0,0,6
analyzer-79d4c78db5-g626p,23/01/2025 20:15,6179.5,3.431,15.44,22.21,0,0,366
crud-rest-7c7fd547c9-rs5hs,23/01/2025 20:15,4.2,994,15.44,6.29,0,0,95
datainjector-98ccb8f89-wr5hg,23/01/2025 20:15,483,1.009,15.44,6.53,0,0,95
postgres-7b7f6d75f9-q5dvq,23/01/2025 20:15,863.7,96.15,15.44,0.61,0,0,39
redis-65d8857849-9n6lp,23/01/2025 20:15,832.3,1.394,15.44,9.02,0,0,6
analyzer-79d4c78db5-g626p,23/01/2025 20:15,5849.5,3.457,15.44,22.38,0,0,366
crud-rest-7c7fd547c9-rs5hs,23/01/2025 20:15,8.7,994,15.44,6.29,0,0,95
datainjector-98ccb8f89-wr5hg,23/01/2025 20:15,519.6,1.009,15.44,6.53,0,0,95
postgres-7b7f6d75f9-q5dvq,23/01/2025 20:15,828.6,96.15,15.44,0.61,0,0,39
redis-65d8857849-9n6lp,23/01/2025 20:15,853.1,1.395,15.44,9.03,0,0,6
analyzer-79d4c78db5-g626p,23/01/2025 20:15,6155.5,3.457,15.44,22.38,0,0,367
crud-rest-7c7fd547c9-rs5hs,23/01/2025 20:15,6.1,993.9,15.44,6.28,0,0,94
datainjector-98ccb8f89-wr5hg,23/01/2025 20:15,91.6,1.009,15.44,6.53,0,0,95
postgres-7b7f6d75f9-q5dvq,23/01/2025 20:15,973.3,96.15,15.44,0.61,0,0,39
redis-65d8857849-9n6lp,23/01/2025 20:15,874.9,1.398,15.44,9.05,0,0,6
analyzer-79d4c78db5-g626p,23/01/2025 20:15,5252.4,3.456,15.44,22.38,0,0,367
crud-rest-7c7fd547c9-rs5hs,23/01/2025 20:15,5,993.9,15.44,6.28,0,0,94
datainjector-98ccb8f89-wr5hg,23/01/2025 20:15,453.6,1.009,15.44,6.53,0,0,95
postgres-7b7f6d75f9-q5dvq,23/01/2025 20:15,832.8,96.15,15.44,0.61,0,0,39
redis-65d8857849-9n6lp,23/01/2025 20:16,825.8,1.403,15.44,9.08,0,0,6
analyzer-79d4c78db5-g626p,23/01/2025 20:16,5725.6,3.457,15.44,22.38,0,0,367
crud-rest-7c7fd547c9-rs5hs,23/01/2025 20:16,4.6,993.9,15.44,6.28,0,0,94
datainjector-98ccb8f89-wr5hg,23/01/2025 20:16,394.4,1.009,15.44,6.53,0,0,95
postgres-7b7f6d75f9-q5dvq,23/01/2025 20:16,858.7,96.15,15.44,0.61,0,0,39
redis-65d8857849-9n6lp,23/01/2025 20:16,846.1,1.406,15.44,9.1,0,0,6
analyzer-79d4c78db5-g626p,23/01/2025 20:16,5526.9,3.501,15.44,22.66,0,0,369
crud-rest-7c7fd547c9-rs5hs,23/01/2025 20:16,5,993.9,15.44,6.28,0,0,94
datainjector-98ccb8f89-wr5hg,23/01/2025 20:16,475.2,1.009,15.44,6.53,0,0,95
postgres-7b7f6d75f9-q5dvq,23/01/2025 20:16,864.4,96.15,15.44,0.61,0,0,39
redis-65d8857849-9n6lp,23/01/2025 20:16,838.2,1.41,15.44,9.13,0,0,6
analyzer-79d4c78db5-g626p,23/01/2025 20:16,5304.4,3.501,15.44,22.66,0,0,370
crud-rest-7c7fd547c9-rs5hs,23/01/2025 20:16,5.2,993.9,15.44,6.28,0,0,94
datainjector-98ccb8f89-wr5hg,23/01/2025 20:16,502.5,1.009,15.44,6.53,0,0,95
postgres-7b7f6d75f9-q5dvq,23/01/2025 20:16,849.7,96.15,15.44,0.61,0,0,39
redis-65d8857849-9n6lp,23/01/2025 20:16,885.5,1.412,15.44,9.14,0,0,6
analyzer-79d4c78db5-g626p,23/01/2025 20:16,5771.2,3.5,15.44,22.66,0,0,370
crud-rest-7c7fd547c9-rs5hs,23/01/2025 20:16,8.5,993.9,15.44,6.28,0,0,94
datainjector-98ccb8f89-wr5hg,23/01/2025 20:16,388.7,1.009,15.44,6.53,0,0,95
postgres-7b7f6d75f9-q5dvq,23/01/2025 20:16,882.2,96.15,15.44,0.61,0,0,39
redis-65d8857849-9n6lp,23/01/2025 20:16,823.8,1.415,15.44,9.16,0,0,6
analyzer-79d4c78db5-g626p,23/01/2025 20:16,6320.9,3.536,15.44,22.9,0,0,372
crud-rest-7c7fd547c9-rs5hs,23/01/2025 20:16,5.7,993.9,15.44,6.28,0,0,94
datainjector-98ccb8f89-wr5hg,23/01/2025 20:16,158.8,1.009,15.44,6.53,0,0,95
postgres-7b7f6d75f9-q5dvq,23/01/2025 20:16,911.4,96.15,15.44,0.61,0,0,39
redis-65d8857849-9n6lp,23/01/2025 20:16,815.2,1.417,15.44,9.18,0,0,6
analyzer-79d4c78db5-g626p,23/01/2025 20:16,5184.5,3.554,15.44,23.01,0,0,373
crud-rest-7c7fd547c9-rs5hs,23/01/2025 20:16,3.9,994,15.44,6.29,0,0,95
datainjector-98ccb8f89-wr5hg,23/01/2025 20:16,311.8,1.009,15.44,6.53,0,0,95
postgres-7b7f6d75f9-q5dvq,23/01/2025 20:16,787.9,96.15,15.44,0.61,0,0,39
redis-65d8857849-9n6lp,23/01/2025 20:16,1728.7,1.465,15.44,9.48,0,0,7
analyzer-79d4c78db5-g626p,23/01/2025 20:16,4798,3.554,15.44,23.01,0,0,372
crud-rest-7c7fd547c9-rs5hs,23/01/2025 20:16,3.9,994,15.44,6.29,0,0,95
datainjector-98ccb8f89-wr5hg,23/01/2025 20:16,416.9,1.009,15.44,6.53,0,0,95
postgres-7b7f6d75f9-q5dvq,23/01/2025 20:16,807.4,96.15,15.44,0.61,0,0,39
redis-65d8857849-9n6lp,23/01/2025 20:16,1790.7,1.476,15.44,9.56,0,0,7
analyzer-79d4c78db5-g626p,23/01/2025 20:16,4958.6,3.553,15.44,23.01,0,0,374
crud-rest-7c7fd547c9-rs5hs,23/01/2025 20:16,5.8,994,15.44,6.29,0,0,95
datainjector-98ccb8f89-wr5hg,23/01/2025 20:16,589.8,1.009,15.44,6.53,0,0,95
postgres-7b7f6d75f9-q5dvq,23/01/2025 20:16,717.2,96.15,15.44,0.61,0,0,39
redis-65d8857849-9n6lp,23/01/2025 20:16,1716,1.484,15.44,9.61,0,0,7
analyzer-79d4c78db5-g626p,23/01/2025 20:16,5590.8,3.553,15.44,23.01,0,0,374
crud-rest-7c7fd547c9-rs5hs,23/01/2025 20:16,4.1,994,15.44,6.29,0,0,95
datainjector-98ccb8f89-wr5hg,23/01/2025 20:16,137.5,1.009,15.44,6.53,0,0,95
postgres-7b7f6d75f9-q5dvq,23/01/2025 20:16,837.6,96.28,15.44,0.61,0,0,39
redis-65d8857849-9n6lp,23/01/2025 20:16,1765,1.493,15.44,9.67,0,0,7
analyzer-79d4c78db5-g626p,23/01/2025 20:16,5230.3,3.607,15.44,23.35,0,0,375
crud-rest-7c7fd547c9-rs5hs,23/01/2025 20:16,7.1,994,15.44,6.29,0,0,95
datainjector-98ccb8f89-wr5hg,23/01/2025 20:16,606.9,1.009,15.44,6.53,0,0,94
postgres-7b7f6d75f9-q5dvq,23/01/2025 20:16,857.6,96.15,15.44,0.61,0,0,39
redis-65d8857849-9n6lp,23/01/2025 20:16,1771.4,1.5,15.44,9.71,0,0,7
analyzer-79d4c78db5-g626p,23/01/2025 20:16,5472.5,3.607,15.44,23.35,0,0,376
crud-rest-7c7fd547c9-rs5hs,23/01/2025 20:16,5.1,994,15.44,6.29,0,0,95
datainjector-98ccb8f89-wr5hg,23/01/2025 20:16,145.9,1.009,15.44,6.53,0,0,94
postgres-7b7f6d75f9-q5dvq,23/01/2025 20:16,803.7,96.15,15.44,0.61,0,0,39
redis-65d8857849-9n6lp,23/01/2025 20:16,1769.6,1.511,15.44,9.79,0,0,7
analyzer-79d4c78db5-g626p,23/01/2025 20:16,4837.5,3.606,15.44,23.35,0,0,376
crud-rest-7c7fd547c9-rs5hs,23/01/2025 20:16,4.5,994,15.44,6.29,0,0,95
datainjector-98ccb8f89-wr5hg,23/01/2025 20:16,611.1,1.009,15.44,6.53,0,0,94
postgres-7b7f6d75f9-q5dvq,23/01/2025 20:16,799.1,96.15,15.44,0.61,0,0,39
redis-65d8857849-9n6lp,23/01/2025 20:16,618.7,1.441,15.44,9.33,0,0,6
analyzer-79d4c78db5-g626p,23/01/2025 20:16,6499.8,3.607,15.44,23.35,0,0,378
crud-rest-7c7fd547c9-rs5hs,23/01/2025 20:16,7.2,993.9,15.44,6.28,0,0,94
datainjector-98ccb8f89-wr5hg,23/01/2025 20:16,583.3,1.009,15.44,6.53,0,0,94
postgres-7b7f6d75f9-q5dvq,23/01/2025 20:16,674.9,96.15,15.44,0.61,0,0,39
redis-65d8857849-9n6lp,23/01/2025 20:17,857.2,1.444,15.44,9.35,0,0,6
analyzer-79d4c78db5-g626p,23/01/2025 20:17,5443.1,3.607,15.44,23.35,0,0,380
crud-rest-7c7fd547c9-rs5hs,23/01/2025 20:17,4.5,993.9,15.44,6.28,0,0,94
datainjector-98ccb8f89-wr5hg,23/01/2025 20:17,544.9,1.009,15.44,6.53,0,0,94
postgres-7b7f6d75f9-q5dvq,23/01/2025 20:17,868.2,96.15,15.44,0.61,0,0,39
redis-65d8857849-9n6lp,23/01/2025 20:17,880.7,1.446,15.44,9.36,0,0,6
analyzer-79d4c78db5-g626p,23/01/2025 20:17,5710.3,3.606,15.44,23.35,0,0,379
crud-rest-7c7fd547c9-rs5hs,23/01/2025 20:17,4.1,993.9,15.44,6.28,0,0,94
datainjector-98ccb8f89-wr5hg,23/01/2025 20:17,517.3,1.009,15.44,6.53,0,0,94
postgres-7b7f6d75f9-q5dvq,23/01/2025 20:17,918.7,96.15,15.44,0.61,0,0,39
redis-65d8857849-9n6lp,23/01/2025 20:17,812,1.452,15.44,9.4,0,0,6
analyzer-79d4c78db5-g626p,23/01/2025 20:17,5613.6,3.606,15.44,23.35,0,0,380
crud-rest-7c7fd547c9-rs5hs,23/01/2025 20:17,4,993.9,15.44,6.28,0,0,94
datainjector-98ccb8f89-wr5hg,23/01/2025 20:17,615.9,1.009,15.44,6.53,0,0,96
postgres-7b7f6d75f9-q5dvq,23/01/2025 20:17,814.9,96.15,15.44,0.61,0,0,39
redis-65d8857849-9n6lp,23/01/2025 20:17,678,1.454,15.44,9.42,0,0,6
analyzer-79d4c78db5-g626p,23/01/2025 20:17,6228.8,3.636,15.44,23.54,0,0,381
crud-rest-7c7fd547c9-rs5hs,23/01/2025 20:17,4.7,993.9,15.44,6.28,0,0,94
datainjector-98ccb8f89-wr5hg,23/01/2025 20:17,348.7,1.009,15.44,6.53,0,0,96
postgres-7b7f6d75f9-q5dvq,23/01/2025 20:17,958.3,96.15,15.44,0.61,0,0,39
redis-65d8857849-9n6lp,23/01/2025 20:17,812.3,1.458,15.44,9.44,0,0,6
analyzer-79d4c78db5-g626p,23/01/2025 20:17,5122.1,3.636,15.44,23.54,0,0,383
crud-rest-7c7fd547c9-rs5hs,23/01/2025 20:17,10,994.1,15.44,6.29,0,0,96
datainjector-98ccb8f89-wr5hg,23/01/2025 20:17,299.1,1.009,15.44,6.53,0,0,96
postgres-7b7f6d75f9-q5dvq,23/01/2025 20:17,792.7,95.16,15.44,0.6,0,0,39
redis-65d8857849-9n6lp,23/01/2025 20:17,759.2,1.46,15.44,9.46,0,0,6
analyzer-79d4c78db5-g626p,23/01/2025 20:17,5477.4,3.635,15.44,23.54,0,0,384
crud-rest-7c7fd547c9-rs5hs,23/01/2025 20:17,7.8,993.9,15.44,6.28,0,0,94
datainjector-98ccb8f89-wr5hg,23/01/2025 20:17,158,1.009,15.44,6.53,0,0,96
postgres-7b7f6d75f9-q5dvq,23/01/2025 20:17,818.5,95.16,15.44,0.6,0,0,39
redis-65d8857849-9n6lp,23/01/2025 20:17,737.9,1.465,15.44,9.49,0,0,6
analyzer-79d4c78db5-g626p,23/01/2025 20:17,6177.2,3.635,15.44,23.54,0,0,384
crud-rest-7c7fd547c9-rs5hs,23/01/2025 20:17,6.7,993.9,15.44,6.28,0,0,94
datainjector-98ccb8f89-wr5hg,23/01/2025 20:17,982,1.011,15.44,6.55,0,0,96
postgres-7b7f6d75f9-q5dvq,23/01/2025 20:17,726.1,95.16,15.44,0.6,0,0,39
redis-65d8857849-9n6lp,23/01/2025 20:17,781.1,1.467,15.44,9.5,0,0,6
analyzer-79d4c78db5-g626p,23/01/2025 20:17,5275.4,3.655,15.44,23.66,0,0,384
crud-rest-7c7fd547c9-rs5hs,23/01/2025 20:17,8.3,993.9,15.44,6.28,0,0,94
datainjector-98ccb8f89-wr5hg,23/01/2025 20:17,768.4,1.011,15.44,6.55,0,0,96
postgres-7b7f6d75f9-q5dvq,23/01/2025 20:17,857.6,95.16,15.44,0.6,0,0,39
redis-65d8857849-9n6lp,23/01/2025 20:17,825.2,1.469,15.44,9.51,0,0,6
analyzer-79d4c78db5-g626p,23/01/2025 20:17,5627.6,3.655,15.44,23.66,0,0,385
crud-rest-7c7fd547c9-rs5hs,23/01/2025 20:17,6.5,993.9,15.44,6.28,0,0,94
datainjector-98ccb8f89-wr5hg,23/01/2025 20:17,179.4,1.011,15.44,6.55,0,0,96
postgres-7b7f6d75f9-q5dvq,23/01/2025 20:17,875.1,95.16,15.44,0.6,0,0,39
redis-65d8857849-9n6lp,23/01/2025 20:17,887.6,1.475,15.44,9.55,0,0,6
analyzer-79d4c78db5-g626p,23/01/2025 20:17,6169.5,3.655,15.44,23.66,0,0,387
crud-rest-7c7fd547c9-rs5hs,23/01/2025 20:17,7.3,993.9,15.44,6.28,0,0,94
datainjector-98ccb8f89-wr5hg,23/01/2025 20:17,162.4,1.011,15.44,6.55,0,0,95
postgres-7b7f6d75f9-q5dvq,23/01/2025 20:17,916.2,95.16,15.44,0.6,0,0,39
redis-65d8857849-9n6lp,23/01/2025 20:17,842.5,1.477,15.44,9.56,0,0,6
analyzer-79d4c78db5-g626p,23/01/2025 20:17,6857.4,3.654,15.44,23.66,0,0,386
crud-rest-7c7fd547c9-rs5hs,23/01/2025 20:17,4.6,993.9,15.44,6.28,0,0,94
datainjector-98ccb8f89-wr5hg,23/01/2025 20:17,428.5,1.011,15.44,6.55,0,0,95
postgres-7b7f6d75f9-q5dvq,23/01/2025 20:17,910.2,95.16,15.44,0.6,0,0,39
redis-65d8857849-9n6lp,23/01/2025 20:17,764.4,1.483,15.44,9.6,0,0,6
analyzer-79d4c78db5-g626p,23/01/2025 20:17,5746.9,3.654,15.44,23.66,0,0,386
crud-rest-7c7fd547c9-rs5hs,23/01/2025 20:17,10.1,993.9,15.44,6.28,0,0,94
datainjector-98ccb8f89-wr5hg,23/01/2025 20:17,504.2,1.011,15.44,6.55,0,0,95
postgres-7b7f6d75f9-q5dvq,23/01/2025 20:17,840.9,95.16,15.44,0.6,0,0,39
redis-65d8857849-9n6lp,23/01/2025 20:17,735.3,1.484,15.44,9.61,0,0,6
analyzer-79d4c78db5-g626p,23/01/2025 20:17,5677.6,3.654,15.44,23.66,0,0,388
crud-rest-7c7fd547c9-rs5hs,23/01/2025 20:17,10,993.8,15.44,6.28,0,0,93
datainjector-98ccb8f89-wr5hg,23/01/2025 20:17,235.7,1.011,15.44,6.55,0,0,95
postgres-7b7f6d75f9-q5dvq,23/01/2025 20:17,858.6,95.16,15.44,0.6,0,0,39
redis-65d8857849-9n6lp,23/01/2025 20:17,1648.3,1.525,15.44,9.87,0,0,7
analyzer-79d4c78db5-g626p,23/01/2025 20:17,4757.4,3.654,15.44,23.66,0,0,389
crud-rest-7c7fd547c9-rs5hs,23/01/2025 20:17,38.8,993.8,15.44,6.28,0,0,93
datainjector-98ccb8f89-wr5hg,23/01/2025 20:17,149.8,1.011,15.44,6.55,0,0,95
postgres-7b7f6d75f9-q5dvq,23/01/2025 20:17,848.6,95.16,15.44,0.6,0,0,39
redis-65d8857849-9n6lp,23/01/2025 20:18,1341.4,1.532,15.44,9.92,0,0,7
analyzer-79d4c78db5-g626p,23/01/2025 20:18,5916.9,3.654,15.44,23.66,0,0,391
crud-rest-7c7fd547c9-rs5hs,23/01/2025 20:18,7.5,993.8,15.44,6.28,0,0,93
datainjector-98ccb8f89-wr5hg,23/01/2025 20:18,26.8,1.011,15.44,6.55,0,0,95
postgres-7b7f6d75f9-q5dvq,23/01/2025 20:18,469.1,95.16,15.44,0.6,0,0,39
redis-65d8857849-9n6lp,23/01/2025 20:18,1833.3,1.541,15.44,9.98,0,0,7
analyzer-79d4c78db5-g626p,23/01/2025 20:18,5508.2,3.687,15.44,23.87,0,0,390
crud-rest-7c7fd547c9-rs5hs,23/01/2025 20:18,4.1,993.8,15.44,6.28,0,0,93
datainjector-98ccb8f89-wr5hg,23/01/2025 20:18,361.6,1.011,15.44,6.55,0,0,95
postgres-7b7f6d75f9-q5dvq,23/01/2025 20:18,822.7,95.16,15.44,0.6,0,0,39
redis-65d8857849-9n6lp,23/01/2025 20:18,1789.8,1.551,15.44,10.04,0,0,7
analyzer-79d4c78db5-g626p,23/01/2025 20:18,4904.5,3.687,15.44,23.87,0,0,392
crud-rest-7c7fd547c9-rs5hs,23/01/2025 20:18,4.5,993.8,15.44,6.28,0,0,93
datainjector-98ccb8f89-wr5hg,23/01/2025 20:18,509.2,1.011,15.44,6.55,0,0,95
postgres-7b7f6d75f9-q5dvq,23/01/2025 20:18,835.6,95.16,15.44,0.6,0,0,39
redis-65d8857849-9n6lp,23/01/2025 20:18,1704.4,1.559,15.44,10.09,0,0,7
analyzer-79d4c78db5-g626p,23/01/2025 20:18,4803.4,3.689,15.44,23.89,0,0,393
crud-rest-7c7fd547c9-rs5hs,23/01/2025 20:18,8,993.8,15.44,6.28,0,0,93
datainjector-98ccb8f89-wr5hg,23/01/2025 20:18,261.7,1.011,15.44,6.55,0,0,95
postgres-7b7f6d75f9-q5dvq,23/01/2025 20:18,732.7,95.16,15.44,0.6,0,0,39
redis-65d8857849-9n6lp,23/01/2025 20:18,1481.4,1.569,15.44,10.16,0,0,7
analyzer-79d4c78db5-g626p,23/01/2025 20:18,6481.5,3.713,15.44,24.04,0,0,394
crud-rest-7c7fd547c9-rs5hs,23/01/2025 20:18,9,993.8,15.44,6.28,0,0,93
datainjector-98ccb8f89-wr5hg,23/01/2025 20:18,531.6,1.011,15.44,6.55,0,0,95
postgres-7b7f6d75f9-q5dvq,23/01/2025 20:18,703.7,95.16,15.44,0.6,0,0,39
redis-65d8857849-9n6lp,23/01/2025 20:18,1811.4,1.574,15.44,10.19,0,0,7
analyzer-79d4c78db5-g626p,23/01/2025 20:18,5813.9,3.751,15.44,24.28,0,0,395
crud-rest-7c7fd547c9-rs5hs,23/01/2025 20:18,6.3,994,15.44,6.29,0,0,95
datainjector-98ccb8f89-wr5hg,23/01/2025 20:18,76.6,1.011,15.44,6.55,0,0,95
postgres-7b7f6d75f9-q5dvq,23/01/2025 20:18,843.9,95.16,15.44,0.6,0,0,39
redis-65d8857849-9n6lp,23/01/2025 20:18,832.9,1.511,15.44,9.78,0,0,6
analyzer-79d4c78db5-g626p,23/01/2025 20:18,6063.7,3.75,15.44,24.28,0,0,396
crud-rest-7c7fd547c9-rs5hs,23/01/2025 20:18,4.5,994,15.44,6.29,0,0,95
datainjector-98ccb8f89-wr5hg,23/01/2025 20:18,477.5,1.011,15.44,6.55,0,0,95
postgres-7b7f6d75f9-q5dvq,23/01/2025 20:18,970.4,95.16,15.44,0.6,0,0,39
redis-65d8857849-9n6lp,23/01/2025 20:18,882.3,1.515,15.44,9.81,0,0,6
analyzer-79d4c78db5-g626p,23/01/2025 20:18,5689.8,3.75,15.44,24.28,0,0,396
crud-rest-7c7fd547c9-rs5hs,23/01/2025 20:18,4.3,994,15.44,6.29,0,0,95
datainjector-98ccb8f89-wr5hg,23/01/2025 20:18,415.5,1.011,15.44,6.55,0,0,95
postgres-7b7f6d75f9-q5dvq,23/01/2025 20:18,933.4,95.16,15.44,0.6,0,0,39
redis-65d8857849-9n6lp,23/01/2025 20:18,895.2,1.519,15.44,9.83,0,0,6
analyzer-79d4c78db5-g626p,23/01/2025 20:18,5361.1,3.768,15.44,24.4,0,0,397
crud-rest-7c7fd547c9-rs5hs,23/01/2025 20:18,4.7,994,15.44,6.29,0,0,95
datainjector-98ccb8f89-wr5hg,23/01/2025 20:18,501.1,1.011,15.44,6.55,0,0,94
postgres-7b7f6d75f9-q5dvq,23/01/2025 20:18,843.3,95.16,15.44,0.6,0,0,39
redis-65d8857849-9n6lp,23/01/2025 20:18,860.6,1.523,15.44,9.86,0,0,6
analyzer-79d4c78db5-g626p,23/01/2025 20:18,5736.5,3.768,15.44,24.39,0,0,397
crud-rest-7c7fd547c9-rs5hs,23/01/2025 20:18,4.4,994,15.44,6.29,0,0,95
datainjector-98ccb8f89-wr5hg,23/01/2025 20:18,296.3,1.011,15.44,6.55,0,0,94
postgres-7b7f6d75f9-q5dvq,23/01/2025 20:18,921.4,95.16,15.44,0.6,0,0,39
redis-65d8857849-9n6lp,23/01/2025 20:18,817.8,1.523,15.44,9.86,0,0,6
analyzer-79d4c78db5-g626p,23/01/2025 20:18,5323.8,3.767,15.44,24.39,0,0,397
crud-rest-7c7fd547c9-rs5hs,23/01/2025 20:18,6.2,994,15.44,6.29,0,0,95
datainjector-98ccb8f89-wr5hg,23/01/2025 20:18,385.4,1.011,15.44,6.55,0,0,94
postgres-7b7f6d75f9-q5dvq,23/01/2025 20:18,837.6,95.16,15.44,0.6,0,0,39
redis-65d8857849-9n6lp,23/01/2025 20:18,839.3,1.527,15.44,9.88,0,0,6
analyzer-79d4c78db5-g626p,23/01/2025 20:18,6608.1,3.767,15.44,24.39,0,0,399
crud-rest-7c7fd547c9-rs5hs,23/01/2025 20:18,3.9,994,15.44,6.29,0,0,95
datainjector-98ccb8f89-wr5hg,23/01/2025 20:18,183.3,1.011,15.44,6.55,0,0,94
postgres-7b7f6d75f9-q5dvq,23/01/2025 20:18,718.6,95.17,15.44,0.6,0,0,39
redis-65d8857849-9n6lp,23/01/2025 20:18,843.7,1.534,15.44,9.93,0,0,6
analyzer-79d4c78db5-g626p,23/01/2025 20:18,6189.7,3.817,15.44,24.71,0,0,398
crud-rest-7c7fd547c9-rs5hs,23/01/2025 20:18,7.3,993.9,15.44,6.28,0,0,94
datainjector-98ccb8f89-wr5hg,23/01/2025 20:18,268.3,1.011,15.44,6.55,0,0,94
postgres-7b7f6d75f9-q5dvq,23/01/2025 20:18,924.1,95.16,15.44,0.6,0,0,39
redis-65d8857849-9n6lp,23/01/2025 20:19,871.4,1.536,15.44,9.95,0,0,6
analyzer-79d4c78db5-g626p,23/01/2025 20:19,5575,3.817,15.44,24.71,0,0,398
crud-rest-7c7fd547c9-rs5hs,23/01/2025 20:19,4.3,993.9,15.44,6.28,0,0,94
datainjector-98ccb8f89-wr5hg,23/01/2025 20:19,432.5,1.011,15.44,6.55,0,0,94
postgres-7b7f6d75f9-q5dvq,23/01/2025 20:19,906.6,95.16,15.44,0.6,0,0,39
redis-65d8857849-9n6lp,23/01/2025 20:19,784.1,1.538,15.44,9.96,0,0,6
analyzer-79d4c78db5-g626p,23/01/2025 20:19,5243,3.817,15.44,24.72,0,0,399
crud-rest-7c7fd547c9-rs5hs,23/01/2025 20:19,7.1,993.9,15.44,6.28,0,0,94
datainjector-98ccb8f89-wr5hg,23/01/2025 20:19,462.1,1.011,15.44,6.55,0,0,94
postgres-7b7f6d75f9-q5dvq,23/01/2025 20:19,830,95.16,15.44,0.6,0,0,39
redis-65d8857849-9n6lp,23/01/2025 20:19,745.4,1.539,15.44,9.96,0,0,6
analyzer-79d4c78db5-g626p,23/01/2025 20:19,5857.1,3.817,15.44,24.71,0,0,398
crud-rest-7c7fd547c9-rs5hs,23/01/2025 20:19,6.6,993.9,15.44,6.28,0,0,94
datainjector-98ccb8f89-wr5hg,23/01/2025 20:19,381.4,1.011,15.44,6.55,0,0,96
postgres-7b7f6d75f9-q5dvq,23/01/2025 20:19,747.9,95.16,15.44,0.6,0,0,39
redis-65d8857849-9n6lp,23/01/2025 20:19,820.5,1.543,15.44,9.99,0,0,6
analyzer-79d4c78db5-g626p,23/01/2025 20:19,6004.1,3.817,15.44,24.71,0,0,399
crud-rest-7c7fd547c9-rs5hs,23/01/2025 20:19,7.4,993.9,15.44,6.28,0,0,94
datainjector-98ccb8f89-wr5hg,23/01/2025 20:19,250,1.011,15.44,6.55,0,0,96
postgres-7b7f6d75f9-q5dvq,23/01/2025 20:19,905.6,95.17,15.44,0.6,0,0,39
redis-65d8857849-9n6lp,23/01/2025 20:19,863.1,1.547,15.44,10.02,0,0,6
analyzer-79d4c78db5-g626p,23/01/2025 20:19,6538,3.817,15.44,24.71,0,0,400
crud-rest-7c7fd547c9-rs5hs,23/01/2025 20:19,4.2,993.9,15.44,6.28,0,0,94
datainjector-98ccb8f89-wr5hg,23/01/2025 20:19,315.3,1.011,15.44,6.55,0,0,96
postgres-7b7f6d75f9-q5dvq,23/01/2025 20:19,954,95.17,15.44,0.6,0,0,39
redis-65d8857849-9n6lp,23/01/2025 20:19,824,1.552,15.44,10.05,0,0,6
analyzer-79d4c78db5-g626p,23/01/2025 20:19,5588.8,3.817,15.44,24.71,0,0,401
crud-rest-7c7fd547c9-rs5hs,23/01/2025 20:19,4.1,993.9,15.44,6.28,0,0,94
datainjector-98ccb8f89-wr5hg,23/01/2025 20:19,416.8,1.011,15.44,6.55,0,0,96
postgres-7b7f6d75f9-q5dvq,23/01/2025 20:19,873.5,95.17,15.44,0.6,0,0,39
redis-65d8857849-9n6lp,23/01/2025 20:19,955.1,1.564,15.44,10.12,0,0,7
analyzer-79d4c78db5-g626p,23/01/2025 20:19,4771.2,3.816,15.44,24.71,0,0,402
crud-rest-7c7fd547c9-rs5hs,23/01/2025 20:19,6.1,993.9,15.44,6.28,0,0,94
datainjector-98ccb8f89-wr5hg,23/01/2025 20:19,464.7,1.011,15.44,6.55,0,0,96
postgres-7b7f6d75f9-q5dvq,23/01/2025 20:19,736,95.17,15.44,0.6,0,0,39
redis-65d8857849-9n6lp,23/01/2025 20:19,1631.4,1.593,15.44,10.32,0,0,7
analyzer-79d4c78db5-g626p,23/01/2025 20:19,5178.7,3.816,15.44,24.71,0,0,402
crud-rest-7c7fd547c9-rs5hs,23/01/2025 20:19,22.2,993.9,15.44,6.28,0,0,94
datainjector-98ccb8f89-wr5hg,23/01/2025 20:19,574.2,1.011,15.44,6.55,0,0,96
postgres-7b7f6d75f9-q5dvq,23/01/2025 20:19,834.4,95.17,15.44,0.6,0,0,39
redis-65d8857849-9n6lp,23/01/2025 20:19,1825.3,1.606,15.44,10.4,0,0,7
analyzer-79d4c78db5-g626p,23/01/2025 20:19,4727.3,3.816,15.44,24.71,0,0,403
crud-rest-7c7fd547c9-rs5hs,23/01/2025 20:19,4,993.9,15.44,6.28,0,0,94
datainjector-98ccb8f89-wr5hg,23/01/2025 20:19,213.8,1.011,15.44,6.55,0,0,98
postgres-7b7f6d75f9-q5dvq,23/01/2025 20:19,872.9,95.16,15.44,0.6,0,0,39
redis-65d8857849-9n6lp,23/01/2025 20:19,1842.6,1.617,15.44,10.47,0,0,7
analyzer-79d4c78db5-g626p,23/01/2025 20:19,5867.9,3.816,15.44,24.71,0,0,404
crud-rest-7c7fd547c9-rs5hs,23/01/2025 20:19,4,993.9,15.44,6.28,0,0,94
datainjector-98ccb8f89-wr5hg,23/01/2025 20:19,278,1.011,15.44,6.55,0,0,95
postgres-7b7f6d75f9-q5dvq,23/01/2025 20:19,896.8,95.18,15.44,0.6,0,0,39
redis-65d8857849-9n6lp,23/01/2025 20:19,1793.1,1.624,15.44,10.51,0,0,7
analyzer-79d4c78db5-g626p,23/01/2025 20:19,5137.4,3.855,15.44,24.96,0,0,404
crud-rest-7c7fd547c9-rs5hs,23/01/2025 20:19,4.6,993.9,15.44,6.28,0,0,94
datainjector-98ccb8f89-wr5hg,23/01/2025 20:19,502.7,1.011,15.44,6.55,0,0,95
postgres-7b7f6d75f9-q5dvq,23/01/2025 20:19,829.1,95.18,15.44,0.6,0,0,39
redis-65d8857849-9n6lp,23/01/2025 20:19,1752.1,1.636,15.44,10.59,0,0,7
analyzer-79d4c78db5-g626p,23/01/2025 20:19,5256.9,3.855,15.44,24.96,0,0,406
crud-rest-7c7fd547c9-rs5hs,23/01/2025 20:19,4.5,993.9,15.44,6.28,0,0,94
datainjector-98ccb8f89-wr5hg,23/01/2025 20:19,177.7,1.011,15.44,6.55,0,0,95
postgres-7b7f6d75f9-q5dvq,23/01/2025 20:19,772.1,95.18,15.44,0.6,0,0,39
redis-65d8857849-9n6lp,23/01/2025 20:19,1721,1.641,15.44,10.63,0,0,7
analyzer-79d4c78db5-g626p,23/01/2025 20:19,5041.5,3.855,15.44,24.96,0,0,407
crud-rest-7c7fd547c9-rs5hs,23/01/2025 20:19,11.3,993.8,15.44,6.28,0,0,93
datainjector-98ccb8f89-wr5hg,23/01/2025 20:19,292.7,1.011,15.44,6.55,0,0,95
postgres-7b7f6d75f9-q5dvq,23/01/2025 20:19,781.7,95.18,15.44,0.6,0,0,39
redis-65d8857849-9n6lp,23/01/2025 20:19,1489.3,1.578,15.44,10.21,0,0,6
analyzer-79d4c78db5-g626p,23/01/2025 20:19,5186.1,3.855,15.44,24.96,0,0,407
crud-rest-7c7fd547c9-rs5hs,23/01/2025 20:19,7.6,993.8,15.44,6.28,0,0,93
datainjector-98ccb8f89-wr5hg,23/01/2025 20:19,522.8,1.011,15.44,6.55,0,0,95
postgres-7b7f6d75f9-q5dvq,23/01/2025 20:19,850.4,95.18,15.44,0.6,0,0,39
redis-65d8857849-9n6lp,23/01/2025 20:20,702.7,1.579,15.44,10.23,0,0,6
analyzer-79d4c78db5-g626p,23/01/2025 20:20,5442.5,3.878,15.44,25.11,0,0,407
crud-rest-7c7fd547c9-rs5hs,23/01/2025 20:20,6.1,993.8,15.44,6.28,0,0,93
datainjector-98ccb8f89-wr5hg,23/01/2025 20:20,127.9,1.011,15.44,6.55,0,0,95
postgres-7b7f6d75f9-q5dvq,23/01/2025 20:20,956.8,95.17,15.44,0.6,0,0,39
redis-65d8857849-9n6lp,23/01/2025 20:20,758.4,1.583,15.44,10.25,0,0,6
analyzer-79d4c78db5-g626p,23/01/2025 20:20,5917.2,3.886,15.44,25.16,0,0,408
crud-rest-7c7fd547c9-rs5hs,23/01/2025 20:20,7,993.8,15.44,6.28,0,0,93
datainjector-98ccb8f89-wr5hg,23/01/2025 20:20,331.8,1.011,15.44,6.55,0,0,95
postgres-7b7f6d75f9-q5dvq,23/01/2025 20:20,881.5,95.17,15.44,0.6,0,0,39
redis-65d8857849-9n6lp,23/01/2025 20:20,781.7,1.586,15.44,10.27,0,0,6
analyzer-79d4c78db5-g626p,23/01/2025 20:20,5491,3.886,15.44,25.16,0,0,407
crud-rest-7c7fd547c9-rs5hs,23/01/2025 20:20,4.9,993.8,15.44,6.28,0,0,93
datainjector-98ccb8f89-wr5hg,23/01/2025 20:20,481,1.011,15.44,6.55,0,0,96
postgres-7b7f6d75f9-q5dvq,23/01/2025 20:20,849.5,95.18,15.44,0.6,0,0,39
redis-65d8857849-9n6lp,23/01/2025 20:20,840.6,1.587,15.44,10.28,0,0,6
analyzer-79d4c78db5-g626p,23/01/2025 20:20,5573.7,3.889,15.44,25.18,0,0,407
crud-rest-7c7fd547c9-rs5hs,23/01/2025 20:20,8.4,993.8,15.44,6.28,0,0,93
datainjector-98ccb8f89-wr5hg,23/01/2025 20:20,512.8,1.011,15.44,6.55,0,0,96
postgres-7b7f6d75f9-q5dvq,23/01/2025 20:20,933.8,95.18,15.44,0.6,0,0,39
redis-65d8857849-9n6lp,23/01/2025 20:20,880.6,1.591,15.44,10.3,0,0,6
analyzer-79d4c78db5-g626p,23/01/2025 20:20,6184.2,3.897,15.44,25.23,0,0,408
crud-rest-7c7fd547c9-rs5hs,23/01/2025 20:20,3.9,993.8,15.44,6.28,0,0,93
datainjector-98ccb8f89-wr5hg,23/01/2025 20:20,371.2,1.011,15.44,6.55,0,0,96
postgres-7b7f6d75f9-q5dvq,23/01/2025 20:20,968,95.18,15.44,0.6,0,0,39
redis-65d8857849-9n6lp,23/01/2025 20:20,891.1,1.596,15.44,10.33,0,0,6
analyzer-79d4c78db5-g626p,23/01/2025 20:20,5818.8,3.9,15.44,25.25,0,0,408
crud-rest-7c7fd547c9-rs5hs,23/01/2025 20:20,4.1,994,15.44,6.29,0,0,95
datainjector-98ccb8f89-wr5hg,23/01/2025 20:20,481.2,1.011,15.44,6.55,0,0,96
postgres-7b7f6d75f9-q5dvq,23/01/2025 20:20,961.3,95.18,15.44,0.6,0,0,39
redis-65d8857849-9n6lp,23/01/2025 20:20,845.6,1.598,15.44,10.35,0,0,6
analyzer-79d4c78db5-g626p,23/01/2025 20:20,5781.7,3.908,15.44,25.3,0,0,409
crud-rest-7c7fd547c9-rs5hs,23/01/2025 20:20,3.6,994,15.44,6.29,0,0,95
datainjector-98ccb8f89-wr5hg,23/01/2025 20:20,213,1.011,15.44,6.55,0,0,96
postgres-7b7f6d75f9-q5dvq,23/01/2025 20:20,881.6,95.18,15.44,0.6,0,0,39
redis-65d8857849-9n6lp,23/01/2025 20:20,720.5,1.6,15.44,10.36,0,0,6
analyzer-79d4c78db5-g626p,23/01/2025 20:20,6980.8,3.915,15.44,25.35,0,0,408
crud-rest-7c7fd547c9-rs5hs,23/01/2025 20:20,4.5,994,15.44,6.29,0,0,95
datainjector-98ccb8f89-wr5hg,23/01/2025 20:20,272.2,1.011,15.44,6.55,0,0,96
postgres-7b7f6d75f9-q5dvq,23/01/2025 20:20,723.7,95.18,15.44,0.6,0,0,39
redis-65d8857849-9n6lp,23/01/2025 20:20,912.2,1.602,15.44,10.37,0,0,6
analyzer-79d4c78db5-g626p,23/01/2025 20:20,5195.4,3.919,15.44,25.38,0,0,409
crud-rest-7c7fd547c9-rs5hs,23/01/2025 20:20,9.7,994,15.44,6.29,0,0,95
datainjector-98ccb8f89-wr5hg,23/01/2025 20:20,456.7,1.011,15.44,6.55,0,0,95
postgres-7b7f6d75f9-q5dvq,23/01/2025 20:20,851.8,95.18,15.44,0.6,0,0,39
redis-65d8857849-9n6lp,23/01/2025 20:20,820.5,1.606,15.44,10.4,0,0,6
analyzer-79d4c78db5-g626p,23/01/2025 20:20,5888.6,3.919,15.44,25.38,0,0,409
crud-rest-7c7fd547c9-rs5hs,23/01/2025 20:20,5.1,994,15.44,6.29,0,0,95
datainjector-98ccb8f89-wr5hg,23/01/2025 20:20,243.6,1.011,15.44,6.55,0,0,95
postgres-7b7f6d75f9-q5dvq,23/01/2025 20:20,893.7,95.18,15.44,0.6,0,0,39
redis-65d8857849-9n6lp,23/01/2025 20:20,939.6,1.606,15.44,10.4,0,0,6
analyzer-79d4c78db5-g626p,23/01/2025 20:20,5438.9,3.919,15.44,25.38,0,0,409
crud-rest-7c7fd547c9-rs5hs,23/01/2025 20:20,11.6,994,15.44,6.29,0,0,95
datainjector-98ccb8f89-wr5hg,23/01/2025 20:20,394.1,1.011,15.44,6.55,0,0,95
postgres-7b7f6d75f9-q5dvq,23/01/2025 20:20,805.2,95.18,15.44,0.6,0,0,39
redis-65d8857849-9n6lp,23/01/2025 20:20,740.5,1.61,15.44,10.43,0,0,6
analyzer-79d4c78db5-g626p,23/01/2025 20:20,5894.5,3.919,15.44,25.38,0,0,409
crud-rest-7c7fd547c9-rs5hs,23/01/2025 20:20,8.1,994,15.44,6.29,0,0,95
datainjector-98ccb8f89-wr5hg,23/01/2025 20:20,692.8,1.011,15.44,6.55,0,0,95
postgres-7b7f6d75f9-q5dvq,23/01/2025 20:20,674.1,95.18,15.44,0.6,0,0,39
redis-65d8857849-9n6lp,23/01/2025 20:20,763.3,1.611,15.44,10.43,0,0,6
analyzer-79d4c78db5-g626p,23/01/2025 20:20,5437.8,3.921,15.44,25.39,0,0,406
crud-rest-7c7fd547c9-rs5hs,23/01/2025 20:20,5.9,993.9,15.44,6.28,0,0,94
datainjector-98ccb8f89-wr5hg,23/01/2025 20:20,323.8,1.011,15.44,6.55,0,0,95
postgres-7b7f6d75f9-q5dvq,23/01/2025 20:20,765,95.18,15.44,0.6,0,0,39
redis-65d8857849-9n6lp,23/01/2025 20:21,1834.3,1.647,15.44,10.66,0,0,7
analyzer-79d4c78db5-g626p,23/01/2025 20:21,4983.5,3.929,15.44,25.44,0,0,409
crud-rest-7c7fd547c9-rs5hs,23/01/2025 20:21,4.9,993.9,15.44,6.28,0,0,94
datainjector-98ccb8f89-wr5hg,23/01/2025 20:21,106,1.011,15.44,6.55,0,0,95
postgres-7b7f6d75f9-q5dvq,23/01/2025 20:21,740.1,95.18,15.44,0.6,0,0,39
redis-65d8857849-9n6lp,23/01/2025 20:21,1809.2,1.671,15.44,10.82,0,0,7
analyzer-79d4c78db5-g626p,23/01/2025 20:21,5235.9,3.937,15.44,25.49,0,0,408
crud-rest-7c7fd547c9-rs5hs,23/01/2025 20:21,4.2,993.9,15.44,6.28,0,0,94
datainjector-98ccb8f89-wr5hg,23/01/2025 20:21,545.3,1.011,15.44,6.55,0,0,95
postgres-7b7f6d75f9-q5dvq,23/01/2025 20:21,847.6,95.3,15.44,0.6,0,0,39
redis-65d8857849-9n6lp,23/01/2025 20:21,1487.2,1.676,15.44,10.85,0,0,7
analyzer-79d4c78db5-g626p,23/01/2025 20:21,5823.1,3.957,15.44,25.62,0,0,409
crud-rest-7c7fd547c9-rs5hs,23/01/2025 20:21,4,993.9,15.44,6.28,0,0,94
datainjector-98ccb8f89-wr5hg,23/01/2025 20:21,114.4,1.011,15.44,6.55,0,0,96
postgres-7b7f6d75f9-q5dvq,23/01/2025 20:21,761.3,95.18,15.44,0.6,0,0,39
redis-65d8857849-9n6lp,23/01/2025 20:21,1673.3,1.693,15.44,10.96,0,0,7
analyzer-79d4c78db5-g626p,23/01/2025 20:21,5053.9,3.957,15.44,25.62,0,0,410
crud-rest-7c7fd547c9-rs5hs,23/01/2025 20:21,4.7,993.9,15.44,6.28,0,0,94
datainjector-98ccb8f89-wr5hg,23/01/2025 20:21,487.4,1.011,15.44,6.55,0,0,96
postgres-7b7f6d75f9-q5dvq,23/01/2025 20:21,786,95.18,15.44,0.6,0,0,39
redis-65d8857849-9n6lp,23/01/2025 20:21,1757.5,1.705,15.44,11.04,0,0,7
analyzer-79d4c78db5-g626p,23/01/2025 20:21,5102.4,3.957,15.44,25.62,0,0,411
crud-rest-7c7fd547c9-rs5hs,23/01/2025 20:21,4.7,993.8,15.44,6.28,0,0,94
datainjector-98ccb8f89-wr5hg,23/01/2025 20:21,188.5,1.011,15.44,6.55,0,0,96
postgres-7b7f6d75f9-q5dvq,23/01/2025 20:21,755.3,95.14,15.44,0.6,0,0,39
redis-65d8857849-9n6lp,23/01/2025 20:21,1845.1,1.717,15.44,11.12,0,0,7
analyzer-79d4c78db5-g626p,23/01/2025 20:21,5352.4,3.957,15.44,25.62,0,0,411
crud-rest-7c7fd547c9-rs5hs,23/01/2025 20:21,4,993.8,15.44,6.28,0,0,94
datainjector-98ccb8f89-wr5hg,23/01/2025 20:21,403.9,1.011,15.44,6.55,0,0,96
postgres-7b7f6d75f9-q5dvq,23/01/2025 20:21,804.8,95.14,15.44,0.6,0,0,39
redis-65d8857849-9n6lp,23/01/2025 20:21,1838,1.729,15.44,11.19,0,0,7
analyzer-79d4c78db5-g626p,23/01/2025 20:21,5455,3.977,15.44,25.75,0,0,412
crud-rest-7c7fd547c9-rs5hs,23/01/2025 20:21,15,993.6,15.44,6.28,0,0,95
datainjector-98ccb8f89-wr5hg,23/01/2025 20:21,158.4,1.011,15.44,6.55,0,0,96
postgres-7b7f6d75f9-q5dvq,23/01/2025 20:21,810.1,95.11,15.44,0.6,0,0,39
redis-65d8857849-9n6lp,23/01/2025 20:21,1311.1,1.624,15.44,10.52,0,0,6
analyzer-79d4c78db5-g626p,23/01/2025 20:21,5773.2,3.977,15.44,25.75,0,0,410
crud-rest-7c7fd547c9-rs5hs,23/01/2025 20:21,6.2,993.6,15.44,6.28,0,0,95
datainjector-98ccb8f89-wr5hg,23/01/2025 20:21,491.8,1.011,15.44,6.55,0,0,96
postgres-7b7f6d75f9-q5dvq,23/01/2025 20:21,821,95.11,15.44,0.6,0,0,39
redis-65d8857849-9n6lp,23/01/2025 20:21,838.2,1.627,15.44,10.54,0,0,6
analyzer-79d4c78db5-g626p,23/01/2025 20:21,5822.8,3.978,15.44,25.76,0,0,411
crud-rest-7c7fd547c9-rs5hs,23/01/2025 20:21,4.9,993.6,15.44,6.28,0,0,95
datainjector-98ccb8f89-wr5hg,23/01/2025 20:21,426.8,1.011,15.44,6.55,0,0,96
postgres-7b7f6d75f9-q5dvq,23/01/2025 20:21,896.9,95.11,15.44,0.6,0,0,39
redis-65d8857849-9n6lp,23/01/2025 20:21,907.6,1.628,15.44,10.54,0,0,6
analyzer-79d4c78db5-g626p,23/01/2025 20:21,5975.7,3.982,15.44,25.78,0,0,413
crud-rest-7c7fd547c9-rs5hs,23/01/2025 20:21,6.1,993.6,15.44,6.28,0,0,95
datainjector-98ccb8f89-wr5hg,23/01/2025 20:21,170.9,1.011,15.44,6.55,0,0,95
postgres-7b7f6d75f9-q5dvq,23/01/2025 20:21,824.1,95.11,15.44,0.6,0,0,39
redis-65d8857849-9n6lp,23/01/2025 20:21,735.4,1.63,15.44,10.55,0,0,6
analyzer-79d4c78db5-g626p,23/01/2025 20:21,5853.4,3.986,15.44,25.81,0,0,412
crud-rest-7c7fd547c9-rs5hs,23/01/2025 20:21,5.3,993.6,15.44,6.28,0,0,95
datainjector-98ccb8f89-wr5hg,23/01/2025 20:21,581.6,1.011,15.44,6.55,0,0,95
postgres-7b7f6d75f9-q5dvq,23/01/2025 20:21,773.1,95.11,15.44,0.6,0,0,39
redis-65d8857849-9n6lp,23/01/2025 20:21,812.3,1.633,15.44,10.57,0,0,6
analyzer-79d4c78db5-g626p,23/01/2025 20:21,5977.3,3.986,15.44,25.81,0,0,412
crud-rest-7c7fd547c9-rs5hs,23/01/2025 20:21,4.2,993.6,15.44,6.28,0,0,95
datainjector-98ccb8f89-wr5hg,23/01/2025 20:21,145.8,1.011,15.44,6.55,0,0,95
postgres-7b7f6d75f9-q5dvq,23/01/2025 20:21,859.4,95.11,15.44,0.6,0,0,39
redis-65d8857849-9n6lp,23/01/2025 20:21,805.9,1.634,15.44,10.58,0,0,6
analyzer-79d4c78db5-g626p,23/01/2025 20:21,6391.7,3.986,15.44,25.81,0,0,411
crud-rest-7c7fd547c9-rs5hs,23/01/2025 20:21,5,993.5,15.44,6.28,0,0,94
datainjector-98ccb8f89-wr5hg,23/01/2025 20:21,391.6,1.011,15.44,6.55,0,0,95
postgres-7b7f6d75f9-q5dvq,23/01/2025 20:21,981.5,95.11,15.44,0.6,0,0,39
redis-65d8857849-9n6lp,23/01/2025 20:21,850.4,1.636,15.44,10.6,0,0,6
analyzer-79d4c78db5-g626p,23/01/2025 20:21,5221.8,3.986,15.44,25.81,0,0,413
crud-rest-7c7fd547c9-rs5hs,23/01/2025 20:21,5,993.5,15.44,6.28,0,0,94
datainjector-98ccb8f89-wr5hg,23/01/2025 20:21,499,1.011,15.44,6.55,0,0,95
postgres-7b7f6d75f9-q5dvq,23/01/2025 20:21,784.1,95.11,15.44,0.6,0,0,39
redis-65d8857849-9n6lp,23/01/2025 20:22,837.1,1.639,15.44,10.61,0,0,6
analyzer-79d4c78db5-g626p,23/01/2025 20:22,5907.6,3.986,15.44,25.81,0,0,413
crud-rest-7c7fd547c9-rs5hs,23/01/2025 20:22,19.5,993.5,15.44,6.28,0,0,94
datainjector-98ccb8f89-wr5hg,23/01/2025 20:22,188.7,1.011,15.44,6.55,0,0,95
postgres-7b7f6d75f9-q5dvq,23/01/2025 20:22,779.5,95.11,15.44,0.6,0,0,39
redis-65d8857849-9n6lp,23/01/2025 20:22,565.3,1.641,15.44,10.63,0,0,6
analyzer-79d4c78db5-g626p,23/01/2025 20:22,7008.8,3.986,15.44,25.81,0,0,413
crud-rest-7c7fd547c9-rs5hs,23/01/2025 20:22,19.6,993.5,15.44,6.28,0,0,94
datainjector-98ccb8f89-wr5hg,23/01/2025 20:22,665.8,1.011,15.44,6.55,0,0,95
postgres-7b7f6d75f9-q5dvq,23/01/2025 20:22,564.3,95.11,15.44,0.6,0,0,39
redis-65d8857849-9n6lp,23/01/2025 20:22,823.1,1.644,15.44,10.64,0,0,6
analyzer-79d4c78db5-g626p,23/01/2025 20:22,6185.4,4.008,15.44,25.95,0,0,415
crud-rest-7c7fd547c9-rs5hs,23/01/2025 20:22,7.1,993.5,15.44,6.28,0,0,94
datainjector-98ccb8f89-wr5hg,23/01/2025 20:22,99.5,1.011,15.44,6.55,0,0,95
postgres-7b7f6d75f9-q5dvq,23/01/2025 20:22,912.1,95.11,15.44,0.6,0,0,39
redis-65d8857849-9n6lp,23/01/2025 20:22,836.2,1.645,15.44,10.65,0,0,6
analyzer-79d4c78db5-g626p,23/01/2025 20:22,5781.9,4.008,15.44,25.95,0,0,414
crud-rest-7c7fd547c9-rs5hs,23/01/2025 20:22,3.8,993.5,15.44,6.28,0,0,94
datainjector-98ccb8f89-wr5hg,23/01/2025 20:22,490,1.011,15.44,6.55,0,0,95
postgres-7b7f6d75f9-q5dvq,23/01/2025 20:22,881.1,95.11,15.44,0.6,0,0,39
redis-65d8857849-9n6lp,23/01/2025 20:22,803,1.652,15.44,10.7,0,0,6
analyzer-79d4c78db5-g626p,23/01/2025 20:22,5340.7,4.012,15.44,25.98,0,0,415
crud-rest-7c7fd547c9-rs5hs,23/01/2025 20:22,5.2,993.5,15.44,6.28,0,0,94
datainjector-98ccb8f89-wr5hg,23/01/2025 20:22,529.2,1.011,15.44,6.55,0,0,95
postgres-7b7f6d75f9-q5dvq,23/01/2025 20:22,858.5,94.94,15.44,0.6,0,0,39
redis-65d8857849-9n6lp,23/01/2025 20:22,737.5,1.651,15.44,10.69,0,0,6
analyzer-79d4c78db5-g626p,23/01/2025 20:22,6374.4,4.012,15.44,25.98,0,0,415
crud-rest-7c7fd547c9-rs5hs,23/01/2025 20:22,5.8,993.5,15.44,6.28,0,0,94
datainjector-98ccb8f89-wr5hg,23/01/2025 20:22,213.8,1.011,15.44,6.55,0,0,95
postgres-7b7f6d75f9-q5dvq,23/01/2025 20:22,878.8,94.94,15.44,0.6,0,0,39
redis-65d8857849-9n6lp,23/01/2025 20:22,781.1,1.658,15.44,10.73,0,0,6
analyzer-79d4c78db5-g626p,23/01/2025 20:22,5734.8,4.012,15.44,25.98,0,0,414
crud-rest-7c7fd547c9-rs5hs,23/01/2025 20:22,7.2,993.5,15.44,6.28,0,0,94
datainjector-98ccb8f89-wr5hg,23/01/2025 20:22,277,1.011,15.44,6.55,0,0,95
postgres-7b7f6d75f9-q5dvq,23/01/2025 20:22,852.5,94.94,15.44,0.6,0,0,39
redis-65d8857849-9n6lp,23/01/2025 20:22,1890,1.711,15.44,11.08,0,0,7
analyzer-79d4c78db5-g626p,23/01/2025 20:22,4383.1,4.012,15.44,25.97,0,0,415
crud-rest-7c7fd547c9-rs5hs,23/01/2025 20:22,5.6,993.5,15.44,6.28,0,0,94
datainjector-98ccb8f89-wr5hg,23/01/2025 20:22,485.5,1.01,15.44,6.54,0,0,95
postgres-7b7f6d75f9-q5dvq,23/01/2025 20:22,693.1,94.86,15.44,0.6,0,0,39
redis-65d8857849-9n6lp,23/01/2025 20:22,1914.2,1.745,15.44,11.3,0,0,7
analyzer-79d4c78db5-g626p,23/01/2025 20:22,4667.1,4.013,15.44,25.98,0,0,416
crud-rest-7c7fd547c9-rs5hs,23/01/2025 20:22,4.4,992.7,15.44,6.28,0,0,94
datainjector-98ccb8f89-wr5hg,23/01/2025 20:22,457.6,1.01,15.44,6.54,0,0,94
postgres-7b7f6d75f9-q5dvq,23/01/2025 20:22,727.3,94.84,15.44,0.6,0,0,39
redis-65d8857849-9n6lp,23/01/2025 20:22,1625.9,1.765,15.44,11.43,0,0,7
analyzer-79d4c78db5-g626p,23/01/2025 20:22,6202.1,4.036,15.44,26.13,0,0,419
crud-rest-7c7fd547c9-rs5hs,23/01/2025 20:22,5.2,992.1,15.44,6.27,0,0,94
datainjector-98ccb8f89-wr5hg,23/01/2025 20:22,518.4,1.01,15.44,6.54,0,0,94
postgres-7b7f6d75f9-q5dvq,23/01/2025 20:22,604.6,94.72,15.44,0.6,0,0,39
redis-65d8857849-9n6lp,23/01/2025 20:22,1820.8,1.782,15.44,11.54,0,0,7
analyzer-79d4c78db5-g626p,23/01/2025 20:22,5267.1,4.036,15.44,26.13,0,0,418
crud-rest-7c7fd547c9-rs5hs,23/01/2025 20:22,9,992,15.44,6.27,0,0,94
datainjector-98ccb8f89-wr5hg,23/01/2025 20:22,513,1.01,15.44,6.54,0,0,94
postgres-7b7f6d75f9-q5dvq,23/01/2025 20:22,633.4,94.64,15.44,0.6,0,0,39
redis-65d8857849-9n6lp,23/01/2025 20:22,1898.9,1.798,15.44,11.64,0,0,7
analyzer-79d4c78db5-g626p,23/01/2025 20:22,5080.3,4.035,15.44,26.13,0,0,419
crud-rest-7c7fd547c9-rs5hs,23/01/2025 20:22,4.8,992,15.44,6.27,0,0,94
datainjector-98ccb8f89-wr5hg,23/01/2025 20:22,61.7,1.01,15.44,6.54,0,0,94
postgres-7b7f6d75f9-q5dvq,23/01/2025 20:22,720.3,94.62,15.44,0.6,0,0,39
redis-65d8857849-9n6lp,23/01/2025 20:22,1885.3,1.81,15.44,11.72,0,0,7
analyzer-79d4c78db5-g626p,23/01/2025 20:22,4948,4.035,15.44,26.12,0,0,420
crud-rest-7c7fd547c9-rs5hs,23/01/2025 20:22,5.9,992,15.44,6.27,0,0,95
datainjector-98ccb8f89-wr5hg,23/01/2025 20:22,425.6,1.01,15.44,6.54,0,0,94
postgres-7b7f6d75f9-q5dvq,23/01/2025 20:22,752.9,94.6,15.44,0.6,0,0,39
redis-65d8857849-9n6lp,23/01/2025 20:23,1739.9,1.817,15.44,11.76,0,0,7
analyzer-79d4c78db5-g626p,23/01/2025 20:23,4519.7,4.034,15.44,26.12,0,0,420
crud-rest-7c7fd547c9-rs5hs,23/01/2025 20:23,4.4,991.8,15.44,6.27,0,0,93
datainjector-98ccb8f89-wr5hg,23/01/2025 20:23,558.2,1.01,15.44,6.54,0,0,94
postgres-7b7f6d75f9-q5dvq,23/01/2025 20:23,702.9,94.56,15.44,0.6,0,0,39
redis-65d8857849-9n6lp,23/01/2025 20:23,1836.8,1.833,15.44,11.87,0,0,7
analyzer-79d4c78db5-g626p,23/01/2025 20:23,4778.4,4.094,15.44,26.51,0,0,420
crud-rest-7c7fd547c9-rs5hs,23/01/2025 20:23,4.5,991.8,15.44,6.27,0,0,93
datainjector-98ccb8f89-wr5hg,23/01/2025 20:23,523.2,1.01,15.44,6.54,0,0,94
postgres-7b7f6d75f9-q5dvq,23/01/2025 20:23,767.5,94.52,15.44,0.6,0,0,39
redis-65d8857849-9n6lp,23/01/2025 20:23,819.9,1.695,15.44,10.97,0,0,6
analyzer-79d4c78db5-g626p,23/01/2025 20:23,4730,4.094,15.44,26.51,0,0,421
crud-rest-7c7fd547c9-rs5hs,23/01/2025 20:23,5.5,991.8,15.44,6.27,0,0,93
datainjector-98ccb8f89-wr5hg,23/01/2025 20:23,218.1,1.01,15.44,6.54,0,0,96
postgres-7b7f6d75f9-q5dvq,23/01/2025 20:23,892.9,94.52,15.44,0.6,0,0,39
redis-65d8857849-9n6lp,23/01/2025 20:23,799.8,1.705,15.44,11.04,0,0,6
analyzer-79d4c78db5-g626p,23/01/2025 20:23,6055.5,4.094,15.44,26.51,0,0,422
crud-rest-7c7fd547c9-rs5hs,23/01/2025 20:23,11,991.8,15.44,6.27,0,0,93
datainjector-98ccb8f89-wr5hg,23/01/2025 20:23,40.8,1.01,15.44,6.54,0,0,96
postgres-7b7f6d75f9-q5dvq,23/01/2025 20:23,849.8,94.52,15.44,0.6,0,0,39
redis-65d8857849-9n6lp,23/01/2025 20:23,812.3,1.71,15.44,11.07,0,0,6
analyzer-79d4c78db5-g626p,23/01/2025 20:23,5642.3,4.094,15.44,26.51,0,0,421
crud-rest-7c7fd547c9-rs5hs,23/01/2025 20:23,4.4,991.8,15.44,6.27,0,0,93
datainjector-98ccb8f89-wr5hg,23/01/2025 20:23,356.5,1.01,15.44,6.54,0,0,96
postgres-7b7f6d75f9-q5dvq,23/01/2025 20:23,853.6,94.52,15.44,0.6,0,0,39
redis-65d8857849-9n6lp,23/01/2025 20:23,867.5,1.718,15.44,11.13,0,0,6
analyzer-79d4c78db5-g626p,23/01/2025 20:23,6165.1,4.094,15.44,26.51,0,0,422
crud-rest-7c7fd547c9-rs5hs,23/01/2025 20:23,4,991.8,15.44,6.27,0,0,93
datainjector-98ccb8f89-wr5hg,23/01/2025 20:23,520.5,1.01,15.44,6.54,0,0,96
postgres-7b7f6d75f9-q5dvq,23/01/2025 20:23,969.6,94.52,15.44,0.6,0,0,39
redis-65d8857849-9n6lp,23/01/2025 20:23,831.1,1.721,15.44,11.15,0,0,6
analyzer-79d4c78db5-g626p,23/01/2025 20:23,5580.7,4.094,15.44,26.51,0,0,422
crud-rest-7c7fd547c9-rs5hs,23/01/2025 20:23,6.1,992,15.44,6.27,0,0,95
datainjector-98ccb8f89-wr5hg,23/01/2025 20:23,269.1,1.01,15.44,6.54,0,0,96
postgres-7b7f6d75f9-q5dvq,23/01/2025 20:23,836,94.52,15.44,0.6,0,0,39
redis-65d8857849-9n6lp,23/01/2025 20:23,779.2,1.726,15.44,11.18,0,0,6
analyzer-79d4c78db5-g626p,23/01/2025 20:23,5315.4,4.094,15.44,26.51,0,0,422
crud-rest-7c7fd547c9-rs5hs,23/01/2025 20:23,11.3,992,15.44,6.27,0,0,95
datainjector-98ccb8f89-wr5hg,23/01/2025 20:23,385.9,1.01,15.44,6.54,0,0,96
postgres-7b7f6d75f9-q5dvq,23/01/2025 20:23,753,94.52,15.44,0.6,0,0,39
redis-65d8857849-9n6lp,23/01/2025 20:23,820.7,1.731,15.44,11.21,0,0,6
analyzer-79d4c78db5-g626p,23/01/2025 20:23,6256.2,4.094,15.44,26.51,0,0,424
crud-rest-7c7fd547c9-rs5hs,23/01/2025 20:23,8.4,992,15.44,6.27,0,0,95
datainjector-98ccb8f89-wr5hg,23/01/2025 20:23,490.4,1.01,15.44,6.54,0,0,96
postgres-7b7f6d75f9-q5dvq,23/01/2025 20:23,883.6,94.52,15.44,0.6,0,0,39
redis-65d8857849-9n6lp,23/01/2025 20:23,861.8,1.736,15.44,11.24,0,0,6
analyzer-79d4c78db5-g626p,23/01/2025 20:23,6074.1,4.105,15.44,26.58,0,0,424
crud-rest-7c7fd547c9-rs5hs,23/01/2025 20:23,4.9,992,15.44,6.27,0,0,95
datainjector-98ccb8f89-wr5hg,23/01/2025 20:23,200.7,1.01,15.44,6.54,0,0,95
postgres-7b7f6d75f9-q5dvq,23/01/2025 20:23,942.4,94.65,15.44,0.6,0,0,39
redis-65d8857849-9n6lp,23/01/2025 20:23,858.4,1.742,15.44,11.28,0,0,6
analyzer-79d4c78db5-g626p,23/01/2025 20:23,5725.1,4.105,15.44,26.58,0,0,423
crud-rest-7c7fd547c9-rs5hs,23/01/2025 20:23,4.3,992,15.44,6.27,0,0,95
datainjector-98ccb8f89-wr5hg,23/01/2025 20:23,438.5,1.01,15.44,6.54,0,0,95
postgres-7b7f6d75f9-q5dvq,23/01/2025 20:23,873.7,94.64,15.44,0.6,0,0,39
redis-65d8857849-9n6lp,23/01/2025 20:23,789.7,1.741,15.44,11.27,0,0,6
analyzer-79d4c78db5-g626p,23/01/2025 20:23,5326.7,4.105,15.44,26.58,0,0,423
crud-rest-7c7fd547c9-rs5hs,23/01/2025 20:23,3.7,992,15.44,6.27,0,0,95
datainjector-98ccb8f89-wr5hg,23/01/2025 20:23,423.4,1.01,15.44,6.54,0,0,95
postgres-7b7f6d75f9-q5dvq,23/01/2025 20:23,828.6,94.64,15.44,0.6,0,0,39
redis-65d8857849-9n6lp,23/01/2025 20:23,795.6,1.74,15.44,11.26,0,0,6
analyzer-79d4c78db5-g626p,23/01/2025 20:23,6188.2,4.104,15.44,26.58,0,0,423
crud-rest-7c7fd547c9-rs5hs,23/01/2025 20:23,7.5,991.9,15.44,6.27,0,0,94
datainjector-98ccb8f89-wr5hg,23/01/2025 20:23,400.7,1.01,15.44,6.54,0,0,95
postgres-7b7f6d75f9-q5dvq,23/01/2025 20:23,878.2,94.65,15.44,0.6,0,0,39
redis-65d8857849-9n6lp,23/01/2025 20:23,805.1,1.739,15.44,11.26,0,0,6
analyzer-79d4c78db5-g626p,23/01/2025 20:23,5313.6,4.12,15.44,26.68,0,0,426
crud-rest-7c7fd547c9-rs5hs,23/01/2025 20:23,5.8,991.9,15.44,6.27,0,0,94
datainjector-98ccb8f89-wr5hg,23/01/2025 20:23,303.6,1.01,15.44,6.54,0,0,95
postgres-7b7f6d75f9-q5dvq,23/01/2025 20:23,778.7,94.65,15.44,0.6,0,0,39
redis-65d8857849-9n6lp,23/01/2025 20:24,792.3,1.74,15.44,11.27,0,0,6
analyzer-79d4c78db5-g626p,23/01/2025 20:24,5429.3,4.12,15.44,26.68,0,0,425
crud-rest-7c7fd547c9-rs5hs,23/01/2025 20:24,8.7,991.9,15.44,6.27,0,0,94
datainjector-98ccb8f89-wr5hg,23/01/2025 20:24,553.1,1.01,15.44,6.54,0,0,95
postgres-7b7f6d75f9-q5dvq,23/01/2025 20:24,852.6,94.65,15.44,0.6,0,0,39
redis-65d8857849-9n6lp,23/01/2025 20:24,881.5,1.738,15.44,11.26,0,0,6
analyzer-79d4c78db5-g626p,23/01/2025 20:24,5180.3,4.12,15.44,26.68,0,0,426
crud-rest-7c7fd547c9-rs5hs,23/01/2025 20:24,5.8,991.9,15.44,6.27,0,0,94
datainjector-98ccb8f89-wr5hg,23/01/2025 20:24,96.1,1.01,15.44,6.54,0,0,95
postgres-7b7f6d75f9-q5dvq,23/01/2025 20:24,713.1,94.65,15.44,0.6,0,0,39
redis-65d8857849-9n6lp,23/01/2025 20:24,1630.4,1.804,15.44,11.68,0,0,7
analyzer-79d4c78db5-g626p,23/01/2025 20:24,4647.5,4.119,15.44,26.67,0,0,427
crud-rest-7c7fd547c9-rs5hs,23/01/2025 20:24,9.7,991.6,15.44,6.27,0,0,94
datainjector-98ccb8f89-wr5hg,23/01/2025 20:24,321,1.01,15.44,6.54,0,0,95
postgres-7b7f6d75f9-q5dvq,23/01/2025 20:24,747,94.6,15.44,0.6,0,0,39
redis-65d8857849-9n6lp,23/01/2025 20:24,1836.8,1.832,15.44,11.86,0,0,7
analyzer-79d4c78db5-g626p,23/01/2025 20:24,5201.1,4.126,15.44,26.71,0,0,428
crud-rest-7c7fd547c9-rs5hs,23/01/2025 20:24,5.9,991.4,15.44,6.27,0,0,94
datainjector-98ccb8f89-wr5hg,23/01/2025 20:24,24.9,1.01,15.44,6.54,0,0,95
postgres-7b7f6d75f9-q5dvq,23/01/2025 20:24,601.2,94.55,15.44,0.6,0,0,39
redis-65d8857849-9n6lp,23/01/2025 20:24,1733.7,1.849,15.44,11.97,0,0,7
analyzer-79d4c78db5-g626p,23/01/2025 20:24,5013.7,4.124,15.44,26.7,0,0,429
crud-rest-7c7fd547c9-rs5hs,23/01/2025 20:24,5.5,991.4,15.44,6.27,0,0,94
datainjector-98ccb8f89-wr5hg,23/01/2025 20:24,274.8,1.01,15.44,6.54,0,0,95
postgres-7b7f6d75f9-q5dvq,23/01/2025 20:24,659.2,94.53,15.44,0.6,0,0,39
redis-65d8857849-9n6lp,23/01/2025 20:24,1791.1,1.866,15.44,12.08,0,0,7
analyzer-79d4c78db5-g626p,23/01/2025 20:24,4801.5,4.121,15.44,26.68,0,0,430
crud-rest-7c7fd547c9-rs5hs,23/01/2025 20:24,4.4,991.3,15.44,6.27,0,0,95
datainjector-98ccb8f89-wr5hg,23/01/2025 20:24,400.8,1.01,15.44,6.54,0,0,95
postgres-7b7f6d75f9-q5dvq,23/01/2025 20:24,731.8,94.47,15.44,0.6,0,0,39
redis-65d8857849-9n6lp,23/01/2025 20:24,1718.8,1.88,15.44,12.17,0,0,7
analyzer-79d4c78db5-g626p,23/01/2025 20:24,5423.7,4.12,15.44,26.67,0,0,431
crud-rest-7c7fd547c9-rs5hs,23/01/2025 20:24,6.2,991.2,15.44,6.27,0,0,95
datainjector-98ccb8f89-wr5hg,23/01/2025 20:24,91.6,1.01,15.44,6.54,0,0,95
postgres-7b7f6d75f9-q5dvq,23/01/2025 20:24,832.9,94.46,15.44,0.6,0,0,39
redis-65d8857849-9n6lp,23/01/2025 20:24,1727.5,1.89,15.44,12.24,0,0,7
analyzer-79d4c78db5-g626p,23/01/2025 20:24,5244.1,4.118,15.44,26.67,0,0,432
crud-rest-7c7fd547c9-rs5hs,23/01/2025 20:24,3.6,991.2,15.44,6.27,0,0,95
datainjector-98ccb8f89-wr5hg,23/01/2025 20:24,421.3,1.009,15.44,6.53,0,0,95
postgres-7b7f6d75f9-q5dvq,23/01/2025 20:24,718.5,94.43,15.44,0.6,0,0,39
redis-65d8857849-9n6lp,23/01/2025 20:24,1769.9,1.9,15.44,12.3,0,0,7
analyzer-79d4c78db5-g626p,23/01/2025 20:24,5375,4.161,15.44,26.94,0,0,433
crud-rest-7c7fd547c9-rs5hs,23/01/2025 20:24,5.4,990.8,15.44,6.27,0,0,95
datainjector-98ccb8f89-wr5hg,23/01/2025 20:24,89.6,1.009,15.44,6.53,0,0,94
postgres-7b7f6d75f9-q5dvq,23/01/2025 20:24,773.8,94.33,15.44,0.6,0,0,39
redis-65d8857849-9n6lp,23/01/2025 20:24,1551.1,1.735,15.44,11.23,0,0,6
analyzer-79d4c78db5-g626p,23/01/2025 20:24,4198.8,4.16,15.44,26.94,0,0,433
crud-rest-7c7fd547c9-rs5hs,23/01/2025 20:24,5.9,990.7,15.44,6.26,0,0,95
datainjector-98ccb8f89-wr5hg,23/01/2025 20:24,610.5,1.009,15.44,6.53,0,0,94
postgres-7b7f6d75f9-q5dvq,23/01/2025 20:24,676.9,94.3,15.44,0.6,0,0,39
redis-65d8857849-9n6lp,23/01/2025 20:24,848,1.744,15.44,11.29,0,0,6
analyzer-79d4c78db5-g626p,23/01/2025 20:24,5400.3,4.161,15.44,26.94,0,0,434
crud-rest-7c7fd547c9-rs5hs,23/01/2025 20:24,9.1,990.7,15.44,6.26,0,0,95
datainjector-98ccb8f89-wr5hg,23/01/2025 20:24,618.8,1.009,15.44,6.53,0,0,94
postgres-7b7f6d75f9-q5dvq,23/01/2025 20:24,899.1,94.3,15.44,0.6,0,0,39
redis-65d8857849-9n6lp,23/01/2025 20:24,822.7,1.755,15.44,11.36,0,0,6
analyzer-79d4c78db5-g626p,23/01/2025 20:24,5958.6,4.16,15.44,26.94,0,0,434
crud-rest-7c7fd547c9-rs5hs,23/01/2025 20:24,4.1,990.7,15.44,6.26,0,0,95
datainjector-98ccb8f89-wr5hg,23/01/2025 20:24,213.7,1.009,15.44,6.53,0,0,94
postgres-7b7f6d75f9-q5dvq,23/01/2025 20:24,899.5,94.3,15.44,0.6,0,0,39
redis-65d8857849-9n6lp,23/01/2025 20:24,826.1,1.763,15.44,11.42,0,0,6
analyzer-79d4c78db5-g626p,23/01/2025 20:24,5729.9,4.161,15.44,26.94,0,0,437
crud-rest-7c7fd547c9-rs5hs,23/01/2025 20:24,5.3,990.7,15.44,6.26,0,0,94
datainjector-98ccb8f89-wr5hg,23/01/2025 20:24,428,1.009,15.44,6.53,0,0,94
postgres-7b7f6d75f9-q5dvq,23/01/2025 20:24,852.1,94.3,15.44,0.6,0,0,39
redis-65d8857849-9n6lp,23/01/2025 20:25,818.5,1.77,15.44,11.46,0,0,6
analyzer-79d4c78db5-g626p,23/01/2025 20:25,5442.8,4.24,15.44,27.45,0,0,436
crud-rest-7c7fd547c9-rs5hs,23/01/2025 20:25,5.2,990.7,15.44,6.26,0,0,94
datainjector-98ccb8f89-wr5hg,23/01/2025 20:25,292.9,1.009,15.44,6.53,0,0,94
postgres-7b7f6d75f9-q5dvq,23/01/2025 20:25,790.6,94.3,15.44,0.6,0,0,39
redis-65d8857849-9n6lp,23/01/2025 20:25,889.9,1.776,15.44,11.5,0,0,6
analyzer-79d4c78db5-g626p,23/01/2025 20:25,6143.2,4.24,15.44,27.46,0,0,439
crud-rest-7c7fd547c9-rs5hs,23/01/2025 20:25,4.5,990.7,15.44,6.26,0,0,94
datainjector-98ccb8f89-wr5hg,23/01/2025 20:25,166.4,1.009,15.44,6.53,0,0,94
postgres-7b7f6d75f9-q5dvq,23/01/2025 20:25,885.9,94.3,15.44,0.6,0,0,39
redis-65d8857849-9n6lp,23/01/2025 20:25,871.1,1.784,15.44,11.55,0,0,6
analyzer-79d4c78db5-g626p,23/01/2025 20:25,5711,4.239,15.44,27.45,0,0,436
crud-rest-7c7fd547c9-rs5hs,23/01/2025 20:25,4.5,989.5,15.44,6.26,0,0,94
datainjector-98ccb8f89-wr5hg,23/01/2025 20:25,391,1.123,15.44,7.27,0,0,96
postgres-7b7f6d75f9-q5dvq,23/01/2025 20:25,862.2,94.21,15.44,0.6,0,0,39
redis-65d8857849-9n6lp,23/01/2025 20:25,855.9,1.794,15.44,11.61,0,0,6
analyzer-79d4c78db5-g626p,23/01/2025 20:25,5427.6,4.239,15.44,27.45,0,0,437
crud-rest-7c7fd547c9-rs5hs,23/01/2025 20:25,4.2,988.3,15.44,6.25,0,0,94
datainjector-98ccb8f89-wr5hg,23/01/2025 20:25,552.5,1.126,15.44,7.29,0,0,96
postgres-7b7f6d75f9-q5dvq,23/01/2025 20:25,853.4,94.14,15.44,0.6,0,0,39
redis-65d8857849-9n6lp,23/01/2025 20:25,647.1,1.799,15.44,11.65,0,0,6
analyzer-79d4c78db5-g626p,23/01/2025 20:25,6695.2,4.237,15.44,27.44,0,0,439
crud-rest-7c7fd547c9-rs5hs,23/01/2025 20:25,5.5,987.4,15.44,6.24,0,0,94
datainjector-98ccb8f89-wr5hg,23/01/2025 20:25,692.7,1.126,15.44,7.29,0,0,96
postgres-7b7f6d75f9-q5dvq,23/01/2025 20:25,610.7,94.12,15.44,0.6,0,0,39
redis-65d8857849-9n6lp,23/01/2025 20:25,856,1.811,15.44,11.73,0,0,6
analyzer-79d4c78db5-g626p,23/01/2025 20:25,5082.1,4.24,15.44,27.45,0,0,440
crud-rest-7c7fd547c9-rs5hs,23/01/2025 20:25,4.6,987.3,15.44,6.24,0,0,94
datainjector-98ccb8f89-wr5hg,23/01/2025 20:25,382.6,1.125,15.44,7.28,0,0,96
postgres-7b7f6d75f9-q5dvq,23/01/2025 20:25,785.1,94.11,15.44,0.6,0,0,39
redis-65d8857849-9n6lp,23/01/2025 20:25,852.1,1.821,15.44,11.79,0,0,6
analyzer-79d4c78db5-g626p,23/01/2025 20:25,5143.4,4.239,15.44,27.45,0,0,439
crud-rest-7c7fd547c9-rs5hs,23/01/2025 20:25,8.5,987.4,15.44,6.24,0,0,95
datainjector-98ccb8f89-wr5hg,23/01/2025 20:25,503.4,1.125,15.44,7.28,0,0,96
postgres-7b7f6d75f9-q5dvq,23/01/2025 20:25,854.5,94.11,15.44,0.6,0,0,39
redis-65d8857849-9n6lp,23/01/2025 20:25,799.1,1.824,15.44,11.81,0,0,6
analyzer-79d4c78db5-g626p,23/01/2025 20:25,4633.8,4.239,15.44,27.45,0,0,441
crud-rest-7c7fd547c9-rs5hs,23/01/2025 20:25,6.2,987.4,15.44,6.24,0,0,95
datainjector-98ccb8f89-wr5hg,23/01/2025 20:25,525.6,1.125,15.44,7.28,0,0,96
postgres-7b7f6d75f9-q5dvq,23/01/2025 20:25,694.8,94.11,15.44,0.6,0,0,39
redis-65d8857849-9n6lp,23/01/2025 20:25,819.4,1.832,15.44,11.86,0,0,6
analyzer-79d4c78db5-g626p,23/01/2025 20:25,7048.2,4.239,15.44,27.45,0,0,442
crud-rest-7c7fd547c9-rs5hs,23/01/2025 20:25,5.4,987.3,15.44,6.24,0,0,95
datainjector-98ccb8f89-wr5hg,23/01/2025 20:25,280.5,1.125,15.44,7.28,0,0,96
postgres-7b7f6d75f9-q5dvq,23/01/2025 20:25,820.4,94.11,15.44,0.6,0,0,39
redis-65d8857849-9n6lp,23/01/2025 20:25,830.7,1.843,15.44,11.93,0,0,6
analyzer-79d4c78db5-g626p,23/01/2025 20:25,5436.4,4.269,15.44,27.64,0,0,443
crud-rest-7c7fd547c9-rs5hs,23/01/2025 20:25,8.9,986.4,15.44,6.24,0,0,95
datainjector-98ccb8f89-wr5hg,23/01/2025 20:25,374.7,1.125,15.44,7.28,0,0,95
postgres-7b7f6d75f9-q5dvq,23/01/2025 20:25,831.9,94.06,15.44,0.59,0,0,39
redis-65d8857849-9n6lp,23/01/2025 20:25,1970.7,1.886,15.44,12.21,0,0,7
analyzer-79d4c78db5-g626p,23/01/2025 20:25,2319.3,4.268,15.44,27.64,0,0,443
crud-rest-7c7fd547c9-rs5hs,23/01/2025 20:25,5.1,983.8,15.44,6.22,0,0,95
datainjector-98ccb8f89-wr5hg,23/01/2025 20:25,438.2,1.124,15.44,7.28,0,0,95
postgres-7b7f6d75f9-q5dvq,23/01/2025 20:25,511.9,93.96,15.44,0.59,0,0,39
redis-65d8857849-9n6lp,23/01/2025 20:25,1728.7,1.913,15.44,12.38,0,0,7
analyzer-79d4c78db5-g626p,23/01/2025 20:25,5452.1,4.268,15.44,27.63,0,0,448
crud-rest-7c7fd547c9-rs5hs,23/01/2025 20:25,4.3,983.2,15.44,6.22,0,0,95
datainjector-98ccb8f89-wr5hg,23/01/2025 20:25,131,1.124,15.44,7.27,0,0,95
postgres-7b7f6d75f9-q5dvq,23/01/2025 20:25,689.8,93.93,15.44,0.59,0,0,39
redis-65d8857849-9n6lp,23/01/2025 20:25,1841.6,1.925,15.44,12.46,0,0,7
analyzer-79d4c78db5-g626p,23/01/2025 20:25,5658.6,4.267,15.44,27.63,0,0,447
crud-rest-7c7fd547c9-rs5hs,23/01/2025 20:25,4,982.9,15.44,6.22,0,0,94
datainjector-98ccb8f89-wr5hg,23/01/2025 20:25,399.6,1.122,15.44,7.27,0,0,95
postgres-7b7f6d75f9-q5dvq,23/01/2025 20:25,779,93.94,15.44,0.59,0,0,39
redis-65d8857849-9n6lp,23/01/2025 20:25,1787.8,1.936,15.44,12.53,0,0,7
analyzer-79d4c78db5-g626p,23/01/2025 20:25,4719.2,4.317,15.44,27.95,0,0,449
crud-rest-7c7fd547c9-rs5hs,23/01/2025 20:25,13.4,982.7,15.44,6.21,0,0,94
datainjector-98ccb8f89-wr5hg,23/01/2025 20:25,290.4,1.121,15.44,7.26,0,0,95
postgres-7b7f6d75f9-q5dvq,23/01/2025 20:25,705.7,93.86,15.44,0.59,0,0,39
redis-65d8857849-9n6lp,23/01/2025 20:26,1768.5,1.949,15.44,12.62,0,0,7
analyzer-79d4c78db5-g626p,23/01/2025 20:26,4987,4.316,15.44,27.95,0,0,450
crud-rest-7c7fd547c9-rs5hs,23/01/2025 20:26,13.3,982.5,15.44,6.21,0,0,94
datainjector-98ccb8f89-wr5hg,23/01/2025 20:26,427.8,1.121,15.44,7.26,0,0,95
postgres-7b7f6d75f9-q5dvq,23/01/2025 20:26,714.3,93.79,15.44,0.59,0,0,39
redis-65d8857849-9n6lp,23/01/2025 20:26,1831.8,1.961,15.44,12.69,0,0,7
analyzer-79d4c78db5-g626p,23/01/2025 20:26,5131.7,4.316,15.44,27.94,0,0,451
crud-rest-7c7fd547c9-rs5hs,23/01/2025 20:26,6.1,981.6,15.44,6.21,0,0,94
datainjector-98ccb8f89-wr5hg,23/01/2025 20:26,466.5,1.12,15.44,7.25,0,0,96
postgres-7b7f6d75f9-q5dvq,23/01/2025 20:26,803,93.77,15.44,0.59,0,0,39
redis-65d8857849-9n6lp,23/01/2025 20:26,1725,1.97,15.44,12.76,0,0,7
analyzer-79d4c78db5-g626p,23/01/2025 20:26,4801.3,4.316,15.44,27.94,0,0,452
crud-rest-7c7fd547c9-rs5hs,23/01/2025 20:26,11.2,981.5,15.44,6.21,0,0,94
datainjector-98ccb8f89-wr5hg,23/01/2025 20:26,86.6,1.12,15.44,7.25,0,0,96
postgres-7b7f6d75f9-q5dvq,23/01/2025 20:26,642.4,93.77,15.44,0.59,0,0,39
redis-65d8857849-9n6lp,23/01/2025 20:26,1831.9,1.978,15.44,12.81,0,0,7
analyzer-79d4c78db5-g626p,23/01/2025 20:26,4689.4,4.316,15.44,27.94,0,0,453
crud-rest-7c7fd547c9-rs5hs,23/01/2025 20:26,4.6,981.5,15.44,6.21,0,0,94
datainjector-98ccb8f89-wr5hg,23/01/2025 20:26,407,1.12,15.44,7.25,0,0,96
postgres-7b7f6d75f9-q5dvq,23/01/2025 20:26,704.3,93.77,15.44,0.59,0,0,39
redis-65d8857849-9n6lp,23/01/2025 20:26,885.8,1.864,15.44,12.07,0,0,6
analyzer-79d4c78db5-g626p,23/01/2025 20:26,5993.2,4.351,15.44,28.17,0,0,453
crud-rest-7c7fd547c9-rs5hs,23/01/2025 20:26,5.5,981.5,15.44,6.21,0,0,94
datainjector-98ccb8f89-wr5hg,23/01/2025 20:26,489.4,1.12,15.44,7.25,0,0,96
postgres-7b7f6d75f9-q5dvq,23/01/2025 20:26,891.7,93.77,15.44,0.59,0,0,39
redis-65d8857849-9n6lp,23/01/2025 20:26,795.8,1.872,15.44,12.12,0,0,6
analyzer-79d4c78db5-g626p,23/01/2025 20:26,5607.2,4.351,15.44,28.17,0,0,453
crud-rest-7c7fd547c9-rs5hs,23/01/2025 20:26,4,981.5,15.44,6.21,0,0,94
datainjector-98ccb8f89-wr5hg,23/01/2025 20:26,338.8,1.12,15.44,7.25,0,0,96
postgres-7b7f6d75f9-q5dvq,23/01/2025 20:26,851.6,93.77,15.44,0.59,0,0,39
redis-65d8857849-9n6lp,23/01/2025 20:26,829.9,1.873,15.44,12.13,0,0,6
analyzer-79d4c78db5-g626p,23/01/2025 20:26,5550.3,4.351,15.44,28.17,0,0,454
crud-rest-7c7fd547c9-rs5hs,23/01/2025 20:26,4.3,981.4,15.44,6.21,0,0,94
datainjector-98ccb8f89-wr5hg,23/01/2025 20:26,761.3,1.12,15.44,7.25,0,0,96
postgres-7b7f6d75f9-q5dvq,23/01/2025 20:26,851.8,93.77,15.44,0.59,0,0,39
redis-65d8857849-9n6lp,23/01/2025 20:26,824.1,1.873,15.44,12.13,0,0,6
analyzer-79d4c78db5-g626p,23/01/2025 20:26,5316.8,4.351,15.44,28.17,0,0,455
crud-rest-7c7fd547c9-rs5hs,23/01/2025 20:26,5.5,981.4,15.44,6.21,0,0,94
datainjector-98ccb8f89-wr5hg,23/01/2025 20:26,193.1,1.12,15.44,7.25,0,0,96
postgres-7b7f6d75f9-q5dvq,23/01/2025 20:26,817.6,93.77,15.44,0.59,0,0,39
redis-65d8857849-9n6lp,23/01/2025 20:26,838.8,1.873,15.44,12.13,0,0,6
analyzer-79d4c78db5-g626p,23/01/2025 20:26,5250,4.361,15.44,28.24,0,0,455
crud-rest-7c7fd547c9-rs5hs,23/01/2025 20:26,6.1,981.4,15.44,6.21,0,0,94
datainjector-98ccb8f89-wr5hg,23/01/2025 20:26,582.8,1.12,15.44,7.25,0,0,95
postgres-7b7f6d75f9-q5dvq,23/01/2025 20:26,853.5,93.77,15.44,0.59,0,0,39
redis-65d8857849-9n6lp,23/01/2025 20:26,794.8,1.878,15.44,12.16,0,0,6
analyzer-79d4c78db5-g626p,23/01/2025 20:26,6077.2,4.361,15.44,28.23,0,0,455
crud-rest-7c7fd547c9-rs5hs,23/01/2025 20:26,4.3,981.4,15.44,6.21,0,0,94
datainjector-98ccb8f89-wr5hg,23/01/2025 20:26,83.2,1.12,15.44,7.25,0,0,95
postgres-7b7f6d75f9-q5dvq,23/01/2025 20:26,896.7,93.77,15.44,0.59,0,0,39
redis-65d8857849-9n6lp,23/01/2025 20:26,813.9,1.88,15.44,12.17,0,0,6
analyzer-79d4c78db5-g626p,23/01/2025 20:26,5680.7,4.361,15.44,28.23,0,0,458
crud-rest-7c7fd547c9-rs5hs,23/01/2025 20:26,6.4,981.4,15.44,6.21,0,0,94
datainjector-98ccb8f89-wr5hg,23/01/2025 20:26,207.7,1.12,15.44,7.25,0,0,95
postgres-7b7f6d75f9-q5dvq,23/01/2025 20:26,840.9,93.77,15.44,0.59,0,0,39
redis-65d8857849-9n6lp,23/01/2025 20:26,792.9,1.881,15.44,12.18,0,0,6
analyzer-79d4c78db5-g626p,23/01/2025 20:26,4981.9,4.36,15.44,28.23,0,0,456
crud-rest-7c7fd547c9-rs5hs,23/01/2025 20:26,5.3,981.4,15.44,6.21,0,0,94
datainjector-98ccb8f89-wr5hg,23/01/2025 20:26,502.8,1.12,15.44,7.25,0,0,95
postgres-7b7f6d75f9-q5dvq,23/01/2025 20:26,780.8,93.77,15.44,0.59,0,0,39
redis-65d8857849-9n6lp,23/01/2025 20:26,848,1.885,15.44,12.21,0,0,6
analyzer-79d4c78db5-g626p,23/01/2025 20:26,5570,4.394,15.44,28.45,0,0,457
crud-rest-7c7fd547c9-rs5hs,23/01/2025 20:26,4.9,981.3,15.44,6.2,0,0,93
datainjector-98ccb8f89-wr5hg,23/01/2025 20:26,182.7,1.12,15.44,7.25,0,0,95
postgres-7b7f6d75f9-q5dvq,23/01/2025 20:26,802.8,93.77,15.44,0.59,0,0,39
redis-65d8857849-9n6lp,23/01/2025 20:27,853.5,1.885,15.44,12.21,0,0,6
analyzer-79d4c78db5-g626p,23/01/2025 20:27,5543.3,4.396,15.44,28.46,0,0,458
crud-rest-7c7fd547c9-rs5hs,23/01/2025 20:27,6.2,981.3,15.44,6.2,0,0,93
datainjector-98ccb8f89-wr5hg,23/01/2025 20:27,411.2,1.12,15.44,7.25,0,0,95
postgres-7b7f6d75f9-q5dvq,23/01/2025 20:27,774.5,93.76,15.44,0.59,0,0,39
redis-65d8857849-9n6lp,23/01/2025 20:27,899.8,1.89,15.44,12.24,0,0,6
analyzer-79d4c78db5-g626p,23/01/2025 20:27,5873.8,4.396,15.44,28.46,0,0,460
crud-rest-7c7fd547c9-rs5hs,23/01/2025 20:27,5.1,981,15.44,6.2,0,0,93
datainjector-98ccb8f89-wr5hg,23/01/2025 20:27,444.6,1.119,15.44,7.25,0,0,95
postgres-7b7f6d75f9-q5dvq,23/01/2025 20:27,924.4,93.75,15.44,0.59,0,0,39
redis-65d8857849-9n6lp,23/01/2025 20:27,797.6,1.892,15.44,12.25,0,0,6
analyzer-79d4c78db5-g626p,23/01/2025 20:27,5476.7,4.396,15.44,28.46,0,0,461
crud-rest-7c7fd547c9-rs5hs,23/01/2025 20:27,4,981,15.44,6.2,0,0,93
datainjector-98ccb8f89-wr5hg,23/01/2025 20:27,246,1.12,15.44,7.25,0,0,96
postgres-7b7f6d75f9-q5dvq,23/01/2025 20:27,794.5,93.75,15.44,0.59,0,0,39
redis-65d8857849-9n6lp,23/01/2025 20:27,647.4,1.892,15.44,12.25,0,0,6
analyzer-79d4c78db5-g626p,23/01/2025 20:27,7539.8,4.403,15.44,28.51,0,0,460
crud-rest-7c7fd547c9-rs5hs,23/01/2025 20:27,13.4,981,15.44,6.2,0,0,93
datainjector-98ccb8f89-wr5hg,23/01/2025 20:27,397.6,1.12,15.44,7.25,0,0,96
postgres-7b7f6d75f9-q5dvq,23/01/2025 20:27,638.2,93.75,15.44,0.59,0,0,39
redis-65d8857849-9n6lp,23/01/2025 20:27,1939.1,1.933,15.44,12.52,0,0,7
analyzer-79d4c78db5-g626p,23/01/2025 20:27,2640.7,4.425,15.44,28.65,0,0,462
crud-rest-7c7fd547c9-rs5hs,23/01/2025 20:27,4.6,980.1,15.44,6.2,0,0,93
datainjector-98ccb8f89-wr5hg,23/01/2025 20:27,359.7,1.118,15.44,7.24,0,0,96
postgres-7b7f6d75f9-q5dvq,23/01/2025 20:27,553.5,93.59,15.44,0.59,0,0,39
redis-65d8857849-9n6lp,23/01/2025 20:27,1896.6,1.962,15.44,12.7,0,0,7
analyzer-79d4c78db5-g626p,23/01/2025 20:27,4326.9,4.424,15.44,28.65,0,0,464
crud-rest-7c7fd547c9-rs5hs,23/01/2025 20:27,4,980,15.44,6.2,0,0,95
datainjector-98ccb8f89-wr5hg,23/01/2025 20:27,597.2,1.117,15.44,7.23,0,0,96
postgres-7b7f6d75f9-q5dvq,23/01/2025 20:27,668.6,93.53,15.44,0.59,0,0,39
redis-65d8857849-9n6lp,23/01/2025 20:27,1761.3,1.974,15.44,12.78,0,0,7
analyzer-79d4c78db5-g626p,23/01/2025 20:27,4965,4.424,15.44,28.64,0,0,466
crud-rest-7c7fd547c9-rs5hs,23/01/2025 20:27,5.9,979.6,15.44,6.19,0,0,95
datainjector-98ccb8f89-wr5hg,23/01/2025 20:27,292.8,1.115,15.44,7.22,0,0,96
postgres-7b7f6d75f9-q5dvq,23/01/2025 20:27,708.4,93.45,15.44,0.59,0,0,39
redis-65d8857849-9n6lp,23/01/2025 20:27,1750.1,1.987,15.44,12.87,0,0,7
analyzer-79d4c78db5-g626p,23/01/2025 20:27,4467.6,4.424,15.44,28.64,0,0,466
crud-rest-7c7fd547c9-rs5hs,23/01/2025 20:27,5.4,979.2,15.44,6.19,0,0,95
datainjector-98ccb8f89-wr5hg,23/01/2025 20:27,533.5,1.114,15.44,7.21,0,0,96
postgres-7b7f6d75f9-q5dvq,23/01/2025 20:27,684.1,93.39,15.44,0.59,0,0,39
redis-65d8857849-9n6lp,23/01/2025 20:27,1649,1.997,15.44,12.93,0,0,7
analyzer-79d4c78db5-g626p,23/01/2025 20:27,6769.9,4.424,15.44,28.64,0,0,470
crud-rest-7c7fd547c9-rs5hs,23/01/2025 20:27,7.8,978.9,15.44,6.19,0,0,95
datainjector-98ccb8f89-wr5hg,23/01/2025 20:27,107.1,1.114,15.44,7.21,0,0,95
postgres-7b7f6d75f9-q5dvq,23/01/2025 20:27,558.2,93.36,15.44,0.59,0,0,39
redis-65d8857849-9n6lp,23/01/2025 20:27,1734.9,2.004,15.44,12.98,0,0,7
analyzer-79d4c78db5-g626p,23/01/2025 20:27,4445.3,4.486,15.44,29.05,0,0,470
crud-rest-7c7fd547c9-rs5hs,23/01/2025 20:27,6,976.7,15.44,6.18,0,0,95
datainjector-98ccb8f89-wr5hg,23/01/2025 20:27,129.5,1.104,15.44,7.15,0,0,95
postgres-7b7f6d75f9-q5dvq,23/01/2025 20:27,657.8,92.97,15.44,0.59,0,0,39
redis-65d8857849-9n6lp,23/01/2025 20:27,1754,2.012,15.44,13.03,0,0,7
analyzer-79d4c78db5-g626p,23/01/2025 20:27,4305.2,4.486,15.44,29.05,0,0,470
crud-rest-7c7fd547c9-rs5hs,23/01/2025 20:27,20.4,976.7,15.44,6.18,0,0,95
datainjector-98ccb8f89-wr5hg,23/01/2025 20:27,545.4,1.104,15.44,7.15,0,0,95
postgres-7b7f6d75f9-q5dvq,23/01/2025 20:27,673.5,92.97,15.44,0.59,0,0,39
redis-65d8857849-9n6lp,23/01/2025 20:27,1769.5,2.024,15.44,13.11,0,0,7
analyzer-79d4c78db5-g626p,23/01/2025 20:27,5609,4.486,15.44,29.04,0,0,471
crud-rest-7c7fd547c9-rs5hs,23/01/2025 20:27,4.7,976.6,15.44,6.17,0,0,95
datainjector-98ccb8f89-wr5hg,23/01/2025 20:27,388.7,1.104,15.44,7.15,0,0,95
postgres-7b7f6d75f9-q5dvq,23/01/2025 20:27,748.4,92.88,15.44,0.59,0,0,39
redis-65d8857849-9n6lp,23/01/2025 20:27,852.8,1.911,15.44,12.37,0,0,6
analyzer-79d4c78db5-g626p,23/01/2025 20:27,6234.2,4.486,15.44,29.04,0,0,473
crud-rest-7c7fd547c9-rs5hs,23/01/2025 20:27,4.3,976.5,15.44,6.17,0,0,94
datainjector-98ccb8f89-wr5hg,23/01/2025 20:27,272.7,1.104,15.44,7.15,0,0,95
postgres-7b7f6d75f9-q5dvq,23/01/2025 20:27,978.5,92.88,15.44,0.59,0,0,39
redis-65d8857849-9n6lp,23/01/2025 20:28,748.2,1.915,15.44,12.4,0,0,6
analyzer-79d4c78db5-g626p,23/01/2025 20:28,6471.6,4.521,15.44,29.27,0,0,472
crud-rest-7c7fd547c9-rs5hs,23/01/2025 20:28,4.5,976.5,15.44,6.17,0,0,94
datainjector-98ccb8f89-wr5hg,23/01/2025 20:28,408.3,1.104,15.44,7.15,0,0,95
postgres-7b7f6d75f9-q5dvq,23/01/2025 20:28,847.5,93,15.44,0.59,0,0,39
redis-65d8857849-9n6lp,23/01/2025 20:28,752,1.908,15.44,12.35,0,0,6
analyzer-79d4c78db5-g626p,23/01/2025 20:28,5282.2,4.521,15.44,29.27,0,0,472
crud-rest-7c7fd547c9-rs5hs,23/01/2025 20:28,3.8,976.4,15.44,6.17,0,0,94
datainjector-98ccb8f89-wr5hg,23/01/2025 20:28,439.6,1.103,15.44,7.14,0,0,95
postgres-7b7f6d75f9-q5dvq,23/01/2025 20:28,814.7,92.88,15.44,0.59,0,0,39
redis-65d8857849-9n6lp,23/01/2025 20:28,806.3,1.916,15.44,12.41,0,0,6
analyzer-79d4c78db5-g626p,23/01/2025 20:28,5715.1,4.521,15.44,29.27,0,0,471
crud-rest-7c7fd547c9-rs5hs,23/01/2025 20:28,3.8,976.4,15.44,6.17,0,0,94
datainjector-98ccb8f89-wr5hg,23/01/2025 20:28,510.9,1.104,15.44,7.15,0,0,96
postgres-7b7f6d75f9-q5dvq,23/01/2025 20:28,919.5,92.88,15.44,0.59,0,0,39
redis-65d8857849-9n6lp,23/01/2025 20:28,854.7,1.919,15.44,12.42,0,0,6
analyzer-79d4c78db5-g626p,23/01/2025 20:28,5582.4,4.521,15.44,29.27,0,0,472
crud-rest-7c7fd547c9-rs5hs,23/01/2025 20:28,9.1,976.4,15.44,6.17,0,0,94
datainjector-98ccb8f89-wr5hg,23/01/2025 20:28,460,1.104,15.44,7.15,0,0,96
postgres-7b7f6d75f9-q5dvq,23/01/2025 20:28,862.9,92.88,15.44,0.59,0,0,39
redis-65d8857849-9n6lp,23/01/2025 20:28,578.6,1.919,15.44,12.43,0,0,6
analyzer-79d4c78db5-g626p,23/01/2025 20:28,7178,4.521,15.44,29.27,0,0,472
crud-rest-7c7fd547c9-rs5hs,23/01/2025 20:28,6.8,976.4,15.44,6.17,0,0,94
datainjector-98ccb8f89-wr5hg,23/01/2025 20:28,13.7,1.104,15.44,7.15,0,0,96
postgres-7b7f6d75f9-q5dvq,23/01/2025 20:28,634.1,92.88,15.44,0.59,0,0,39
redis-65d8857849-9n6lp,23/01/2025 20:28,761.4,1.92,15.44,12.43,0,0,6
analyzer-79d4c78db5-g626p,23/01/2025 20:28,5342.4,4.52,15.44,29.27,0,0,471
crud-rest-7c7fd547c9-rs5hs,23/01/2025 20:28,20.1,976.4,15.44,6.17,0,0,94
datainjector-98ccb8f89-wr5hg,23/01/2025 20:28,442.2,1.104,15.44,7.15,0,0,96
postgres-7b7f6d75f9-q5dvq,23/01/2025 20:28,821,92.88,15.44,0.59,0,0,39
redis-65d8857849-9n6lp,23/01/2025 20:28,769.7,1.923,15.44,12.45,0,0,6
analyzer-79d4c78db5-g626p,23/01/2025 20:28,5229.5,4.52,15.44,29.27,0,0,473
crud-rest-7c7fd547c9-rs5hs,23/01/2025 20:28,5.2,976.5,15.44,6.17,0,0,95
datainjector-98ccb8f89-wr5hg,23/01/2025 20:28,406.7,1.104,15.44,7.15,0,0,96
postgres-7b7f6d75f9-q5dvq,23/01/2025 20:28,811.4,92.88,15.44,0.59,0,0,39
redis-65d8857849-9n6lp,23/01/2025 20:28,856.3,1.927,15.44,12.48,0,0,6
analyzer-79d4c78db5-g626p,23/01/2025 20:28,5782.6,4.52,15.44,29.27,0,0,473
crud-rest-7c7fd547c9-rs5hs,23/01/2025 20:28,4.3,976.5,15.44,6.17,0,0,95
datainjector-98ccb8f89-wr5hg,23/01/2025 20:28,283.5,1.104,15.44,7.15,0,0,96
postgres-7b7f6d75f9-q5dvq,23/01/2025 20:28,847.8,92.88,15.44,0.59,0,0,39
redis-65d8857849-9n6lp,23/01/2025 20:28,735.3,1.93,15.44,12.5,0,0,6
analyzer-79d4c78db5-g626p,23/01/2025 20:28,5479.7,4.52,15.44,29.27,0,0,473
crud-rest-7c7fd547c9-rs5hs,23/01/2025 20:28,5.8,976.5,15.44,6.17,0,0,95
datainjector-98ccb8f89-wr5hg,23/01/2025 20:28,86.3,1.104,15.44,7.15,0,0,96
postgres-7b7f6d75f9-q5dvq,23/01/2025 20:28,766.7,92.88,15.44,0.59,0,0,39
redis-65d8857849-9n6lp,23/01/2025 20:28,862.1,1.933,15.44,12.52,0,0,6
analyzer-79d4c78db5-g626p,23/01/2025 20:28,6239.1,4.524,15.44,29.29,0,0,474
crud-rest-7c7fd547c9-rs5hs,23/01/2025 20:28,4.5,976.5,15.44,6.17,0,0,95
datainjector-98ccb8f89-wr5hg,23/01/2025 20:28,150.5,1.104,15.44,7.15,0,0,95
postgres-7b7f6d75f9-q5dvq,23/01/2025 20:28,990.2,92.88,15.44,0.59,0,0,39
redis-65d8857849-9n6lp,23/01/2025 20:28,853.5,1.937,15.44,12.54,0,0,6
analyzer-79d4c78db5-g626p,23/01/2025 20:28,6325.2,4.524,15.44,29.29,0,0,476
crud-rest-7c7fd547c9-rs5hs,23/01/2025 20:28,9.1,976.5,15.44,6.17,0,0,95
datainjector-98ccb8f89-wr5hg,23/01/2025 20:28,184,1.104,15.44,7.14,0,0,95
postgres-7b7f6d75f9-q5dvq,23/01/2025 20:28,946,92.88,15.44,0.59,0,0,39
redis-65d8857849-9n6lp,23/01/2025 20:28,870.1,1.936,15.44,12.53,0,0,6
analyzer-79d4c78db5-g626p,23/01/2025 20:28,5782.5,4.524,15.44,29.29,0,0,476
crud-rest-7c7fd547c9-rs5hs,23/01/2025 20:28,6.9,976.5,15.44,6.17,0,0,95
datainjector-98ccb8f89-wr5hg,23/01/2025 20:28,319.7,1.104,15.44,7.14,0,0,95
postgres-7b7f6d75f9-q5dvq,23/01/2025 20:28,791.2,92.88,15.44,0.59,0,0,39
redis-65d8857849-9n6lp,23/01/2025 20:28,795.1,1.942,15.44,12.57,0,0,6
analyzer-79d4c78db5-g626p,23/01/2025 20:28,5239.8,4.524,15.44,29.29,0,0,476
crud-rest-7c7fd547c9-rs5hs,23/01/2025 20:28,4.4,976.5,15.44,6.17,0,0,95
datainjector-98ccb8f89-wr5hg,23/01/2025 20:28,527.1,1.104,15.44,7.14,0,0,95
postgres-7b7f6d75f9-q5dvq,23/01/2025 20:28,860.8,92.89,15.44,0.59,0,0,39
redis-65d8857849-9n6lp,23/01/2025 20:28,1879.9,1.999,15.44,12.94,0,0,7
analyzer-79d4c78db5-g626p,23/01/2025 20:28,5586.9,4.555,15.44,29.49,0,0,477
crud-rest-7c7fd547c9-rs5hs,23/01/2025 20:28,8.7,976.4,15.44,6.17,0,0,94
datainjector-98ccb8f89-wr5hg,23/01/2025 20:28,225.4,1.103,15.44,7.14,0,0,95
postgres-7b7f6d75f9-q5dvq,23/01/2025 20:28,613.5,92.86,15.44,0.59,0,0,39
redis-65d8857849-9n6lp,23/01/2025 20:29,1606.5,2.015,15.44,13.05,0,0,7
analyzer-79d4c78db5-g626p,23/01/2025 20:29,4820.4,4.556,15.44,29.5,0,0,479
crud-rest-7c7fd547c9-rs5hs,23/01/2025 20:29,4.6,976.2,15.44,6.17,0,0,94
datainjector-98ccb8f89-wr5hg,23/01/2025 20:29,278,1.103,15.44,7.14,0,0,95
postgres-7b7f6d75f9-q5dvq,23/01/2025 20:29,672.1,92.82,15.44,0.59,0,0,39
redis-65d8857849-9n6lp,23/01/2025 20:29,1717.1,2.027,15.44,13.13,0,0,7
analyzer-79d4c78db5-g626p,23/01/2025 20:29,5322.8,4.555,15.44,29.49,0,0,479
crud-rest-7c7fd547c9-rs5hs,23/01/2025 20:29,6.9,975.7,15.44,6.17,0,0,94
datainjector-98ccb8f89-wr5hg,23/01/2025 20:29,595.6,1.102,15.44,7.14,0,0,95
postgres-7b7f6d75f9-q5dvq,23/01/2025 20:29,835,92.71,15.44,0.59,0,0,39
redis-65d8857849-9n6lp,23/01/2025 20:29,1764.8,2.041,15.44,13.21,0,0,7
analyzer-79d4c78db5-g626p,23/01/2025 20:29,5973.8,4.591,15.44,29.73,0,0,484
crud-rest-7c7fd547c9-rs5hs,23/01/2025 20:29,5.4,973.5,15.44,6.16,0,0,94
datainjector-98ccb8f89-wr5hg,23/01/2025 20:29,66.6,1.101,15.44,7.13,0,0,96
postgres-7b7f6d75f9-q5dvq,23/01/2025 20:29,729,91.8,15.44,0.58,0,0,39
redis-65d8857849-9n6lp,23/01/2025 20:29,1857.4,2.048,15.44,13.26,0,0,7
analyzer-79d4c78db5-g626p,23/01/2025 20:29,5205.4,4.591,15.44,29.72,0,0,484
crud-rest-7c7fd547c9-rs5hs,23/01/2025 20:29,9.6,972.5,15.44,6.15,0,0,96
datainjector-98ccb8f89-wr5hg,23/01/2025 20:29,451.4,1.1,15.44,7.12,0,0,96
postgres-7b7f6d75f9-q5dvq,23/01/2025 20:29,691.1,90.95,15.44,0.58,0,0,39
redis-65d8857849-9n6lp,23/01/2025 20:29,1797.7,2.058,15.44,13.33,0,0,7
analyzer-79d4c78db5-g626p,23/01/2025 20:29,4970.3,4.585,15.44,29.69,0,0,485
crud-rest-7c7fd547c9-rs5hs,23/01/2025 20:29,5.4,971.2,15.44,6.14,0,0,94
datainjector-98ccb8f89-wr5hg,23/01/2025 20:29,202.2,1.099,15.44,7.12,0,0,96
postgres-7b7f6d75f9-q5dvq,23/01/2025 20:29,778.4,90.89,15.44,0.57,0,0,39
redis-65d8857849-9n6lp,23/01/2025 20:29,1815.8,2.072,15.44,13.42,0,0,7
analyzer-79d4c78db5-g626p,23/01/2025 20:29,4885.1,4.585,15.44,29.69,0,0,486
crud-rest-7c7fd547c9-rs5hs,23/01/2025 20:29,24.4,971.3,15.44,6.14,0,0,95
datainjector-98ccb8f89-wr5hg,23/01/2025 20:29,422.6,1.099,15.44,7.12,0,0,96
postgres-7b7f6d75f9-q5dvq,23/01/2025 20:29,780.8,91.16,15.44,0.58,0,0,39
redis-65d8857849-9n6lp,23/01/2025 20:29,1714.3,2.076,15.44,13.44,0,0,7
analyzer-79d4c78db5-g626p,23/01/2025 20:29,5518,4.585,15.44,29.68,0,0,487
crud-rest-7c7fd547c9-rs5hs,23/01/2025 20:29,5.8,970.5,15.44,6.14,0,0,95
datainjector-98ccb8f89-wr5hg,23/01/2025 20:29,257,1.098,15.44,7.11,0,0,96
postgres-7b7f6d75f9-q5dvq,23/01/2025 20:29,834.6,91.11,15.44,0.58,0,0,39
redis-65d8857849-9n6lp,23/01/2025 20:29,840.6,1.961,15.44,12.7,0,0,6
analyzer-79d4c78db5-g626p,23/01/2025 20:29,6210.7,4.585,15.44,29.69,0,0,488
crud-rest-7c7fd547c9-rs5hs,23/01/2025 20:29,4.5,970.7,15.44,6.14,0,0,97
datainjector-98ccb8f89-wr5hg,23/01/2025 20:29,107.8,1.098,15.44,7.11,0,0,96
postgres-7b7f6d75f9-q5dvq,23/01/2025 20:29,915.5,90.61,15.44,0.57,0,0,39
redis-65d8857849-9n6lp,23/01/2025 20:29,647.2,1.963,15.44,12.71,0,0,6
analyzer-79d4c78db5-g626p,23/01/2025 20:29,6648.7,4.584,15.44,29.68,0,0,488
crud-rest-7c7fd547c9-rs5hs,23/01/2025 20:29,7.8,970.5,15.44,6.14,0,0,95
datainjector-98ccb8f89-wr5hg,23/01/2025 20:29,391.5,1.098,15.44,7.11,0,0,96
postgres-7b7f6d75f9-q5dvq,23/01/2025 20:29,764.2,91.56,15.44,0.58,0,0,40
redis-65d8857849-9n6lp,23/01/2025 20:29,879.6,1.965,15.44,12.72,0,0,6
analyzer-79d4c78db5-g626p,23/01/2025 20:29,6073,4.584,15.44,29.68,0,0,489
crud-rest-7c7fd547c9-rs5hs,23/01/2025 20:29,5.8,970.5,15.44,6.14,0,0,95
datainjector-98ccb8f89-wr5hg,23/01/2025 20:29,231.6,1.098,15.44,7.11,0,0,95
postgres-7b7f6d75f9-q5dvq,23/01/2025 20:29,911.7,90.84,15.44,0.57,0,0,39
redis-65d8857849-9n6lp,23/01/2025 20:29,849.4,1.967,15.44,12.73,0,0,6
analyzer-79d4c78db5-g626p,23/01/2025 20:29,5168.2,4.584,15.44,29.68,0,0,487
crud-rest-7c7fd547c9-rs5hs,23/01/2025 20:29,11.6,970.5,15.44,6.14,0,0,95
datainjector-98ccb8f89-wr5hg,23/01/2025 20:29,449.6,1.098,15.44,7.11,0,0,95
postgres-7b7f6d75f9-q5dvq,23/01/2025 20:29,798.4,90.6,15.44,0.57,0,0,39
redis-65d8857849-9n6lp,23/01/2025 20:29,861.7,1.967,15.44,12.74,0,0,6
analyzer-79d4c78db5-g626p,23/01/2025 20:29,5897.4,4.583,15.44,29.67,0,0,485
crud-rest-7c7fd547c9-rs5hs,23/01/2025 20:29,4.8,970.5,15.44,6.14,0,0,95
datainjector-98ccb8f89-wr5hg,23/01/2025 20:29,384.2,1.098,15.44,7.11,0,0,95
postgres-7b7f6d75f9-q5dvq,23/01/2025 20:29,878.9,90.61,15.44,0.57,0,0,39
redis-65d8857849-9n6lp,23/01/2025 20:29,710.6,1.968,15.44,12.74,0,0,6
analyzer-79d4c78db5-g626p,23/01/2025 20:29,5740.2,4.583,15.44,29.67,0,0,486
crud-rest-7c7fd547c9-rs5hs,23/01/2025 20:29,4.6,970.5,15.44,6.14,0,0,94
datainjector-98ccb8f89-wr5hg,23/01/2025 20:29,18.4,1.098,15.44,7.11,0,0,95
postgres-7b7f6d75f9-q5dvq,23/01/2025 20:29,733.8,90.69,15.44,0.57,0,0,39
redis-65d8857849-9n6lp,23/01/2025 20:30,845.2,1.973,15.44,12.78,0,0,6
analyzer-79d4c78db5-g626p,23/01/2025 20:30,5150.9,4.583,15.44,29.67,0,0,486
crud-rest-7c7fd547c9-rs5hs,23/01/2025 20:30,4.3,970.5,15.44,6.14,0,0,94
datainjector-98ccb8f89-wr5hg,23/01/2025 20:30,508.5,1.098,15.44,7.11,0,0,95
postgres-7b7f6d75f9-q5dvq,23/01/2025 20:30,825.9,90.7,15.44,0.57,0,0,39
redis-65d8857849-9n6lp,23/01/2025 20:30,825.9,1.971,15.44,12.76,0,0,6
analyzer-79d4c78db5-g626p,23/01/2025 20:30,5824.8,4.574,15.44,29.62,0,0,485
crud-rest-7c7fd547c9-rs5hs,23/01/2025 20:30,3.6,970.5,15.44,6.14,0,0,94
datainjector-98ccb8f89-wr5hg,23/01/2025 20:30,451.7,1.098,15.44,7.11,0,0,95
postgres-7b7f6d75f9-q5dvq,23/01/2025 20:30,867.8,90.77,15.44,0.57,0,0,39
redis-65d8857849-9n6lp,23/01/2025 20:30,804.6,1.977,15.44,12.8,0,0,6
analyzer-79d4c78db5-g626p,23/01/2025 20:30,5252.7,4.578,15.44,29.64,0,0,486
crud-rest-7c7fd547c9-rs5hs,23/01/2025 20:30,4.2,970.5,15.44,6.14,0,0,94
datainjector-98ccb8f89-wr5hg,23/01/2025 20:30,440.8,1.099,15.44,7.11,0,0,95
postgres-7b7f6d75f9-q5dvq,23/01/2025 20:30,833.5,91.07,15.44,0.58,0,0,39
redis-65d8857849-9n6lp,23/01/2025 20:30,646.3,1.981,15.44,12.82,0,0,6
analyzer-79d4c78db5-g626p,23/01/2025 20:30,6016.6,4.578,15.44,29.64,0,0,488
crud-rest-7c7fd547c9-rs5hs,23/01/2025 20:30,3.9,970.5,15.44,6.14,0,0,94
datainjector-98ccb8f89-wr5hg,23/01/2025 20:30,453.6,1.099,15.44,7.11,0,0,95
postgres-7b7f6d75f9-q5dvq,23/01/2025 20:30,683.8,91.07,15.44,0.58,0,0,39
redis-65d8857849-9n6lp,23/01/2025 20:30,837.9,1.981,15.44,12.82,0,0,6
analyzer-79d4c78db5-g626p,23/01/2025 20:30,5948.3,4.577,15.44,29.64,0,0,489
crud-rest-7c7fd547c9-rs5hs,23/01/2025 20:30,5.5,970.5,15.44,6.14,0,0,94
datainjector-98ccb8f89-wr5hg,23/01/2025 20:30,197.6,1.099,15.44,7.11,0,0,95
postgres-7b7f6d75f9-q5dvq,23/01/2025 20:30,910.9,91.1,15.44,0.58,0,0,39
redis-65d8857849-9n6lp,23/01/2025 20:30,844.8,1.986,15.44,12.86,0,0,6
analyzer-79d4c78db5-g626p,23/01/2025 20:30,5952.1,4.577,15.44,29.64,0,0,490
crud-rest-7c7fd547c9-rs5hs,23/01/2025 20:30,3.7,970.5,15.44,6.14,0,0,94
datainjector-98ccb8f89-wr5hg,23/01/2025 20:30,104.9,1.099,15.44,7.11,0,0,95
postgres-7b7f6d75f9-q5dvq,23/01/2025 20:30,955,91.17,15.44,0.58,0,0,39
redis-65d8857849-9n6lp,23/01/2025 20:30,802.9,1.99,15.44,12.88,0,0,6
analyzer-79d4c78db5-g626p,23/01/2025 20:30,5266.7,4.577,15.44,29.64,0,0,491
crud-rest-7c7fd547c9-rs5hs,23/01/2025 20:30,5.5,970.5,15.44,6.14,0,0,94
datainjector-98ccb8f89-wr5hg,23/01/2025 20:30,432.8,1.099,15.44,7.11,0,0,95
postgres-7b7f6d75f9-q5dvq,23/01/2025 20:30,821.9,91.17,15.44,0.58,0,0,39
redis-65d8857849-9n6lp,23/01/2025 20:30,1749.9,2.041,15.44,13.21,0,0,7
analyzer-79d4c78db5-g626p,23/01/2025 20:30,5243.9,4.577,15.44,29.63,0,0,491
crud-rest-7c7fd547c9-rs5hs,23/01/2025 20:30,4.9,970.5,15.44,6.14,0,0,94
datainjector-98ccb8f89-wr5hg,23/01/2025 20:30,220.7,1.099,15.44,7.11,0,0,95
postgres-7b7f6d75f9-q5dvq,23/01/2025 20:30,746,91.17,15.44,0.58,0,0,39
redis-65d8857849-9n6lp,23/01/2025 20:30,1827.9,2.062,15.44,13.35,0,0,7
analyzer-79d4c78db5-g626p,23/01/2025 20:30,5853.9,4.577,15.44,29.63,0,0,492
crud-rest-7c7fd547c9-rs5hs,23/01/2025 20:30,3.5,970.5,15.44,6.14,0,0,94
datainjector-98ccb8f89-wr5hg,23/01/2025 20:30,523.4,1.099,15.44,7.11,0,0,95
postgres-7b7f6d75f9-q5dvq,23/01/2025 20:30,974.5,91.42,15.44,0.58,0,0,39
redis-65d8857849-9n6lp,23/01/2025 20:30,1859.1,2.075,15.44,13.44,0,0,7
analyzer-79d4c78db5-g626p,23/01/2025 20:30,5140.8,4.576,15.44,29.63,0,0,493
crud-rest-7c7fd547c9-rs5hs,23/01/2025 20:30,5.7,970.5,15.44,6.14,0,0,94
datainjector-98ccb8f89-wr5hg,23/01/2025 20:30,382.5,1.099,15.44,7.11,0,0,94
postgres-7b7f6d75f9-q5dvq,23/01/2025 20:30,779,91.43,15.44,0.58,0,0,39
redis-65d8857849-9n6lp,23/01/2025 20:30,1800.5,2.087,15.44,13.51,0,0,7
analyzer-79d4c78db5-g626p,23/01/2025 20:30,5728.4,4.576,15.44,29.63,0,0,494
crud-rest-7c7fd547c9-rs5hs,23/01/2025 20:30,4,969.9,15.44,6.13,0,0,94
datainjector-98ccb8f89-wr5hg,23/01/2025 20:30,295.9,1.098,15.44,7.11,0,0,94
postgres-7b7f6d75f9-q5dvq,23/01/2025 20:30,848.9,91.41,15.44,0.58,0,0,39
redis-65d8857849-9n6lp,23/01/2025 20:30,1761.5,2.1,15.44,13.6,0,0,7
analyzer-79d4c78db5-g626p,23/01/2025 20:30,5402.8,4.576,15.44,29.63,0,0,494
crud-rest-7c7fd547c9-rs5hs,23/01/2025 20:30,10.9,969.2,15.44,6.13,0,0,94
datainjector-98ccb8f89-wr5hg,23/01/2025 20:30,470.4,1.098,15.44,7.11,0,0,94
postgres-7b7f6d75f9-q5dvq,23/01/2025 20:30,732.9,91.44,15.44,0.58,0,0,39
redis-65d8857849-9n6lp,23/01/2025 20:30,1699.3,2.109,15.44,13.65,0,0,7
analyzer-79d4c78db5-g626p,23/01/2025 20:30,5571.5,4.575,15.44,29.63,0,0,494
crud-rest-7c7fd547c9-rs5hs,23/01/2025 20:30,5.7,968.9,15.44,6.13,0,0,94
datainjector-98ccb8f89-wr5hg,23/01/2025 20:30,271.1,1.097,15.44,7.11,0,0,94
postgres-7b7f6d75f9-q5dvq,23/01/2025 20:30,617.1,91.43,15.44,0.58,0,0,39
redis-65d8857849-9n6lp,23/01/2025 20:30,1774.7,2.118,15.44,13.72,0,0,7
analyzer-79d4c78db5-g626p,23/01/2025 20:30,5020.4,4.575,15.44,29.62,0,0,496
crud-rest-7c7fd547c9-rs5hs,23/01/2025 20:30,6.8,968.3,15.44,6.12,0,0,93
datainjector-98ccb8f89-wr5hg,23/01/2025 20:30,700.8,1.097,15.44,7.1,0,0,94
postgres-7b7f6d75f9-q5dvq,23/01/2025 20:30,759.8,91.44,15.44,0.58,0,0,39
redis-65d8857849-9n6lp,23/01/2025 20:31,1704.1,2.011,15.44,13.02,0,0,6
analyzer-79d4c78db5-g626p,23/01/2025 20:31,5000.5,4.575,15.44,29.62,0,0,496
crud-rest-7c7fd547c9-rs5hs,23/01/2025 20:31,4.1,968,15.44,6.12,0,0,93
datainjector-98ccb8f89-wr5hg,23/01/2025 20:31,487.8,1.096,15.44,7.1,0,0,94
postgres-7b7f6d75f9-q5dvq,23/01/2025 20:31,811.7,91.41,15.44,0.58,0,0,39
redis-65d8857849-9n6lp,23/01/2025 20:31,841.2,2.009,15.44,13.01,0,0,6
analyzer-79d4c78db5-g626p,23/01/2025 20:31,6250.1,4.574,15.44,29.62,0,0,496
crud-rest-7c7fd547c9-rs5hs,23/01/2025 20:31,6,968,15.44,6.12,0,0,93
datainjector-98ccb8f89-wr5hg,23/01/2025 20:31,311,1.096,15.44,7.1,0,0,94
postgres-7b7f6d75f9-q5dvq,23/01/2025 20:31,978.9,91.41,15.44,0.58,0,0,39
redis-65d8857849-9n6lp,23/01/2025 20:31,681.9,2.009,15.44,13.01,0,0,6
analyzer-79d4c78db5-g626p,23/01/2025 20:31,6586.3,4.574,15.44,29.62,0,0,497
crud-rest-7c7fd547c9-rs5hs,23/01/2025 20:31,4.4,968,15.44,6.12,0,0,93
datainjector-98ccb8f89-wr5hg,23/01/2025 20:31,468.3,1.096,15.44,7.1,0,0,96
postgres-7b7f6d75f9-q5dvq,23/01/2025 20:31,641.3,91.42,15.44,0.58,0,0,39
redis-65d8857849-9n6lp,23/01/2025 20:31,817.7,2.01,15.44,13.02,0,0,6
analyzer-79d4c78db5-g626p,23/01/2025 20:31,5476,4.574,15.44,29.62,0,0,499
crud-rest-7c7fd547c9-rs5hs,23/01/2025 20:31,4.3,968,15.44,6.12,0,0,93
datainjector-98ccb8f89-wr5hg,23/01/2025 20:31,308.7,1.096,15.44,7.1,0,0,96
postgres-7b7f6d75f9-q5dvq,23/01/2025 20:31,817.3,91.42,15.44,0.58,0,0,39
redis-65d8857849-9n6lp,23/01/2025 20:31,857.3,2.017,15.44,13.06,0,0,6
analyzer-79d4c78db5-g626p,23/01/2025 20:31,6362.8,4.577,15.44,29.64,0,0,493
crud-rest-7c7fd547c9-rs5hs,23/01/2025 20:31,4.7,968,15.44,6.12,0,0,93
datainjector-98ccb8f89-wr5hg,23/01/2025 20:31,258.2,1.108,15.44,7.17,0,0,96
postgres-7b7f6d75f9-q5dvq,23/01/2025 20:31,968.3,91.42,15.44,0.58,0,0,39
redis-65d8857849-9n6lp,23/01/2025 20:31,869.3,2.013,15.44,13.04,0,0,6
analyzer-79d4c78db5-g626p,23/01/2025 20:31,5895.4,4.577,15.44,29.63,0,0,495
crud-rest-7c7fd547c9-rs5hs,23/01/2025 20:31,9.5,968.1,15.44,6.12,0,0,95
datainjector-98ccb8f89-wr5hg,23/01/2025 20:31,392.3,1.118,15.44,7.24,0,0,96
postgres-7b7f6d75f9-q5dvq,23/01/2025 20:31,983.3,91.42,15.44,0.58,0,0,39
redis-65d8857849-9n6lp,23/01/2025 20:31,745.7,2.018,15.44,13.07,0,0,6
analyzer-79d4c78db5-g626p,23/01/2025 20:31,7273.6,4.577,15.44,29.63,0,0,495
crud-rest-7c7fd547c9-rs5hs,23/01/2025 20:31,4.4,968.1,15.44,6.12,0,0,95
datainjector-98ccb8f89-wr5hg,23/01/2025 20:31,76.9,1.122,15.44,7.26,0,0,96
postgres-7b7f6d75f9-q5dvq,23/01/2025 20:31,628.7,91.75,15.44,0.58,0,0,39
redis-65d8857849-9n6lp,23/01/2025 20:31,839.1,2.02,15.44,13.08,0,0,6
analyzer-79d4c78db5-g626p,23/01/2025 20:31,4921.6,4.576,15.44,29.63,0,0,493
crud-rest-7c7fd547c9-rs5hs,23/01/2025 20:31,9.3,968.1,15.44,6.12,0,0,95
datainjector-98ccb8f89-wr5hg,23/01/2025 20:31,1208.8,1.126,15.44,7.29,0,0,96
postgres-7b7f6d75f9-q5dvq,23/01/2025 20:31,797,91.75,15.44,0.58,0,0,39
redis-65d8857849-9n6lp,23/01/2025 20:31,800,2.022,15.44,13.09,0,0,6
analyzer-79d4c78db5-g626p,23/01/2025 20:31,5226.1,4.576,15.44,29.63,0,0,494
crud-rest-7c7fd547c9-rs5hs,23/01/2025 20:31,5.4,968.1,15.44,6.12,0,0,95
datainjector-98ccb8f89-wr5hg,23/01/2025 20:31,353.6,1.126,15.44,7.29,0,0,96
postgres-7b7f6d75f9-q5dvq,23/01/2025 20:31,895.5,91.75,15.44,0.58,0,0,39
redis-65d8857849-9n6lp,23/01/2025 20:31,828.8,2.026,15.44,13.12,0,0,6
analyzer-79d4c78db5-g626p,23/01/2025 20:31,5593.8,4.576,15.44,29.63,0,0,493
crud-rest-7c7fd547c9-rs5hs,23/01/2025 20:31,5.4,968.1,15.44,6.12,0,0,95
datainjector-98ccb8f89-wr5hg,23/01/2025 20:31,501.7,1.13,15.44,7.32,0,0,95
postgres-7b7f6d75f9-q5dvq,23/01/2025 20:31,860.6,91.75,15.44,0.58,0,0,39
redis-65d8857849-9n6lp,23/01/2025 20:31,801.1,2.022,15.44,13.09,0,0,6
analyzer-79d4c78db5-g626p,23/01/2025 20:31,5706.5,4.575,15.44,29.62,0,0,492
crud-rest-7c7fd547c9-rs5hs,23/01/2025 20:31,4.8,968.1,15.44,6.12,0,0,95
datainjector-98ccb8f89-wr5hg,23/01/2025 20:31,124.4,1.13,15.44,7.32,0,0,95
postgres-7b7f6d75f9-q5dvq,23/01/2025 20:31,763.2,91.75,15.44,0.58,0,0,39
redis-65d8857849-9n6lp,23/01/2025 20:31,840.4,2.024,15.44,13.1,0,0,6
analyzer-79d4c78db5-g626p,23/01/2025 20:31,5610.6,4.575,15.44,29.62,0,0,494
crud-rest-7c7fd547c9-rs5hs,23/01/2025 20:31,7.1,968.1,15.44,6.12,0,0,95
datainjector-98ccb8f89-wr5hg,23/01/2025 20:31,47,1.13,15.44,7.32,0,0,95
postgres-7b7f6d75f9-q5dvq,23/01/2025 20:31,747.9,91.76,15.44,0.58,0,0,39
redis-65d8857849-9n6lp,23/01/2025 20:31,845.5,2.027,15.44,13.12,0,0,6
analyzer-79d4c78db5-g626p,23/01/2025 20:31,5949.5,4.575,15.44,29.62,0,0,491
crud-rest-7c7fd547c9-rs5hs,23/01/2025 20:31,4.4,968,15.44,6.12,0,0,94
datainjector-98ccb8f89-wr5hg,23/01/2025 20:31,427.4,1.134,15.44,7.34,0,0,95
postgres-7b7f6d75f9-q5dvq,23/01/2025 20:31,954.8,91.77,15.44,0.58,0,0,39
redis-65d8857849-9n6lp,23/01/2025 20:31,721.2,2.031,15.44,13.15,0,0,6
analyzer-79d4c78db5-g626p,23/01/2025 20:31,5234.6,4.575,15.44,29.62,0,0,493
crud-rest-7c7fd547c9-rs5hs,23/01/2025 20:31,6.8,968,15.44,6.12,0,0,94
datainjector-98ccb8f89-wr5hg,23/01/2025 20:31,501.6,1.134,15.44,7.34,0,0,95
postgres-7b7f6d75f9-q5dvq,23/01/2025 20:31,763.8,91.77,15.44,0.58,0,0,39
redis-65d8857849-9n6lp,23/01/2025 20:32,1773.1,2.067,15.44,13.38,0,0,7
analyzer-79d4c78db5-g626p,23/01/2025 20:32,4761.7,4.575,15.44,29.62,0,0,494
crud-rest-7c7fd547c9-rs5hs,23/01/2025 20:32,5.2,968,15.44,6.12,0,0,94
datainjector-98ccb8f89-wr5hg,23/01/2025 20:32,237,1.134,15.44,7.34,0,0,95
postgres-7b7f6d75f9-q5dvq,23/01/2025 20:32,661.1,91.77,15.44,0.58,0,0,39
redis-65d8857849-9n6lp,23/01/2025 20:32,1849.3,2.098,15.44,13.58,0,0,7
analyzer-79d4c78db5-g626p,23/01/2025 20:32,5746.2,4.574,15.44,29.62,0,0,495
crud-rest-7c7fd547c9-rs5hs,23/01/2025 20:32,4.5,967.3,15.44,6.12,0,0,94
datainjector-98ccb8f89-wr5hg,23/01/2025 20:32,315.1,1.134,15.44,7.34,0,0,95
postgres-7b7f6d75f9-q5dvq,23/01/2025 20:32,723,91.73,15.44,0.58,0,0,39
redis-65d8857849-9n6lp,23/01/2025 20:32,1700.5,2.113,15.44,13.68,0,0,7
analyzer-79d4c78db5-g626p,23/01/2025 20:32,4942.7,4.574,15.44,29.61,0,0,495
crud-rest-7c7fd547c9-rs5hs,23/01/2025 20:32,4.1,966.8,15.44,6.11,0,0,94
datainjector-98ccb8f89-wr5hg,23/01/2025 20:32,418.5,1.133,15.44,7.33,0,0,95
postgres-7b7f6d75f9-q5dvq,23/01/2025 20:32,713.3,91.65,15.44,0.58,0,0,39
redis-65d8857849-9n6lp,23/01/2025 20:32,1797.4,2.129,15.44,13.78,0,0,7
analyzer-79d4c78db5-g626p,23/01/2025 20:32,5219.7,4.573,15.44,29.61,0,0,496
crud-rest-7c7fd547c9-rs5hs,23/01/2025 20:32,3.4,966.6,15.44,6.11,0,0,94
datainjector-98ccb8f89-wr5hg,23/01/2025 20:32,459.2,1.132,15.44,7.33,0,0,95
postgres-7b7f6d75f9-q5dvq,23/01/2025 20:32,839.7,91.63,15.44,0.58,0,0,39
redis-65d8857849-9n6lp,23/01/2025 20:32,1777.7,2.136,15.44,13.83,0,0,7
analyzer-79d4c78db5-g626p,23/01/2025 20:32,5718.9,4.573,15.44,29.61,0,0,495
crud-rest-7c7fd547c9-rs5hs,23/01/2025 20:32,4,965.9,15.44,6.11,0,0,94
datainjector-98ccb8f89-wr5hg,23/01/2025 20:32,274,1.131,15.44,7.32,0,0,95
postgres-7b7f6d75f9-q5dvq,23/01/2025 20:32,908.1,91.59,15.44,0.58,0,0,39
redis-65d8857849-9n6lp,23/01/2025 20:32,1714.4,2.154,15.44,13.94,0,0,7
analyzer-79d4c78db5-g626p,23/01/2025 20:32,5439.7,4.572,15.44,29.61,0,0,496
crud-rest-7c7fd547c9-rs5hs,23/01/2025 20:32,4.6,965.3,15.44,6.1,0,0,94
datainjector-98ccb8f89-wr5hg,23/01/2025 20:32,606.5,1.131,15.44,7.32,0,0,95
postgres-7b7f6d75f9-q5dvq,23/01/2025 20:32,666.7,91.65,15.44,0.58,0,0,39
redis-65d8857849-9n6lp,23/01/2025 20:32,1679.5,2.161,15.44,14,0,0,7
analyzer-79d4c78db5-g626p,23/01/2025 20:32,3763.5,4.572,15.44,29.6,0,0,495
crud-rest-7c7fd547c9-rs5hs,23/01/2025 20:32,11.4,964.2,15.44,6.1,0,0,94
datainjector-98ccb8f89-wr5hg,23/01/2025 20:32,920.2,1.129,15.44,7.31,0,0,95
postgres-7b7f6d75f9-q5dvq,23/01/2025 20:32,720,91.4,15.44,0.58,0,0,39
redis-65d8857849-9n6lp,23/01/2025 20:32,1750.3,2.176,15.44,14.09,0,0,7
analyzer-79d4c78db5-g626p,23/01/2025 20:32,4818,4.571,15.44,29.6,0,0,496
crud-rest-7c7fd547c9-rs5hs,23/01/2025 20:32,4.4,963.4,15.44,6.09,0,0,94
datainjector-98ccb8f89-wr5hg,23/01/2025 20:32,568.7,1.128,15.44,7.3,0,0,95
postgres-7b7f6d75f9-q5dvq,23/01/2025 20:32,735.8,91.37,15.44,0.58,0,0,39
redis-65d8857849-9n6lp,23/01/2025 20:32,929.2,2.042,15.44,13.22,0,0,6
analyzer-79d4c78db5-g626p,23/01/2025 20:32,5077.1,4.571,15.44,29.6,0,0,497
crud-rest-7c7fd547c9-rs5hs,23/01/2025 20:32,4.8,963,15.44,6.09,0,0,94
datainjector-98ccb8f89-wr5hg,23/01/2025 20:32,754.8,1.128,15.44,7.3,0,0,95
postgres-7b7f6d75f9-q5dvq,23/01/2025 20:32,801.2,91.29,15.44,0.58,0,0,39
redis-65d8857849-9n6lp,23/01/2025 20:32,850.2,2.039,15.44,13.2,0,0,6
analyzer-79d4c78db5-g626p,23/01/2025 20:32,5854.5,4.57,15.44,29.59,0,0,495
crud-rest-7c7fd547c9-rs5hs,23/01/2025 20:32,3.9,963,15.44,6.09,0,0,94
datainjector-98ccb8f89-wr5hg,23/01/2025 20:32,158,1.128,15.44,7.3,0,0,94
postgres-7b7f6d75f9-q5dvq,23/01/2025 20:32,860,91.29,15.44,0.58,0,0,39
redis-65d8857849-9n6lp,23/01/2025 20:32,826.9,2.041,15.44,13.21,0,0,6
analyzer-79d4c78db5-g626p,23/01/2025 20:32,5717.3,4.57,15.44,29.59,0,0,496
crud-rest-7c7fd547c9-rs5hs,23/01/2025 20:32,5.7,963,15.44,6.09,0,0,94
datainjector-98ccb8f89-wr5hg,23/01/2025 20:32,482.4,1.128,15.44,7.3,0,0,94
postgres-7b7f6d75f9-q5dvq,23/01/2025 20:32,905.6,91.29,15.44,0.58,0,0,39
redis-65d8857849-9n6lp,23/01/2025 20:32,835.3,2.042,15.44,13.22,0,0,6
analyzer-79d4c78db5-g626p,23/01/2025 20:32,6056.5,4.57,15.44,29.59,0,0,496
crud-rest-7c7fd547c9-rs5hs,23/01/2025 20:32,5.3,963,15.44,6.09,0,0,94
datainjector-98ccb8f89-wr5hg,23/01/2025 20:32,311,1.128,15.44,7.3,0,0,94
postgres-7b7f6d75f9-q5dvq,23/01/2025 20:32,881.2,91.29,15.44,0.58,0,0,39
redis-65d8857849-9n6lp,23/01/2025 20:32,805.8,2.042,15.44,13.22,0,0,6
analyzer-79d4c78db5-g626p,23/01/2025 20:32,5721,4.569,15.44,29.59,0,0,492
crud-rest-7c7fd547c9-rs5hs,23/01/2025 20:32,4.5,962.9,15.44,6.09,0,0,93
datainjector-98ccb8f89-wr5hg,23/01/2025 20:32,499.4,1.128,15.44,7.3,0,0,94
postgres-7b7f6d75f9-q5dvq,23/01/2025 20:32,923.5,91.29,15.44,0.58,0,0,39
redis-65d8857849-9n6lp,23/01/2025 20:33,802.2,2.038,15.44,13.2,0,0,6
analyzer-79d4c78db5-g626p,23/01/2025 20:33,5532.6,4.569,15.44,29.58,0,0,491
crud-rest-7c7fd547c9-rs5hs,23/01/2025 20:33,7.2,962.9,15.44,6.09,0,0,93
datainjector-98ccb8f89-wr5hg,23/01/2025 20:33,10.7,1.128,15.44,7.3,0,0,94
postgres-7b7f6d75f9-q5dvq,23/01/2025 20:33,751.7,91.3,15.44,0.58,0,0,39
redis-65d8857849-9n6lp,23/01/2025 20:33,719.3,2.04,15.44,13.21,0,0,6
analyzer-79d4c78db5-g626p,23/01/2025 20:33,7360.2,4.569,15.44,29.58,0,0,492
crud-rest-7c7fd547c9-rs5hs,23/01/2025 20:33,17.1,962.9,15.44,6.09,0,0,93
datainjector-98ccb8f89-wr5hg,23/01/2025 20:33,189.7,1.128,15.44,7.3,0,0,94
postgres-7b7f6d75f9-q5dvq,23/01/2025 20:33,672.2,91.29,15.44,0.58,0,0,39
redis-65d8857849-9n6lp,23/01/2025 20:33,836.3,2.037,15.44,13.19,0,0,6
analyzer-79d4c78db5-g626p,23/01/2025 20:33,5530.4,4.569,15.44,29.58,0,0,492
crud-rest-7c7fd547c9-rs5hs,23/01/2025 20:33,3.9,962.9,15.44,6.09,0,0,93
datainjector-98ccb8f89-wr5hg,23/01/2025 20:33,319.3,1.128,15.44,7.3,0,0,96
postgres-7b7f6d75f9-q5dvq,23/01/2025 20:33,820,91.29,15.44,0.58,0,0,39
redis-65d8857849-9n6lp,23/01/2025 20:33,820.2,2.039,15.44,13.2,0,0,6
analyzer-79d4c78db5-g626p,23/01/2025 20:33,5658.6,4.568,15.44,29.58,0,0,490
crud-rest-7c7fd547c9-rs5hs,23/01/2025 20:33,4.9,962.9,15.44,6.09,0,0,93
datainjector-98ccb8f89-wr5hg,23/01/2025 20:33,453.7,1.128,15.44,7.3,0,0,96
postgres-7b7f6d75f9-q5dvq,23/01/2025 20:33,842.7,91.29,15.44,0.58,0,0,39
redis-65d8857849-9n6lp,23/01/2025 20:33,834.6,2.036,15.44,13.18,0,0,6
analyzer-79d4c78db5-g626p,23/01/2025 20:33,6007.5,4.568,15.44,29.57,0,0,489
crud-rest-7c7fd547c9-rs5hs,23/01/2025 20:33,5.2,962.9,15.44,6.09,0,0,93
datainjector-98ccb8f89-wr5hg,23/01/2025 20:33,81.7,1.128,15.44,7.3,0,0,96
postgres-7b7f6d75f9-q5dvq,23/01/2025 20:33,871.9,91.29,15.44,0.58,0,0,39
redis-65d8857849-9n6lp,23/01/2025 20:33,765.3,2.04,15.44,13.21,0,0,6
analyzer-79d4c78db5-g626p,23/01/2025 20:33,6844.4,4.567,15.44,29.57,0,0,489
crud-rest-7c7fd547c9-rs5hs,23/01/2025 20:33,3.8,962.9,15.44,6.09,0,0,93
datainjector-98ccb8f89-wr5hg,23/01/2025 20:33,50.6,1.128,15.44,7.3,0,0,96
postgres-7b7f6d75f9-q5dvq,23/01/2025 20:33,887.1,91.54,15.44,0.58,0,0,39
redis-65d8857849-9n6lp,23/01/2025 20:33,795.6,2.041,15.44,13.22,0,0,6
analyzer-79d4c78db5-g626p,23/01/2025 20:33,6267,4.567,15.44,29.57,0,0,489
crud-rest-7c7fd547c9-rs5hs,23/01/2025 20:33,5,963.1,15.44,6.09,0,0,95
datainjector-98ccb8f89-wr5hg,23/01/2025 20:33,194.9,1.128,15.44,7.3,0,0,96
postgres-7b7f6d75f9-q5dvq,23/01/2025 20:33,933.4,91.54,15.44,0.58,0,0,39
redis-65d8857849-9n6lp,23/01/2025 20:33,840.9,2.046,15.44,13.24,0,0,6
analyzer-79d4c78db5-g626p,23/01/2025 20:33,5865.2,4.567,15.44,29.57,0,0,488
crud-rest-7c7fd547c9-rs5hs,23/01/2025 20:33,4.1,963.1,15.44,6.09,0,0,95
datainjector-98ccb8f89-wr5hg,23/01/2025 20:33,427.3,1.128,15.44,7.3,0,0,96
postgres-7b7f6d75f9-q5dvq,23/01/2025 20:33,954.9,91.54,15.44,0.58,0,0,39
redis-65d8857849-9n6lp,23/01/2025 20:33,882.8,2.046,15.44,13.25,0,0,6
analyzer-79d4c78db5-g626p,23/01/2025 20:33,5484,4.567,15.44,29.57,0,0,488
crud-rest-7c7fd547c9-rs5hs,23/01/2025 20:33,3.9,963.1,15.44,6.09,0,0,95
datainjector-98ccb8f89-wr5hg,23/01/2025 20:33,595.1,1.128,15.44,7.3,0,0,96
postgres-7b7f6d75f9-q5dvq,23/01/2025 20:33,876.3,91.54,15.44,0.58,0,0,39
redis-65d8857849-9n6lp,23/01/2025 20:33,1614.8,2.088,15.44,13.52,0,0,7
analyzer-79d4c78db5-g626p,23/01/2025 20:33,6786.9,4.566,15.44,29.57,0,0,489
crud-rest-7c7fd547c9-rs5hs,23/01/2025 20:33,4.3,963.1,15.44,6.09,0,0,95
datainjector-98ccb8f89-wr5hg,23/01/2025 20:33,8.8,1.128,15.44,7.3,0,0,95
postgres-7b7f6d75f9-q5dvq,23/01/2025 20:33,570.2,91.55,15.44,0.58,0,0,39
redis-65d8857849-9n6lp,23/01/2025 20:33,1859.9,2.122,15.44,13.74,0,0,7
analyzer-79d4c78db5-g626p,23/01/2025 20:33,5314.9,4.566,15.44,29.56,0,0,489
crud-rest-7c7fd547c9-rs5hs,23/01/2025 20:33,3.9,963.1,15.44,6.09,0,0,95
datainjector-98ccb8f89-wr5hg,23/01/2025 20:33,453.9,1.128,15.44,7.3,0,0,95
postgres-7b7f6d75f9-q5dvq,23/01/2025 20:33,787.4,91.54,15.44,0.58,0,0,39
redis-65d8857849-9n6lp,23/01/2025 20:33,1809.6,2.148,15.44,13.91,0,0,7
analyzer-79d4c78db5-g626p,23/01/2025 20:33,5161.5,4.566,15.44,29.56,0,0,489
crud-rest-7c7fd547c9-rs5hs,23/01/2025 20:33,5.8,963.1,15.44,6.09,0,0,95
datainjector-98ccb8f89-wr5hg,23/01/2025 20:33,446.6,1.128,15.44,7.3,0,0,95
postgres-7b7f6d75f9-q5dvq,23/01/2025 20:33,802.2,91.54,15.44,0.58,0,0,39
redis-65d8857849-9n6lp,23/01/2025 20:33,1805.7,2.163,15.44,14,0,0,7
analyzer-79d4c78db5-g626p,23/01/2025 20:33,4918,4.566,15.44,29.56,0,0,489
crud-rest-7c7fd547c9-rs5hs,23/01/2025 20:33,6,963.1,15.44,6.09,0,0,95
datainjector-98ccb8f89-wr5hg,23/01/2025 20:33,394.9,1.128,15.44,7.3,0,0,95
postgres-7b7f6d75f9-q5dvq,23/01/2025 20:33,732.9,91.54,15.44,0.58,0,0,39
redis-65d8857849-9n6lp,23/01/2025 20:33,1877.6,2.175,15.44,14.09,0,0,7
analyzer-79d4c78db5-g626p,23/01/2025 20:33,5651.2,4.565,15.44,29.56,0,0,488
crud-rest-7c7fd547c9-rs5hs,23/01/2025 20:33,5,963,15.44,6.09,0,0,94
datainjector-98ccb8f89-wr5hg,23/01/2025 20:33,539.6,1.128,15.44,7.3,0,0,95
postgres-7b7f6d75f9-q5dvq,23/01/2025 20:33,892.5,91.54,15.44,0.58,0,0,39
redis-65d8857849-9n6lp,23/01/2025 20:34,1781.3,2.183,15.44,14.14,0,0,7
analyzer-79d4c78db5-g626p,23/01/2025 20:34,4700.9,4.565,15.44,29.56,0,0,489
crud-rest-7c7fd547c9-rs5hs,23/01/2025 20:34,5.4,963,15.44,6.09,0,0,94
datainjector-98ccb8f89-wr5hg,23/01/2025 20:34,582.6,1.128,15.44,7.31,0,0,95
postgres-7b7f6d75f9-q5dvq,23/01/2025 20:34,753.4,91.54,15.44,0.58,0,0,39
redis-65d8857849-9n6lp,23/01/2025 20:34,1795.9,2.199,15.44,14.24,0,0,7
analyzer-79d4c78db5-g626p,23/01/2025 20:34,5546.6,4.565,15.44,29.56,0,0,489
crud-rest-7c7fd547c9-rs5hs,23/01/2025 20:34,5.1,962.7,15.44,6.09,0,0,94
datainjector-98ccb8f89-wr5hg,23/01/2025 20:34,55.2,1.128,15.44,7.3,0,0,95
postgres-7b7f6d75f9-q5dvq,23/01/2025 20:34,771.7,91.53,15.44,0.58,0,0,39
redis-65d8857849-9n6lp,23/01/2025 20:34,1836.9,2.214,15.44,14.33,0,0,7
analyzer-79d4c78db5-g626p,23/01/2025 20:34,5174.9,4.564,15.44,29.55,0,0,488
crud-rest-7c7fd547c9-rs5hs,23/01/2025 20:34,4,960.8,15.44,6.08,0,0,94
datainjector-98ccb8f89-wr5hg,23/01/2025 20:34,487.8,1.125,15.44,7.29,0,0,96
postgres-7b7f6d75f9-q5dvq,23/01/2025 20:34,858.4,91.37,15.44,0.58,0,0,39
redis-65d8857849-9n6lp,23/01/2025 20:34,812.7,2.065,15.44,13.37,0,0,6
analyzer-79d4c78db5-g626p,23/01/2025 20:34,5048.4,4.564,15.44,29.55,0,0,489
crud-rest-7c7fd547c9-rs5hs,23/01/2025 20:34,4.5,960.8,15.44,6.08,0,0,94
datainjector-98ccb8f89-wr5hg,23/01/2025 20:34,132.5,1.125,15.44,7.29,0,0,96
postgres-7b7f6d75f9-q5dvq,23/01/2025 20:34,951,91.37,15.44,0.58,0,0,39
redis-65d8857849-9n6lp,23/01/2025 20:34,701.4,2.065,15.44,13.37,0,0,6
analyzer-79d4c78db5-g626p,23/01/2025 20:34,7149.5,4.564,15.44,29.55,0,0,489
crud-rest-7c7fd547c9-rs5hs,23/01/2025 20:34,6.4,960.8,15.44,6.08,0,0,94
datainjector-98ccb8f89-wr5hg,23/01/2025 20:34,392.7,1.125,15.44,7.29,0,0,96
postgres-7b7f6d75f9-q5dvq,23/01/2025 20:34,672.1,91.37,15.44,0.58,0,0,39
redis-65d8857849-9n6lp,23/01/2025 20:34,805.2,2.07,15.44,13.4,0,0,6
analyzer-79d4c78db5-g626p,23/01/2025 20:34,5410,4.563,15.44,29.55,0,0,489
crud-rest-7c7fd547c9-rs5hs,23/01/2025 20:34,7.5,960.8,15.44,6.08,0,0,94
datainjector-98ccb8f89-wr5hg,23/01/2025 20:34,316.5,1.125,15.44,7.29,0,0,96
postgres-7b7f6d75f9-q5dvq,23/01/2025 20:34,850.7,91.37,15.44,0.58,0,0,39
redis-65d8857849-9n6lp,23/01/2025 20:34,917.2,2.073,15.44,13.42,0,0,6
analyzer-79d4c78db5-g626p,23/01/2025 20:34,6157.9,4.563,15.44,29.54,0,0,488
crud-rest-7c7fd547c9-rs5hs,23/01/2025 20:34,4.7,960.9,15.44,6.08,0,0,95
datainjector-98ccb8f89-wr5hg,23/01/2025 20:34,212.4,1.125,15.44,7.29,0,0,96
postgres-7b7f6d75f9-q5dvq,23/01/2025 20:34,1003.2,91.37,15.44,0.58,0,0,39
redis-65d8857849-9n6lp,23/01/2025 20:34,784.7,2.075,15.44,13.44,0,0,6
analyzer-79d4c78db5-g626p,23/01/2025 20:34,5454.5,4.562,15.44,29.54,0,0,486
crud-rest-7c7fd547c9-rs5hs,23/01/2025 20:34,6.7,960.9,15.44,6.08,0,0,95
datainjector-98ccb8f89-wr5hg,23/01/2025 20:34,188.3,1.125,15.44,7.29,0,0,96
postgres-7b7f6d75f9-q5dvq,23/01/2025 20:34,808,91.37,15.44,0.58,0,0,39
redis-65d8857849-9n6lp,23/01/2025 20:34,804.4,2.08,15.44,13.47,0,0,6
analyzer-79d4c78db5-g626p,23/01/2025 20:34,6408.3,4.562,15.44,29.54,0,0,486
crud-rest-7c7fd547c9-rs5hs,23/01/2025 20:34,5.8,960.9,15.44,6.08,0,0,95
datainjector-98ccb8f89-wr5hg,23/01/2025 20:34,476.2,1.125,15.44,7.29,0,0,96
postgres-7b7f6d75f9-q5dvq,23/01/2025 20:34,720.2,91.37,15.44,0.58,0,0,39
redis-65d8857849-9n6lp,23/01/2025 20:34,880.4,2.079,15.44,13.46,0,0,6
analyzer-79d4c78db5-g626p,23/01/2025 20:34,6178.5,4.562,15.44,29.54,0,0,485
crud-rest-7c7fd547c9-rs5hs,23/01/2025 20:34,4.3,960.9,15.44,6.08,0,0,95
datainjector-98ccb8f89-wr5hg,23/01/2025 20:34,134.2,1.125,15.44,7.29,0,0,95
postgres-7b7f6d75f9-q5dvq,23/01/2025 20:34,928.2,91.37,15.44,0.58,0,0,39
redis-65d8857849-9n6lp,23/01/2025 20:34,843.8,2.086,15.44,13.51,0,0,6
analyzer-79d4c78db5-g626p,23/01/2025 20:34,5617,4.561,15.44,29.53,0,0,482
crud-rest-7c7fd547c9-rs5hs,23/01/2025 20:34,4.2,960.9,15.44,6.08,0,0,95
datainjector-98ccb8f89-wr5hg,23/01/2025 20:34,506.6,1.125,15.44,7.29,0,0,95
postgres-7b7f6d75f9-q5dvq,23/01/2025 20:34,902.1,91.39,15.44,0.58,0,0,39
redis-65d8857849-9n6lp,23/01/2025 20:34,836,2.089,15.44,13.53,0,0,6
analyzer-79d4c78db5-g626p,23/01/2025 20:34,5662.2,4.561,15.44,29.53,0,0,481
crud-rest-7c7fd547c9-rs5hs,23/01/2025 20:34,5.5,960.9,15.44,6.08,0,0,95
datainjector-98ccb8f89-wr5hg,23/01/2025 20:34,444.6,1.125,15.44,7.29,0,0,95
postgres-7b7f6d75f9-q5dvq,23/01/2025 20:34,867.2,91.39,15.44,0.58,0,0,39
redis-65d8857849-9n6lp,23/01/2025 20:34,839.4,2.095,15.44,13.57,0,0,6
analyzer-79d4c78db5-g626p,23/01/2025 20:34,5522,4.561,15.44,29.53,0,0,479
crud-rest-7c7fd547c9-rs5hs,23/01/2025 20:34,5.6,960.8,15.44,6.08,0,0,94
datainjector-98ccb8f89-wr5hg,23/01/2025 20:34,48,1.126,15.44,7.29,0,0,95
postgres-7b7f6d75f9-q5dvq,23/01/2025 20:34,792,91.39,15.44,0.58,0,0,39
redis-65d8857849-9n6lp,23/01/2025 20:34,896.1,2.099,15.44,13.59,0,0,6
analyzer-79d4c78db5-g626p,23/01/2025 20:34,5210.5,4.561,15.44,29.53,0,0,479
crud-rest-7c7fd547c9-rs5hs,23/01/2025 20:34,4.5,960.8,15.44,6.08,0,0,94
datainjector-98ccb8f89-wr5hg,23/01/2025 20:34,555.4,1.125,15.44,7.29,0,0,95
postgres-7b7f6d75f9-q5dvq,23/01/2025 20:34,842.9,91.39,15.44,0.58,0,0,39
redis-65d8857849-9n6lp,23/01/2025 20:35,842.6,2.103,15.44,13.62,0,0,6
analyzer-79d4c78db5-g626p,23/01/2025 20:35,5389.1,4.561,15.44,29.53,0,0,479
crud-rest-7c7fd547c9-rs5hs,23/01/2025 20:35,5.8,960.8,15.44,6.08,0,0,94
datainjector-98ccb8f89-wr5hg,23/01/2025 20:35,176.2,1.125,15.44,7.29,0,0,95
postgres-7b7f6d75f9-q5dvq,23/01/2025 20:35,757.3,91.39,15.44,0.58,0,0,39
redis-65d8857849-9n6lp,23/01/2025 20:35,839.4,2.108,15.44,13.65,0,0,6
analyzer-79d4c78db5-g626p,23/01/2025 20:35,5845.1,4.561,15.44,29.53,0,0,477
crud-rest-7c7fd547c9-rs5hs,23/01/2025 20:35,7.2,960.8,15.44,6.08,0,0,94
datainjector-98ccb8f89-wr5hg,23/01/2025 20:35,480.7,1.125,15.44,7.29,0,0,95
postgres-7b7f6d75f9-q5dvq,23/01/2025 20:35,982.3,91.45,15.44,0.58,0,0,39
redis-65d8857849-9n6lp,23/01/2025 20:35,854.2,2.114,15.44,13.69,0,0,6
analyzer-79d4c78db5-g626p,23/01/2025 20:35,5591.1,4.561,15.44,29.53,0,0,476
crud-rest-7c7fd547c9-rs5hs,23/01/2025 20:35,4.2,960.8,15.44,6.08,0,0,94
datainjector-98ccb8f89-wr5hg,23/01/2025 20:35,537.1,1.126,15.44,7.29,0,0,96
postgres-7b7f6d75f9-q5dvq,23/01/2025 20:35,883.9,91.46,15.44,0.58,0,0,39
redis-65d8857849-9n6lp,23/01/2025 20:35,1822.8,2.185,15.44,14.15,0,0,7
analyzer-79d4c78db5-g626p,23/01/2025 20:35,6116.6,4.561,15.44,29.53,0,0,478
crud-rest-7c7fd547c9-rs5hs,23/01/2025 20:35,4,960.8,15.44,6.08,0,0,94
datainjector-98ccb8f89-wr5hg,23/01/2025 20:35,84.7,1.126,15.44,7.29,0,0,96
postgres-7b7f6d75f9-q5dvq,23/01/2025 20:35,837.6,91.46,15.44,0.58,0,0,39
redis-65d8857849-9n6lp,23/01/2025 20:35,1796.6,2.227,15.44,14.42,0,0,7
analyzer-79d4c78db5-g626p,23/01/2025 20:35,5202.8,4.561,15.44,29.53,0,0,477
crud-rest-7c7fd547c9-rs5hs,23/01/2025 20:35,5.8,960.8,15.44,6.08,0,0,94
datainjector-98ccb8f89-wr5hg,23/01/2025 20:35,498.5,1.126,15.44,7.29,0,0,96
postgres-7b7f6d75f9-q5dvq,23/01/2025 20:35,844.4,91.46,15.44,0.58,0,0,39
redis-65d8857849-9n6lp,23/01/2025 20:35,1891.2,2.245,15.44,14.54,0,0,7
analyzer-79d4c78db5-g626p,23/01/2025 20:35,4981.7,4.56,15.44,29.53,0,0,477
crud-rest-7c7fd547c9-rs5hs,23/01/2025 20:35,5.6,960.5,15.44,6.07,0,0,95
datainjector-98ccb8f89-wr5hg,23/01/2025 20:35,228.8,1.125,15.44,7.28,0,0,96
postgres-7b7f6d75f9-q5dvq,23/01/2025 20:35,710.8,91.43,15.44,0.58,0,0,39
redis-65d8857849-9n6lp,23/01/2025 20:35,1701.6,2.264,15.44,14.66,0,0,7
analyzer-79d4c78db5-g626p,23/01/2025 20:35,4909,4.56,15.44,29.52,0,0,476
crud-rest-7c7fd547c9-rs5hs,23/01/2025 20:35,4.9,959.9,15.44,6.07,0,0,95
datainjector-98ccb8f89-wr5hg,23/01/2025 20:35,466.8,1.124,15.44,7.28,0,0,96
postgres-7b7f6d75f9-q5dvq,23/01/2025 20:35,774,91.37,15.44,0.58,0,0,39
redis-65d8857849-9n6lp,23/01/2025 20:35,1760,2.283,15.44,14.78,0,0,7
analyzer-79d4c78db5-g626p,23/01/2025 20:35,3869.2,4.56,15.44,29.53,0,0,475
crud-rest-7c7fd547c9-rs5hs,23/01/2025 20:35,5.2,958.9,15.44,6.06,0,0,95
datainjector-98ccb8f89-wr5hg,23/01/2025 20:35,563.7,1.123,15.44,7.27,0,0,96
postgres-7b7f6d75f9-q5dvq,23/01/2025 20:35,630.4,91.31,15.44,0.58,0,0,39
redis-65d8857849-9n6lp,23/01/2025 20:35,1724.1,2.291,15.44,14.83,0,0,7
analyzer-79d4c78db5-g626p,23/01/2025 20:35,5093.1,4.56,15.44,29.52,0,0,475
crud-rest-7c7fd547c9-rs5hs,23/01/2025 20:35,4.4,958.3,15.44,6.06,0,0,95
datainjector-98ccb8f89-wr5hg,23/01/2025 20:35,124.6,1.123,15.44,7.27,0,0,96
postgres-7b7f6d75f9-q5dvq,23/01/2025 20:35,713.4,91.26,15.44,0.58,0,0,39
redis-65d8857849-9n6lp,23/01/2025 20:35,1737,2.311,15.44,14.96,0,0,7
analyzer-79d4c78db5-g626p,23/01/2025 20:35,5368.3,4.56,15.44,29.52,0,0,477
crud-rest-7c7fd547c9-rs5hs,23/01/2025 20:35,5.3,957.8,15.44,6.06,0,0,95
datainjector-98ccb8f89-wr5hg,23/01/2025 20:35,227.3,1.122,15.44,7.27,0,0,95
postgres-7b7f6d75f9-q5dvq,23/01/2025 20:35,779.5,91.2,15.44,0.58,0,0,39
redis-65d8857849-9n6lp,23/01/2025 20:35,1833.4,2.328,15.44,15.07,0,0,7
analyzer-79d4c78db5-g626p,23/01/2025 20:35,4732.4,4.559,15.44,29.52,0,0,476
crud-rest-7c7fd547c9-rs5hs,23/01/2025 20:35,4.6,957.5,15.44,6.05,0,0,95
datainjector-98ccb8f89-wr5hg,23/01/2025 20:35,523.1,1.122,15.44,7.26,0,0,95
postgres-7b7f6d75f9-q5dvq,23/01/2025 20:35,801.9,91.18,15.44,0.58,0,0,39
redis-65d8857849-9n6lp,23/01/2025 20:35,858.8,2.135,15.44,13.83,0,0,6
analyzer-79d4c78db5-g626p,23/01/2025 20:35,6397.5,4.559,15.44,29.52,0,0,476
crud-rest-7c7fd547c9-rs5hs,23/01/2025 20:35,6.7,957.5,15.44,6.05,0,0,95
datainjector-98ccb8f89-wr5hg,23/01/2025 20:35,96.2,1.122,15.44,7.27,0,0,95
postgres-7b7f6d75f9-q5dvq,23/01/2025 20:35,980.4,91.18,15.44,0.58,0,0,39
redis-65d8857849-9n6lp,23/01/2025 20:35,689.6,2.146,15.44,13.9,0,0,6
analyzer-79d4c78db5-g626p,23/01/2025 20:35,5836.1,4.559,15.44,29.52,0,0,472
crud-rest-7c7fd547c9-rs5hs,23/01/2025 20:35,3.8,957.4,15.44,6.05,0,0,94
datainjector-98ccb8f89-wr5hg,23/01/2025 20:35,533.6,1.122,15.44,7.27,0,0,95
postgres-7b7f6d75f9-q5dvq,23/01/2025 20:35,683.4,91.18,15.44,0.58,0,0,39
redis-65d8857849-9n6lp,23/01/2025 20:35,826.5,2.146,15.44,13.9,0,0,6
analyzer-79d4c78db5-g626p,23/01/2025 20:35,5855.1,4.559,15.44,29.52,0,0,473
crud-rest-7c7fd547c9-rs5hs,23/01/2025 20:35,4.8,957.4,15.44,6.05,0,0,94
datainjector-98ccb8f89-wr5hg,23/01/2025 20:35,88,1.122,15.44,7.27,0,0,95
postgres-7b7f6d75f9-q5dvq,23/01/2025 20:35,822.4,91.18,15.44,0.58,0,0,39
redis-65d8857849-9n6lp,23/01/2025 20:36,796.8,2.149,15.44,13.91,0,0,6
analyzer-79d4c78db5-g626p,23/01/2025 20:36,4736,4.559,15.44,29.52,0,0,471
crud-rest-7c7fd547c9-rs5hs,23/01/2025 20:36,5.6,957.4,15.44,6.05,0,0,94
datainjector-98ccb8f89-wr5hg,23/01/2025 20:36,587.9,1.122,15.44,7.27,0,0,95
postgres-7b7f6d75f9-q5dvq,23/01/2025 20:36,719.6,91.31,15.44,0.58,0,0,39
redis-65d8857849-9n6lp,23/01/2025 20:36,797.6,2.15,15.44,13.92,0,0,6
analyzer-79d4c78db5-g626p,23/01/2025 20:36,5935.1,4.558,15.44,29.51,0,0,471
crud-rest-7c7fd547c9-rs5hs,23/01/2025 20:36,4.3,957.4,15.44,6.05,0,0,94
datainjector-98ccb8f89-wr5hg,23/01/2025 20:36,468.1,1.122,15.44,7.27,0,0,97
postgres-7b7f6d75f9-q5dvq,23/01/2025 20:36,939.6,91.16,15.44,0.58,0,0,39
redis-65d8857849-9n6lp,23/01/2025 20:36,858.3,2.146,15.44,13.89,0,0,6
analyzer-79d4c78db5-g626p,23/01/2025 20:36,5782.4,4.558,15.44,29.51,0,0,470
crud-rest-7c7fd547c9-rs5hs,23/01/2025 20:36,6.4,957.4,15.44,6.05,0,0,94
datainjector-98ccb8f89-wr5hg,23/01/2025 20:36,425.1,1.122,15.44,7.27,0,0,98
postgres-7b7f6d75f9-q5dvq,23/01/2025 20:36,935.9,91.29,15.44,0.58,0,0,39
redis-65d8857849-9n6lp,23/01/2025 20:36,852.9,2.139,15.44,13.85,0,0,6
analyzer-79d4c78db5-g626p,23/01/2025 20:36,6318.2,4.558,15.44,29.51,0,0,469
crud-rest-7c7fd547c9-rs5hs,23/01/2025 20:36,3.9,957.4,15.44,6.05,0,0,94
datainjector-98ccb8f89-wr5hg,23/01/2025 20:36,105.7,1.122,15.44,7.27,0,0,96
postgres-7b7f6d75f9-q5dvq,23/01/2025 20:36,973.8,91.18,15.44,0.58,0,0,39
redis-65d8857849-9n6lp,23/01/2025 20:36,868.6,2.135,15.44,13.83,0,0,6
analyzer-79d4c78db5-g626p,23/01/2025 20:36,5638.5,4.558,15.44,29.51,0,0,467
crud-rest-7c7fd547c9-rs5hs,23/01/2025 20:36,8.3,957.4,15.44,6.05,0,0,94
datainjector-98ccb8f89-wr5hg,23/01/2025 20:36,521.4,1.122,15.44,7.27,0,0,96
postgres-7b7f6d75f9-q5dvq,23/01/2025 20:36,913.5,91.18,15.44,0.58,0,0,39
redis-65d8857849-9n6lp,23/01/2025 20:36,822,2.123,15.44,13.74,0,0,6
analyzer-79d4c78db5-g626p,23/01/2025 20:36,5753.6,4.558,15.44,29.51,0,0,466
crud-rest-7c7fd547c9-rs5hs,23/01/2025 20:36,7.3,957.4,15.44,6.05,0,0,94
datainjector-98ccb8f89-wr5hg,23/01/2025 20:36,240.7,1.122,15.44,7.27,0,0,96
postgres-7b7f6d75f9-q5dvq,23/01/2025 20:36,894.2,91.18,15.44,0.58,0,0,39
redis-65d8857849-9n6lp,23/01/2025 20:36,910.2,2.124,15.44,13.75,0,0,6
analyzer-79d4c78db5-g626p,23/01/2025 20:36,6079.4,4.558,15.44,29.51,0,0,466
crud-rest-7c7fd547c9-rs5hs,23/01/2025 20:36,4.1,957.4,15.44,6.05,0,0,94
datainjector-98ccb8f89-wr5hg,23/01/2025 20:36,252.2,1.122,15.44,7.27,0,0,96
postgres-7b7f6d75f9-q5dvq,23/01/2025 20:36,908.7,91.18,15.44,0.58,0,0,39
redis-65d8857849-9n6lp,23/01/2025 20:36,768.2,2.117,15.44,13.71,0,0,6
analyzer-79d4c78db5-g626p,23/01/2025 20:36,6053.7,4.558,15.44,29.51,0,0,465
crud-rest-7c7fd547c9-rs5hs,23/01/2025 20:36,6.8,957.4,15.44,6.05,0,0,94
datainjector-98ccb8f89-wr5hg,23/01/2025 20:36,234.6,1.124,15.44,7.28,0,0,98
postgres-7b7f6d75f9-q5dvq,23/01/2025 20:36,744.8,91.19,15.44,0.58,0,0,39
redis-65d8857849-9n6lp,23/01/2025 20:36,829.7,2.122,15.44,13.74,0,0,6
analyzer-79d4c78db5-g626p,23/01/2025 20:36,5685.8,4.558,15.44,29.51,0,0,464
crud-rest-7c7fd547c9-rs5hs,23/01/2025 20:36,5.8,957.4,15.44,6.05,0,0,94
datainjector-98ccb8f89-wr5hg,23/01/2025 20:36,115.7,1.124,15.44,7.28,0,0,98
postgres-7b7f6d75f9-q5dvq,23/01/2025 20:36,885.9,91.18,15.44,0.58,0,0,39
redis-65d8857849-9n6lp,23/01/2025 20:36,831,2.127,15.44,13.77,0,0,6
analyzer-79d4c78db5-g626p,23/01/2025 20:36,6138.8,4.558,15.44,29.51,0,0,463
crud-rest-7c7fd547c9-rs5hs,23/01/2025 20:36,3.7,957.4,15.44,6.05,0,0,94
datainjector-98ccb8f89-wr5hg,23/01/2025 20:36,381.6,1.124,15.44,7.28,0,0,97
postgres-7b7f6d75f9-q5dvq,23/01/2025 20:36,963.3,91.16,15.44,0.58,0,0,39
redis-65d8857849-9n6lp,23/01/2025 20:36,871.3,2.14,15.44,13.86,0,0,6
analyzer-79d4c78db5-g626p,23/01/2025 20:36,6206.4,4.558,15.44,29.51,0,0,463
crud-rest-7c7fd547c9-rs5hs,23/01/2025 20:36,6.2,957.4,15.44,6.05,0,0,94
datainjector-98ccb8f89-wr5hg,23/01/2025 20:36,221.5,1.124,15.44,7.28,0,0,95
postgres-7b7f6d75f9-q5dvq,23/01/2025 20:36,919.8,91.16,15.44,0.58,0,0,39
redis-65d8857849-9n6lp,23/01/2025 20:36,1851.6,2.211,15.44,14.31,0,0,7
analyzer-79d4c78db5-g626p,23/01/2025 20:36,5386,4.558,15.44,29.51,0,0,462
crud-rest-7c7fd547c9-rs5hs,23/01/2025 20:36,9.5,957.4,15.44,6.05,0,0,94
datainjector-98ccb8f89-wr5hg,23/01/2025 20:36,598.7,1.124,15.44,7.28,0,0,95
postgres-7b7f6d75f9-q5dvq,23/01/2025 20:36,770.1,91.18,15.44,0.58,0,0,39
redis-65d8857849-9n6lp,23/01/2025 20:36,1727.1,2.234,15.44,14.46,0,0,7
analyzer-79d4c78db5-g626p,23/01/2025 20:36,5662.2,4.558,15.44,29.51,0,0,462
crud-rest-7c7fd547c9-rs5hs,23/01/2025 20:36,8.9,957.3,15.44,6.05,0,0,93
datainjector-98ccb8f89-wr5hg,23/01/2025 20:36,64.5,1.124,15.44,7.28,0,0,95
postgres-7b7f6d75f9-q5dvq,23/01/2025 20:36,850.5,91.18,15.44,0.58,0,0,39
redis-65d8857849-9n6lp,23/01/2025 20:36,1685,2.246,15.44,14.54,0,0,7
analyzer-79d4c78db5-g626p,23/01/2025 20:36,6058.6,4.558,15.44,29.51,0,0,461
crud-rest-7c7fd547c9-rs5hs,23/01/2025 20:36,4.6,957.3,15.44,6.05,0,0,93
datainjector-98ccb8f89-wr5hg,23/01/2025 20:36,567.2,1.124,15.44,7.28,0,0,95
postgres-7b7f6d75f9-q5dvq,23/01/2025 20:36,586.7,91.18,15.44,0.58,0,0,39
redis-65d8857849-9n6lp,23/01/2025 20:37,1901.4,2.262,15.44,14.64,0,0,7
analyzer-79d4c78db5-g626p,23/01/2025 20:37,4946,4.558,15.44,29.51,0,0,461
crud-rest-7c7fd547c9-rs5hs,23/01/2025 20:37,6.1,957.3,15.44,6.05,0,0,93
datainjector-98ccb8f89-wr5hg,23/01/2025 20:37,332.7,1.124,15.44,7.28,0,0,95
postgres-7b7f6d75f9-q5dvq,23/01/2025 20:37,785.6,91.18,15.44,0.58,0,0,39
redis-65d8857849-9n6lp,23/01/2025 20:37,1837.5,2.277,15.44,14.74,0,0,7
analyzer-79d4c78db5-g626p,23/01/2025 20:37,5240.8,4.558,15.44,29.51,0,0,461
crud-rest-7c7fd547c9-rs5hs,23/01/2025 20:37,3.7,957.3,15.44,6.05,0,0,93
datainjector-98ccb8f89-wr5hg,23/01/2025 20:37,430.5,1.124,15.44,7.28,0,0,95
postgres-7b7f6d75f9-q5dvq,23/01/2025 20:37,849.9,91.18,15.44,0.58,0,0,39
redis-65d8857849-9n6lp,23/01/2025 20:37,1774.1,2.293,15.44,14.85,0,0,7
analyzer-79d4c78db5-g626p,23/01/2025 20:37,5337.7,4.558,15.44,29.51,0,0,461
crud-rest-7c7fd547c9-rs5hs,23/01/2025 20:37,4.6,957.3,15.44,6.05,0,0,93
datainjector-98ccb8f89-wr5hg,23/01/2025 20:37,436.9,1.124,15.44,7.28,0,0,96
postgres-7b7f6d75f9-q5dvq,23/01/2025 20:37,821.2,91.18,15.44,0.58,0,0,39
redis-65d8857849-9n6lp,23/01/2025 20:37,1813.5,2.305,15.44,14.93,0,0,7
analyzer-79d4c78db5-g626p,23/01/2025 20:37,5636.8,4.558,15.44,29.51,0,0,460
crud-rest-7c7fd547c9-rs5hs,23/01/2025 20:37,5.1,957.3,15.44,6.05,0,0,93
datainjector-98ccb8f89-wr5hg,23/01/2025 20:37,157,1.124,15.44,7.28,0,0,96
postgres-7b7f6d75f9-q5dvq,23/01/2025 20:37,859.7,91.18,15.44,0.58,0,0,39
redis-65d8857849-9n6lp,23/01/2025 20:37,1506.4,2.322,15.44,15.03,0,0,7
analyzer-79d4c78db5-g626p,23/01/2025 20:37,6230.3,4.558,15.44,29.51,0,0,460
crud-rest-7c7fd547c9-rs5hs,23/01/2025 20:37,3.9,957.2,15.44,6.05,0,0,93
datainjector-98ccb8f89-wr5hg,23/01/2025 20:37,480,1.124,15.44,7.28,0,0,96
postgres-7b7f6d75f9-q5dvq,23/01/2025 20:37,658.9,91.18,15.44,0.58,0,0,39
redis-65d8857849-9n6lp,23/01/2025 20:37,863.1,2.158,15.44,13.97,0,0,6
analyzer-79d4c78db5-g626p,23/01/2025 20:37,5965.9,4.558,15.44,29.51,0,0,459
crud-rest-7c7fd547c9-rs5hs,23/01/2025 20:37,4.6,957.3,15.44,6.05,0,0,95
datainjector-98ccb8f89-wr5hg,23/01/2025 20:37,118.4,1.124,15.44,7.28,0,0,96
postgres-7b7f6d75f9-q5dvq,23/01/2025 20:37,881.6,91.17,15.44,0.58,0,0,39
redis-65d8857849-9n6lp,23/01/2025 20:37,870.1,2.166,15.44,14.02,0,0,6
analyzer-79d4c78db5-g626p,23/01/2025 20:37,5848.7,4.557,15.44,29.51,0,0,457
crud-rest-7c7fd547c9-rs5hs,23/01/2025 20:37,4.7,957.3,15.44,6.05,0,0,95
datainjector-98ccb8f89-wr5hg,23/01/2025 20:37,535.8,1.124,15.44,7.28,0,0,96
postgres-7b7f6d75f9-q5dvq,23/01/2025 20:37,903.5,91.17,15.44,0.58,0,0,39
redis-65d8857849-9n6lp,23/01/2025 20:37,855.6,2.169,15.44,14.04,0,0,6
analyzer-79d4c78db5-g626p,23/01/2025 20:37,5716.3,4.557,15.44,29.51,0,0,455
crud-rest-7c7fd547c9-rs5hs,23/01/2025 20:37,3.7,957.3,15.44,6.05,0,0,95
datainjector-98ccb8f89-wr5hg,23/01/2025 20:37,594.4,1.124,15.44,7.28,0,0,96
postgres-7b7f6d75f9-q5dvq,23/01/2025 20:37,911.1,91.17,15.44,0.58,0,0,39
redis-65d8857849-9n6lp,23/01/2025 20:37,852.8,2.16,15.44,13.99,0,0,6
analyzer-79d4c78db5-g626p,23/01/2025 20:37,5163.2,4.557,15.44,29.51,0,0,452
crud-rest-7c7fd547c9-rs5hs,23/01/2025 20:37,3.8,957.3,15.44,6.05,0,0,95
datainjector-98ccb8f89-wr5hg,23/01/2025 20:37,214.8,1.124,15.44,7.28,0,0,95
postgres-7b7f6d75f9-q5dvq,23/01/2025 20:37,842.8,91.17,15.44,0.58,0,0,39
redis-65d8857849-9n6lp,23/01/2025 20:37,824,2.167,15.44,14.03,0,0,6
analyzer-79d4c78db5-g626p,23/01/2025 20:37,5695.9,4.557,15.44,29.51,0,0,451
crud-rest-7c7fd547c9-rs5hs,23/01/2025 20:37,7.8,957.3,15.44,6.05,0,0,95
datainjector-98ccb8f89-wr5hg,23/01/2025 20:37,483.1,1.124,15.44,7.28,0,0,95
postgres-7b7f6d75f9-q5dvq,23/01/2025 20:37,902.5,91.17,15.44,0.58,0,0,39
redis-65d8857849-9n6lp,23/01/2025 20:37,907.9,2.163,15.44,14,0,0,6
analyzer-79d4c78db5-g626p,23/01/2025 20:37,6328.1,4.557,15.44,29.51,0,0,450
crud-rest-7c7fd547c9-rs5hs,23/01/2025 20:37,5.3,957.3,15.44,6.05,0,0,95
datainjector-98ccb8f89-wr5hg,23/01/2025 20:37,215,1.124,15.44,7.28,0,0,95
postgres-7b7f6d75f9-q5dvq,23/01/2025 20:37,982.3,91.17,15.44,0.58,0,0,39
redis-65d8857849-9n6lp,23/01/2025 20:37,850.1,2.171,15.44,14.05,0,0,6
analyzer-79d4c78db5-g626p,23/01/2025 20:37,6379.2,4.557,15.44,29.51,0,0,447
crud-rest-7c7fd547c9-rs5hs,23/01/2025 20:37,4.3,957.3,15.44,6.05,0,0,95
datainjector-98ccb8f89-wr5hg,23/01/2025 20:37,467.8,1.124,15.44,7.28,0,0,95
postgres-7b7f6d75f9-q5dvq,23/01/2025 20:37,955.2,91.17,15.44,0.58,0,0,39
redis-65d8857849-9n6lp,23/01/2025 20:37,891,2.174,15.44,14.08,0,0,6
analyzer-79d4c78db5-g626p,23/01/2025 20:37,6005.2,4.557,15.44,29.5,0,0,447
crud-rest-7c7fd547c9-rs5hs,23/01/2025 20:37,14.2,957.3,15.44,6.05,0,0,94
datainjector-98ccb8f89-wr5hg,23/01/2025 20:37,306.8,1.124,15.44,7.28,0,0,95
postgres-7b7f6d75f9-q5dvq,23/01/2025 20:37,938,91.17,15.44,0.58,0,0,39
redis-65d8857849-9n6lp,23/01/2025 20:38,860.9,2.181,15.44,14.12,0,0,6
analyzer-79d4c78db5-g626p,23/01/2025 20:38,5955.9,4.557,15.44,29.5,0,0,446
crud-rest-7c7fd547c9-rs5hs,23/01/2025 20:38,4.3,957.3,15.44,6.05,0,0,94
datainjector-98ccb8f89-wr5hg,23/01/2025 20:38,442.3,1.124,15.44,7.28,0,0,95
postgres-7b7f6d75f9-q5dvq,23/01/2025 20:38,904.3,91.18,15.44,0.58,0,0,39
redis-65d8857849-9n6lp,23/01/2025 20:38,765.1,2.183,15.44,14.14,0,0,6
analyzer-79d4c78db5-g626p,23/01/2025 20:38,6529.1,4.557,15.44,29.5,0,0,443
crud-rest-7c7fd547c9-rs5hs,23/01/2025 20:38,3.9,957.3,15.44,6.05,0,0,94
datainjector-98ccb8f89-wr5hg,23/01/2025 20:38,289.2,1.124,15.44,7.28,0,0,95
postgres-7b7f6d75f9-q5dvq,23/01/2025 20:38,815.2,91.17,15.44,0.58,0,0,39
redis-65d8857849-9n6lp,23/01/2025 20:38,915.7,2.188,15.44,14.16,0,0,6
analyzer-79d4c78db5-g626p,23/01/2025 20:38,5878.5,4.557,15.44,29.5,0,0,442
crud-rest-7c7fd547c9-rs5hs,23/01/2025 20:38,6.6,957.3,15.44,6.05,0,0,94
datainjector-98ccb8f89-wr5hg,23/01/2025 20:38,550.3,1.124,15.44,7.28,0,0,95
postgres-7b7f6d75f9-q5dvq,23/01/2025 20:38,917.7,91.18,15.44,0.58,0,0,39
redis-65d8857849-9n6lp,23/01/2025 20:38,873,2.187,15.44,14.16,0,0,6
analyzer-79d4c78db5-g626p,23/01/2025 20:38,5851.2,4.556,15.44,29.5,0,0,441
crud-rest-7c7fd547c9-rs5hs,23/01/2025 20:38,11.1,957.3,15.44,6.05,0,0,94
datainjector-98ccb8f89-wr5hg,23/01/2025 20:38,79.9,1.124,15.44,7.28,0,0,95
postgres-7b7f6d75f9-q5dvq,23/01/2025 20:38,838.1,91.18,15.44,0.58,0,0,39
redis-65d8857849-9n6lp,23/01/2025 20:38,888.7,2.188,15.44,14.17,0,0,6
analyzer-79d4c78db5-g626p,23/01/2025 20:38,5952,4.556,15.44,29.5,0,0,440
crud-rest-7c7fd547c9-rs5hs,23/01/2025 20:38,4.7,957.3,15.44,6.05,0,0,94
datainjector-98ccb8f89-wr5hg,23/01/2025 20:38,500.9,1.124,15.44,7.28,0,0,95
postgres-7b7f6d75f9-q5dvq,23/01/2025 20:38,880,91.18,15.44,0.58,0,0,39
redis-65d8857849-9n6lp,23/01/2025 20:38,912.3,2.2,15.44,14.24,0,0,6
analyzer-79d4c78db5-g626p,23/01/2025 20:38,5927,4.556,15.44,29.5,0,0,439
crud-rest-7c7fd547c9-rs5hs,23/01/2025 20:38,5.2,957.3,15.44,6.05,0,0,94
datainjector-98ccb8f89-wr5hg,23/01/2025 20:38,517.9,1.124,15.44,7.28,0,0,95
postgres-7b7f6d75f9-q5dvq,23/01/2025 20:38,953.1,91.18,15.44,0.58,0,0,39
redis-65d8857849-9n6lp,23/01/2025 20:38,1781.1,2.261,15.44,14.64,0,0,7
analyzer-79d4c78db5-g626p,23/01/2025 20:38,5131.2,4.556,15.44,29.5,0,0,439
crud-rest-7c7fd547c9-rs5hs,23/01/2025 20:38,11.9,957.3,15.44,6.05,0,0,95
datainjector-98ccb8f89-wr5hg,23/01/2025 20:38,51.8,1.124,15.44,7.28,0,0,95
postgres-7b7f6d75f9-q5dvq,23/01/2025 20:38,688.2,91.18,15.44,0.58,0,0,39
redis-65d8857849-9n6lp,23/01/2025 20:38,1849.7,2.285,15.44,14.79,0,0,7
analyzer-79d4c78db5-g626p,23/01/2025 20:38,5225.3,4.556,15.44,29.5,0,0,438
crud-rest-7c7fd547c9-rs5hs,23/01/2025 20:38,5,957.3,15.44,6.05,0,0,95
datainjector-98ccb8f89-wr5hg,23/01/2025 20:38,503.7,1.124,15.44,7.28,0,0,95
postgres-7b7f6d75f9-q5dvq,23/01/2025 20:38,837.3,91.18,15.44,0.58,0,0,39
redis-65d8857849-9n6lp,23/01/2025 20:38,1758.1,2.298,15.44,14.88,0,0,7
analyzer-79d4c78db5-g626p,23/01/2025 20:38,5847.8,4.556,15.44,29.5,0,0,438
crud-rest-7c7fd547c9-rs5hs,23/01/2025 20:38,3.4,957.3,15.44,6.05,0,0,95
datainjector-98ccb8f89-wr5hg,23/01/2025 20:38,124.3,1.124,15.44,7.28,0,0,95
postgres-7b7f6d75f9-q5dvq,23/01/2025 20:38,656.9,91.18,15.44,0.58,0,0,39
redis-65d8857849-9n6lp,23/01/2025 20:38,1872.2,2.314,15.44,14.98,0,0,7
analyzer-79d4c78db5-g626p,23/01/2025 20:38,5209.6,4.556,15.44,29.5,0,0,437
crud-rest-7c7fd547c9-rs5hs,23/01/2025 20:38,4.1,957.3,15.44,6.05,0,0,95
datainjector-98ccb8f89-wr5hg,23/01/2025 20:38,586.7,1.128,15.44,7.3,0,0,94
postgres-7b7f6d75f9-q5dvq,23/01/2025 20:38,842,91.18,15.44,0.58,0,0,39
redis-65d8857849-9n6lp,23/01/2025 20:38,1698.3,2.326,15.44,15.06,0,0,7
analyzer-79d4c78db5-g626p,23/01/2025 20:38,4985.1,4.556,15.44,29.5,0,0,437
crud-rest-7c7fd547c9-rs5hs,23/01/2025 20:38,20,957.1,15.44,6.05,0,0,95
datainjector-98ccb8f89-wr5hg,23/01/2025 20:38,842.5,1.127,15.44,7.3,0,0,94
postgres-7b7f6d75f9-q5dvq,23/01/2025 20:38,845.3,91.16,15.44,0.58,0,0,39
redis-65d8857849-9n6lp,23/01/2025 20:38,1782.7,2.337,15.44,15.13,0,0,7
analyzer-79d4c78db5-g626p,23/01/2025 20:38,5107.4,4.556,15.44,29.5,0,0,435
crud-rest-7c7fd547c9-rs5hs,23/01/2025 20:38,6.3,956.4,15.44,6.05,0,0,95
datainjector-98ccb8f89-wr5hg,23/01/2025 20:38,54.5,1.127,15.44,7.3,0,0,94
postgres-7b7f6d75f9-q5dvq,23/01/2025 20:38,732.4,91.24,15.44,0.58,0,0,39
redis-65d8857849-9n6lp,23/01/2025 20:38,1809.4,2.348,15.44,15.2,0,0,7
analyzer-79d4c78db5-g626p,23/01/2025 20:38,5082.5,4.556,15.44,29.5,0,0,434
crud-rest-7c7fd547c9-rs5hs,23/01/2025 20:38,4.3,956,15.44,6.05,0,0,95
datainjector-98ccb8f89-wr5hg,23/01/2025 20:38,374.5,1.127,15.44,7.3,0,0,94
postgres-7b7f6d75f9-q5dvq,23/01/2025 20:38,774.5,91.11,15.44,0.58,0,0,39
redis-65d8857849-9n6lp,23/01/2025 20:38,1783.9,2.367,15.44,15.32,0,0,7
analyzer-79d4c78db5-g626p,23/01/2025 20:38,5451.6,4.555,15.44,29.49,0,0,434
crud-rest-7c7fd547c9-rs5hs,23/01/2025 20:38,12.4,955,15.44,6.04,0,0,94
datainjector-98ccb8f89-wr5hg,23/01/2025 20:38,392,1.126,15.44,7.29,0,0,94
postgres-7b7f6d75f9-q5dvq,23/01/2025 20:38,903.2,91.03,15.44,0.58,0,0,39
redis-65d8857849-9n6lp,23/01/2025 20:39,981.8,2.222,15.44,14.39,0,0,6
analyzer-79d4c78db5-g626p,23/01/2025 20:39,5330.6,4.555,15.44,29.49,0,0,433
crud-rest-7c7fd547c9-rs5hs,23/01/2025 20:39,5.1,954.7,15.44,6.04,0,0,94
datainjector-98ccb8f89-wr5hg,23/01/2025 20:39,279.9,1.125,15.44,7.29,0,0,94
postgres-7b7f6d75f9-q5dvq,23/01/2025 20:39,796.1,90.98,15.44,0.58,0,0,39
redis-65d8857849-9n6lp,23/01/2025 20:39,778.1,2.231,15.44,14.45,0,0,6
analyzer-79d4c78db5-g626p,23/01/2025 20:39,7320,4.555,15.44,29.49,0,0,433
crud-rest-7c7fd547c9-rs5hs,23/01/2025 20:39,4.1,954.7,15.44,6.04,0,0,94
datainjector-98ccb8f89-wr5hg,23/01/2025 20:39,357.6,1.125,15.44,7.29,0,0,94
postgres-7b7f6d75f9-q5dvq,23/01/2025 20:39,883.1,90.98,15.44,0.58,0,0,39
redis-65d8857849-9n6lp,23/01/2025 20:39,841.8,2.232,15.44,14.45,0,0,6
analyzer-79d4c78db5-g626p,23/01/2025 20:39,5723.2,4.556,15.44,29.5,0,0,430
crud-rest-7c7fd547c9-rs5hs,23/01/2025 20:39,3.8,954.7,15.44,6.04,0,0,94
datainjector-98ccb8f89-wr5hg,23/01/2025 20:39,423.3,1.126,15.44,7.29,0,0,96
postgres-7b7f6d75f9-q5dvq,23/01/2025 20:39,964.7,90.98,15.44,0.58,0,0,39
redis-65d8857849-9n6lp,23/01/2025 20:39,888,2.236,15.44,14.48,0,0,6
analyzer-79d4c78db5-g626p,23/01/2025 20:39,6483.6,4.556,15.44,29.5,0,0,429
crud-rest-7c7fd547c9-rs5hs,23/01/2025 20:39,3.8,954.7,15.44,6.04,0,0,94
datainjector-98ccb8f89-wr5hg,23/01/2025 20:39,206.6,1.126,15.44,7.29,0,0,96
postgres-7b7f6d75f9-q5dvq,23/01/2025 20:39,1008.9,90.98,15.44,0.58,0,0,39
redis-65d8857849-9n6lp,23/01/2025 20:39,941.7,2.239,15.44,14.5,0,0,6
analyzer-79d4c78db5-g626p,23/01/2025 20:39,6179.2,4.556,15.44,29.5,0,0,427
crud-rest-7c7fd547c9-rs5hs,23/01/2025 20:39,5.2,954.7,15.44,6.04,0,0,94
datainjector-98ccb8f89-wr5hg,23/01/2025 20:39,195,1.126,15.44,7.29,0,0,96
postgres-7b7f6d75f9-q5dvq,23/01/2025 20:39,794.5,90.98,15.44,0.58,0,0,39
redis-65d8857849-9n6lp,23/01/2025 20:39,899.3,2.245,15.44,14.53,0,0,6
analyzer-79d4c78db5-g626p,23/01/2025 20:39,5651.5,4.556,15.44,29.5,0,0,426
crud-rest-7c7fd547c9-rs5hs,23/01/2025 20:39,8.2,954.7,15.44,6.04,0,0,94
datainjector-98ccb8f89-wr5hg,23/01/2025 20:39,485.6,1.126,15.44,7.29,0,0,96
postgres-7b7f6d75f9-q5dvq,23/01/2025 20:39,864.3,91.1,15.44,0.58,0,0,39
redis-65d8857849-9n6lp,23/01/2025 20:39,925.3,2.249,15.44,14.56,0,0,6
analyzer-79d4c78db5-g626p,23/01/2025 20:39,6354.6,4.556,15.44,29.5,0,0,427
crud-rest-7c7fd547c9-rs5hs,23/01/2025 20:39,10.4,954.7,15.44,6.04,0,0,94
datainjector-98ccb8f89-wr5hg,23/01/2025 20:39,72.8,1.126,15.44,7.29,0,0,96
postgres-7b7f6d75f9-q5dvq,23/01/2025 20:39,852.4,90.98,15.44,0.58,0,0,39
redis-65d8857849-9n6lp,23/01/2025 20:39,839.7,2.252,15.44,14.58,0,0,6
analyzer-79d4c78db5-g626p,23/01/2025 20:39,5788.9,4.556,15.44,29.5,0,0,424
crud-rest-7c7fd547c9-rs5hs,23/01/2025 20:39,4.2,954.7,15.44,6.04,0,0,94
datainjector-98ccb8f89-wr5hg,23/01/2025 20:39,416,1.126,15.44,7.29,0,0,96
postgres-7b7f6d75f9-q5dvq,23/01/2025 20:39,906.8,90.98,15.44,0.58,0,0,39
redis-65d8857849-9n6lp,23/01/2025 20:39,890.5,2.256,15.44,14.61,0,0,6
analyzer-79d4c78db5-g626p,23/01/2025 20:39,6030.3,4.556,15.44,29.5,0,0,425
crud-rest-7c7fd547c9-rs5hs,23/01/2025 20:39,4.3,954.7,15.44,6.04,0,0,94
datainjector-98ccb8f89-wr5hg,23/01/2025 20:39,217.6,1.126,15.44,7.29,0,0,96
postgres-7b7f6d75f9-q5dvq,23/01/2025 20:39,950.7,90.98,15.44,0.58,0,0,39
redis-65d8857849-9n6lp,23/01/2025 20:39,859.2,2.259,15.44,14.63,0,0,6
analyzer-79d4c78db5-g626p,23/01/2025 20:39,5899.7,4.555,15.44,29.49,0,0,423
crud-rest-7c7fd547c9-rs5hs,23/01/2025 20:39,3.7,954.7,15.44,6.04,0,0,94
datainjector-98ccb8f89-wr5hg,23/01/2025 20:39,402.9,1.125,15.44,7.29,0,0,95
postgres-7b7f6d75f9-q5dvq,23/01/2025 20:39,988.1,90.98,15.44,0.58,0,0,39
redis-65d8857849-9n6lp,23/01/2025 20:39,939.7,2.258,15.44,14.62,0,0,6
analyzer-79d4c78db5-g626p,23/01/2025 20:39,5789,4.555,15.44,29.49,0,0,421
crud-rest-7c7fd547c9-rs5hs,23/01/2025 20:39,3.7,954.7,15.44,6.04,0,0,94
datainjector-98ccb8f89-wr5hg,23/01/2025 20:39,458.3,1.125,15.44,7.29,0,0,95
postgres-7b7f6d75f9-q5dvq,23/01/2025 20:39,953.8,90.98,15.44,0.58,0,0,39
redis-65d8857849-9n6lp,23/01/2025 20:39,926.8,2.267,15.44,14.68,0,0,6
analyzer-79d4c78db5-g626p,23/01/2025 20:39,6126.5,4.555,15.44,29.49,0,0,421
crud-rest-7c7fd547c9-rs5hs,23/01/2025 20:39,5.3,954.7,15.44,6.04,0,0,94
datainjector-98ccb8f89-wr5hg,23/01/2025 20:39,79.9,1.126,15.44,7.29,0,0,95
postgres-7b7f6d75f9-q5dvq,23/01/2025 20:39,870,90.98,15.44,0.58,0,0,39
redis-65d8857849-9n6lp,23/01/2025 20:39,848.3,2.27,15.44,14.7,0,0,6
analyzer-79d4c78db5-g626p,23/01/2025 20:39,5683.4,4.555,15.44,29.49,0,0,416
crud-rest-7c7fd547c9-rs5hs,23/01/2025 20:39,4.9,954.7,15.44,6.04,0,0,94
datainjector-98ccb8f89-wr5hg,23/01/2025 20:39,458.4,1.125,15.44,7.29,0,0,95
postgres-7b7f6d75f9-q5dvq,23/01/2025 20:39,849.9,90.98,15.44,0.58,0,0,39
redis-65d8857849-9n6lp,23/01/2025 20:39,889.3,2.276,15.44,14.74,0,0,6
analyzer-79d4c78db5-g626p,23/01/2025 20:39,5727.1,4.555,15.44,29.49,0,0,415
crud-rest-7c7fd547c9-rs5hs,23/01/2025 20:39,9.5,954.6,15.44,6.04,0,0,93
datainjector-98ccb8f89-wr5hg,23/01/2025 20:39,564.7,1.125,15.44,7.29,0,0,95
postgres-7b7f6d75f9-q5dvq,23/01/2025 20:39,930.3,90.98,15.44,0.58,0,0,39
redis-65d8857849-9n6lp,23/01/2025 20:40,1029.1,2.302,15.44,14.91,0,0,7
analyzer-79d4c78db5-g626p,23/01/2025 20:40,6182.1,4.555,15.44,29.49,0,0,414
crud-rest-7c7fd547c9-rs5hs,23/01/2025 20:40,4.7,954.6,15.44,6.04,0,0,93
datainjector-98ccb8f89-wr5hg,23/01/2025 20:40,627.7,1.125,15.44,7.29,0,0,95
postgres-7b7f6d75f9-q5dvq,23/01/2025 20:40,613,90.98,15.44,0.58,0,0,39
redis-65d8857849-9n6lp,23/01/2025 20:40,1835.9,2.352,15.44,15.23,0,0,7
analyzer-79d4c78db5-g626p,23/01/2025 20:40,5704.4,4.555,15.44,29.49,0,0,413
crud-rest-7c7fd547c9-rs5hs,23/01/2025 20:40,4.2,954.6,15.44,6.04,0,0,93
datainjector-98ccb8f89-wr5hg,23/01/2025 20:40,286.2,1.125,15.44,7.29,0,0,95
postgres-7b7f6d75f9-q5dvq,23/01/2025 20:40,906.2,90.98,15.44,0.58,0,0,39
redis-65d8857849-9n6lp,23/01/2025 20:40,1861.9,2.371,15.44,15.35,0,0,7
analyzer-79d4c78db5-g626p,23/01/2025 20:40,5405.6,4.555,15.44,29.49,0,0,411
crud-rest-7c7fd547c9-rs5hs,23/01/2025 20:40,3.9,954.6,15.44,6.04,0,0,93
datainjector-98ccb8f89-wr5hg,23/01/2025 20:40,422.6,1.125,15.44,7.29,0,0,95
postgres-7b7f6d75f9-q5dvq,23/01/2025 20:40,846.2,90.98,15.44,0.58,0,0,39
redis-65d8857849-9n6lp,23/01/2025 20:40,1894.2,2.385,15.44,15.44,0,0,7
analyzer-79d4c78db5-g626p,23/01/2025 20:40,4967.3,4.554,15.44,29.49,0,0,409
crud-rest-7c7fd547c9-rs5hs,23/01/2025 20:40,4.6,954.1,15.44,6.03,0,0,93
datainjector-98ccb8f89-wr5hg,23/01/2025 20:40,112.1,1.125,15.44,7.28,0,0,95
postgres-7b7f6d75f9-q5dvq,23/01/2025 20:40,803.7,90.93,15.44,0.57,0,0,39
redis-65d8857849-9n6lp,23/01/2025 20:40,1807.3,2.393,15.44,15.5,0,0,7
analyzer-79d4c78db5-g626p,23/01/2025 20:40,4765.5,4.554,15.44,29.49,0,0,410
crud-rest-7c7fd547c9-rs5hs,23/01/2025 20:40,9,954.1,15.44,6.03,0,0,93
datainjector-98ccb8f89-wr5hg,23/01/2025 20:40,680.1,1.124,15.44,7.28,0,0,95
postgres-7b7f6d75f9-q5dvq,23/01/2025 20:40,772.6,90.88,15.44,0.57,0,0,39
redis-65d8857849-9n6lp,23/01/2025 20:40,1804.5,2.413,15.44,15.62,0,0,7
analyzer-79d4c78db5-g626p,23/01/2025 20:40,5474.7,4.554,15.44,29.49,0,0,409
crud-rest-7c7fd547c9-rs5hs,23/01/2025 20:40,8.8,954.2,15.44,6.03,0,0,95
datainjector-98ccb8f89-wr5hg,23/01/2025 20:40,273.2,1.124,15.44,7.28,0,0,95
postgres-7b7f6d75f9-q5dvq,23/01/2025 20:40,861.6,90.84,15.44,0.57,0,0,39
redis-65d8857849-9n6lp,23/01/2025 20:40,1752.7,2.429,15.44,15.73,0,0,7
analyzer-79d4c78db5-g626p,23/01/2025 20:40,4766.7,4.554,15.44,29.49,0,0,409
crud-rest-7c7fd547c9-rs5hs,23/01/2025 20:40,3.9,954.1,15.44,6.03,0,0,95
datainjector-98ccb8f89-wr5hg,23/01/2025 20:40,459.4,1.123,15.44,7.27,0,0,95
postgres-7b7f6d75f9-q5dvq,23/01/2025 20:40,767.9,90.77,15.44,0.57,0,0,39
redis-65d8857849-9n6lp,23/01/2025 20:40,1848,2.441,15.44,15.8,0,0,7
analyzer-79d4c78db5-g626p,23/01/2025 20:40,5013.7,4.554,15.44,29.49,0,0,409
crud-rest-7c7fd547c9-rs5hs,23/01/2025 20:40,3.7,954.1,15.44,6.03,0,0,95
datainjector-98ccb8f89-wr5hg,23/01/2025 20:40,541.2,1.123,15.44,7.27,0,0,95
postgres-7b7f6d75f9-q5dvq,23/01/2025 20:40,742.1,90.77,15.44,0.57,0,0,39
redis-65d8857849-9n6lp,23/01/2025 20:40,1797.1,2.418,15.44,15.66,0,0,7
analyzer-79d4c78db5-g626p,23/01/2025 20:40,5458.1,4.553,15.44,29.48,0,0,408
crud-rest-7c7fd547c9-rs5hs,23/01/2025 20:40,3.8,954.1,15.44,6.03,0,0,95
datainjector-98ccb8f89-wr5hg,23/01/2025 20:40,483.3,1.122,15.44,7.27,0,0,95
postgres-7b7f6d75f9-q5dvq,23/01/2025 20:40,913.5,90.71,15.44,0.57,0,0,39
redis-65d8857849-9n6lp,23/01/2025 20:40,844.9,2.299,15.44,14.88,0,0,6
analyzer-79d4c78db5-g626p,23/01/2025 20:40,6663.1,4.553,15.44,29.48,0,0,407
crud-rest-7c7fd547c9-rs5hs,23/01/2025 20:40,4,954.1,15.44,6.03,0,0,95
datainjector-98ccb8f89-wr5hg,23/01/2025 20:40,337.4,1.122,15.44,7.27,0,0,94
postgres-7b7f6d75f9-q5dvq,23/01/2025 20:40,962.1,90.72,15.44,0.57,0,0,39
redis-65d8857849-9n6lp,23/01/2025 20:40,872,2.303,15.44,14.91,0,0,6
analyzer-79d4c78db5-g626p,23/01/2025 20:40,5390.1,4.553,15.44,29.48,0,0,405
crud-rest-7c7fd547c9-rs5hs,23/01/2025 20:40,11.5,954.1,15.44,6.03,0,0,95
datainjector-98ccb8f89-wr5hg,23/01/2025 20:40,417.8,1.122,15.44,7.27,0,0,94
postgres-7b7f6d75f9-q5dvq,23/01/2025 20:40,867.8,90.71,15.44,0.57,0,0,39
redis-65d8857849-9n6lp,23/01/2025 20:40,771.5,2.303,15.44,14.91,0,0,6
analyzer-79d4c78db5-g626p,23/01/2025 20:40,5809.3,4.553,15.44,29.48,0,0,407
crud-rest-7c7fd547c9-rs5hs,23/01/2025 20:40,9.5,954.1,15.44,6.03,0,0,95
datainjector-98ccb8f89-wr5hg,23/01/2025 20:40,74.7,1.122,15.44,7.27,0,0,94
postgres-7b7f6d75f9-q5dvq,23/01/2025 20:40,820.7,90.71,15.44,0.57,0,0,39
redis-65d8857849-9n6lp,23/01/2025 20:40,890.9,2.311,15.44,14.97,0,0,6
analyzer-79d4c78db5-g626p,23/01/2025 20:40,5300.5,4.553,15.44,29.48,0,0,404
crud-rest-7c7fd547c9-rs5hs,23/01/2025 20:40,7,954,15.44,6.03,0,0,94
datainjector-98ccb8f89-wr5hg,23/01/2025 20:40,624.1,1.122,15.44,7.27,0,0,94
postgres-7b7f6d75f9-q5dvq,23/01/2025 20:40,830.2,90.84,15.44,0.57,0,0,39
redis-65d8857849-9n6lp,23/01/2025 20:40,640,2.315,15.44,14.99,0,0,6
analyzer-79d4c78db5-g626p,23/01/2025 20:40,6862,4.552,15.44,29.48,0,0,402
crud-rest-7c7fd547c9-rs5hs,23/01/2025 20:40,5,954,15.44,6.03,0,0,94
datainjector-98ccb8f89-wr5hg,23/01/2025 20:40,237.3,1.122,15.44,7.27,0,0,94
postgres-7b7f6d75f9-q5dvq,23/01/2025 20:40,754,90.71,15.44,0.57,0,0,39
redis-65d8857849-9n6lp,23/01/2025 20:41,884.2,2.317,15.44,15,0,0,6
analyzer-79d4c78db5-g626p,23/01/2025 20:41,6194.6,4.552,15.44,29.48,0,0,402
crud-rest-7c7fd547c9-rs5hs,23/01/2025 20:41,4.8,954,15.44,6.03,0,0,94
datainjector-98ccb8f89-wr5hg,23/01/2025 20:41,98.5,1.122,15.44,7.27,0,0,94
postgres-7b7f6d75f9-q5dvq,23/01/2025 20:41,1026.9,90.71,15.44,0.57,0,0,39
redis-65d8857849-9n6lp,23/01/2025 20:41,873.9,2.321,15.44,15.03,0,0,6
analyzer-79d4c78db5-g626p,23/01/2025 20:41,5899.5,4.552,15.44,29.47,0,0,400
crud-rest-7c7fd547c9-rs5hs,23/01/2025 20:41,4.3,954,15.44,6.03,0,0,94
datainjector-98ccb8f89-wr5hg,23/01/2025 20:41,459.6,1.122,15.44,7.27,0,0,94
postgres-7b7f6d75f9-q5dvq,23/01/2025 20:41,994.1,90.71,15.44,0.57,0,0,39
redis-65d8857849-9n6lp,23/01/2025 20:41,871.6,2.326,15.44,15.06,0,0,6
analyzer-79d4c78db5-g626p,23/01/2025 20:41,5470.4,4.552,15.44,29.47,0,0,399
crud-rest-7c7fd547c9-rs5hs,23/01/2025 20:41,4.3,954,15.44,6.03,0,0,94
datainjector-98ccb8f89-wr5hg,23/01/2025 20:41,472.1,1.122,15.44,7.27,0,0,96
postgres-7b7f6d75f9-q5dvq,23/01/2025 20:41,889,90.71,15.44,0.57,0,0,39
redis-65d8857849-9n6lp,23/01/2025 20:41,804.9,2.326,15.44,15.06,0,0,6
analyzer-79d4c78db5-g626p,23/01/2025 20:41,5806.8,4.552,15.44,29.47,0,0,397
crud-rest-7c7fd547c9-rs5hs,23/01/2025 20:41,7.6,954,15.44,6.03,0,0,94
datainjector-98ccb8f89-wr5hg,23/01/2025 20:41,323.6,1.122,15.44,7.27,0,0,96
postgres-7b7f6d75f9-q5dvq,23/01/2025 20:41,881.2,90.71,15.44,0.57,0,0,39
redis-65d8857849-9n6lp,23/01/2025 20:41,873.3,2.332,15.44,15.1,0,0,6
analyzer-79d4c78db5-g626p,23/01/2025 20:41,5114.3,4.552,15.44,29.47,0,0,395
crud-rest-7c7fd547c9-rs5hs,23/01/2025 20:41,9.7,954,15.44,6.03,0,0,94
datainjector-98ccb8f89-wr5hg,23/01/2025 20:41,650.7,1.123,15.44,7.27,0,0,96
postgres-7b7f6d75f9-q5dvq,23/01/2025 20:41,822.2,90.71,15.44,0.57,0,0,39
redis-65d8857849-9n6lp,23/01/2025 20:41,862.3,2.336,15.44,15.13,0,0,6
analyzer-79d4c78db5-g626p,23/01/2025 20:41,5900.9,4.552,15.44,29.47,0,0,394
crud-rest-7c7fd547c9-rs5hs,23/01/2025 20:41,6.7,954,15.44,6.03,0,0,94
datainjector-98ccb8f89-wr5hg,23/01/2025 20:41,375.4,1.123,15.44,7.27,0,0,96
postgres-7b7f6d75f9-q5dvq,23/01/2025 20:41,870.6,90.71,15.44,0.57,0,0,39
redis-65d8857849-9n6lp,23/01/2025 20:41,925.2,2.34,15.44,15.15,0,0,6
analyzer-79d4c78db5-g626p,23/01/2025 20:41,6400.9,4.552,15.44,29.47,0,0,393
crud-rest-7c7fd547c9-rs5hs,23/01/2025 20:41,4.3,954,15.44,6.03,0,0,94
datainjector-98ccb8f89-wr5hg,23/01/2025 20:41,467.1,1.123,15.44,7.27,0,0,96
postgres-7b7f6d75f9-q5dvq,23/01/2025 20:41,940.9,90.71,15.44,0.57,0,0,39
redis-65d8857849-9n6lp,23/01/2025 20:41,826.2,2.339,15.44,15.14,0,0,6
analyzer-79d4c78db5-g626p,23/01/2025 20:41,5490.1,4.552,15.44,29.47,0,0,390
crud-rest-7c7fd547c9-rs5hs,23/01/2025 20:41,13.3,954,15.44,6.03,0,0,94
datainjector-98ccb8f89-wr5hg,23/01/2025 20:41,377.3,1.123,15.44,7.27,0,0,96
postgres-7b7f6d75f9-q5dvq,23/01/2025 20:41,945.2,90.84,15.44,0.57,0,0,39
redis-65d8857849-9n6lp,23/01/2025 20:41,871.4,2.344,15.44,15.18,0,0,6
analyzer-79d4c78db5-g626p,23/01/2025 20:41,6178.8,4.552,15.44,29.47,0,0,390
crud-rest-7c7fd547c9-rs5hs,23/01/2025 20:41,4.2,954,15.44,6.03,0,0,94
datainjector-98ccb8f89-wr5hg,23/01/2025 20:41,254.9,1.123,15.44,7.27,0,0,96
postgres-7b7f6d75f9-q5dvq,23/01/2025 20:41,954.9,90.72,15.44,0.57,0,0,39
redis-65d8857849-9n6lp,23/01/2025 20:41,1817.5,2.41,15.44,15.61,0,0,7
analyzer-79d4c78db5-g626p,23/01/2025 20:41,4863.9,4.552,15.44,29.47,0,0,388
crud-rest-7c7fd547c9-rs5hs,23/01/2025 20:41,3.8,954,15.44,6.03,0,0,94
datainjector-98ccb8f89-wr5hg,23/01/2025 20:41,532.3,1.123,15.44,7.27,0,0,95
postgres-7b7f6d75f9-q5dvq,23/01/2025 20:41,798.9,90.72,15.44,0.57,0,0,39
redis-65d8857849-9n6lp,23/01/2025 20:41,1779.3,2.427,15.44,15.72,0,0,7
analyzer-79d4c78db5-g626p,23/01/2025 20:41,4795.1,4.552,15.44,29.47,0,0,389
crud-rest-7c7fd547c9-rs5hs,23/01/2025 20:41,7.6,954,15.44,6.03,0,0,94
datainjector-98ccb8f89-wr5hg,23/01/2025 20:41,75.3,1.123,15.44,7.27,0,0,95
postgres-7b7f6d75f9-q5dvq,23/01/2025 20:41,706.1,90.72,15.44,0.57,0,0,39
redis-65d8857849-9n6lp,23/01/2025 20:41,1773.9,2.441,15.44,15.8,0,0,7
analyzer-79d4c78db5-g626p,23/01/2025 20:41,5099.4,4.552,15.44,29.47,0,0,388
crud-rest-7c7fd547c9-rs5hs,23/01/2025 20:41,4.1,954,15.44,6.03,0,0,94
datainjector-98ccb8f89-wr5hg,23/01/2025 20:41,254.6,1.123,15.44,7.27,0,0,95
postgres-7b7f6d75f9-q5dvq,23/01/2025 20:41,750.3,90.72,15.44,0.57,0,0,39
redis-65d8857849-9n6lp,23/01/2025 20:41,1839.2,2.454,15.44,15.89,0,0,7
analyzer-79d4c78db5-g626p,23/01/2025 20:41,4829.5,4.554,15.44,29.48,0,0,386
crud-rest-7c7fd547c9-rs5hs,23/01/2025 20:41,6.3,953.9,15.44,6.03,0,0,93
datainjector-98ccb8f89-wr5hg,23/01/2025 20:41,646.7,1.122,15.44,7.27,0,0,95
postgres-7b7f6d75f9-q5dvq,23/01/2025 20:41,752.6,90.7,15.44,0.57,0,0,39
redis-65d8857849-9n6lp,23/01/2025 20:41,1759.4,2.471,15.44,16,0,0,7
analyzer-79d4c78db5-g626p,23/01/2025 20:41,5005.5,4.553,15.44,29.48,0,0,388
crud-rest-7c7fd547c9-rs5hs,23/01/2025 20:41,5.3,953.8,15.44,6.03,0,0,93
datainjector-98ccb8f89-wr5hg,23/01/2025 20:41,550.5,1.122,15.44,7.26,0,0,95
postgres-7b7f6d75f9-q5dvq,23/01/2025 20:41,855,90.66,15.44,0.57,0,0,39
redis-65d8857849-9n6lp,23/01/2025 20:42,1897.8,2.483,15.44,16.08,0,0,7
analyzer-79d4c78db5-g626p,23/01/2025 20:42,5269.9,4.553,15.44,29.48,0,0,388
crud-rest-7c7fd547c9-rs5hs,23/01/2025 20:42,4.2,953.8,15.44,6.03,0,0,93
datainjector-98ccb8f89-wr5hg,23/01/2025 20:42,440.2,1.122,15.44,7.26,0,0,95
postgres-7b7f6d75f9-q5dvq,23/01/2025 20:42,831.7,90.74,15.44,0.57,0,0,39
redis-65d8857849-9n6lp,23/01/2025 20:42,1767.4,2.491,15.44,16.13,0,0,7
analyzer-79d4c78db5-g626p,23/01/2025 20:42,5492.8,4.553,15.44,29.48,0,0,388
crud-rest-7c7fd547c9-rs5hs,23/01/2025 20:42,5,953.8,15.44,6.03,0,0,93
datainjector-98ccb8f89-wr5hg,23/01/2025 20:42,338.2,1.122,15.44,7.26,0,0,95
postgres-7b7f6d75f9-q5dvq,23/01/2025 20:42,805.5,90.74,15.44,0.57,0,0,39
redis-65d8857849-9n6lp,23/01/2025 20:42,1835.9,2.511,15.44,16.26,0,0,7
analyzer-79d4c78db5-g626p,23/01/2025 20:42,4966.5,4.553,15.44,29.48,0,0,387
crud-rest-7c7fd547c9-rs5hs,23/01/2025 20:42,4.4,953.8,15.44,6.03,0,0,93
datainjector-98ccb8f89-wr5hg,23/01/2025 20:42,405.1,1.121,15.44,7.26,0,0,95
postgres-7b7f6d75f9-q5dvq,23/01/2025 20:42,772.3,90.83,15.44,0.57,0,0,39
redis-65d8857849-9n6lp,23/01/2025 20:42,1587.4,2.383,15.44,15.43,0,0,7
analyzer-79d4c78db5-g626p,23/01/2025 20:42,6208.2,4.553,15.44,29.48,0,0,387
crud-rest-7c7fd547c9-rs5hs,23/01/2025 20:42,4.2,953.3,15.44,6.03,0,0,93
datainjector-98ccb8f89-wr5hg,23/01/2025 20:42,79.4,1.121,15.44,7.26,0,0,95
postgres-7b7f6d75f9-q5dvq,23/01/2025 20:42,835.9,90.79,15.44,0.57,0,0,39
redis-65d8857849-9n6lp,23/01/2025 20:42,834.6,2.371,15.44,15.35,0,0,6
analyzer-79d4c78db5-g626p,23/01/2025 20:42,4919.8,4.552,15.44,29.48,0,0,385
crud-rest-7c7fd547c9-rs5hs,23/01/2025 20:42,5.2,953.3,15.44,6.03,0,0,93
datainjector-98ccb8f89-wr5hg,23/01/2025 20:42,589.8,1.121,15.44,7.26,0,0,95
postgres-7b7f6d75f9-q5dvq,23/01/2025 20:42,795.8,90.79,15.44,0.57,0,0,39
redis-65d8857849-9n6lp,23/01/2025 20:42,846.7,2.375,15.44,15.38,0,0,6
analyzer-79d4c78db5-g626p,23/01/2025 20:42,5715.2,4.552,15.44,29.47,0,0,385
crud-rest-7c7fd547c9-rs5hs,23/01/2025 20:42,8.4,953.5,15.44,6.03,0,0,95
datainjector-98ccb8f89-wr5hg,23/01/2025 20:42,180.2,1.121,15.44,7.26,0,0,95
postgres-7b7f6d75f9-q5dvq,23/01/2025 20:42,824.6,90.79,15.44,0.57,0,0,39
redis-65d8857849-9n6lp,23/01/2025 20:42,879.3,2.376,15.44,15.39,0,0,6
analyzer-79d4c78db5-g626p,23/01/2025 20:42,6050.7,4.552,15.44,29.47,0,0,385
crud-rest-7c7fd547c9-rs5hs,23/01/2025 20:42,4.3,953.5,15.44,6.03,0,0,95
datainjector-98ccb8f89-wr5hg,23/01/2025 20:42,244.6,1.121,15.44,7.26,0,0,95
postgres-7b7f6d75f9-q5dvq,23/01/2025 20:42,906,90.79,15.44,0.57,0,0,39
redis-65d8857849-9n6lp,23/01/2025 20:42,843.4,2.384,15.44,15.44,0,0,6
analyzer-79d4c78db5-g626p,23/01/2025 20:42,5810,4.552,15.44,29.47,0,0,382
crud-rest-7c7fd547c9-rs5hs,23/01/2025 20:42,3.3,953.5,15.44,6.03,0,0,95
datainjector-98ccb8f89-wr5hg,23/01/2025 20:42,655.1,1.121,15.44,7.26,0,0,95
postgres-7b7f6d75f9-q5dvq,23/01/2025 20:42,903.7,90.79,15.44,0.57,0,0,39
redis-65d8857849-9n6lp,23/01/2025 20:42,923.8,2.385,15.44,15.44,0,0,6
analyzer-79d4c78db5-g626p,23/01/2025 20:42,6357.2,4.552,15.44,29.47,0,0,381
crud-rest-7c7fd547c9-rs5hs,23/01/2025 20:42,6.9,953.6,15.44,6.03,0,0,95
datainjector-98ccb8f89-wr5hg,23/01/2025 20:42,240.1,1.121,15.44,7.26,0,0,95
postgres-7b7f6d75f9-q5dvq,23/01/2025 20:42,971.5,90.79,15.44,0.57,0,0,39
redis-65d8857849-9n6lp,23/01/2025 20:42,781.4,2.389,15.44,15.47,0,0,6
analyzer-79d4c78db5-g626p,23/01/2025 20:42,6522.2,4.552,15.44,29.47,0,0,381
crud-rest-7c7fd547c9-rs5hs,23/01/2025 20:42,4.1,953.5,15.44,6.03,0,0,95
datainjector-98ccb8f89-wr5hg,23/01/2025 20:42,370.4,1.121,15.44,7.26,0,0,94
postgres-7b7f6d75f9-q5dvq,23/01/2025 20:42,827.7,90.79,15.44,0.57,0,0,39
redis-65d8857849-9n6lp,23/01/2025 20:42,874.5,2.392,15.44,15.48,0,0,6
analyzer-79d4c78db5-g626p,23/01/2025 20:42,5567.2,4.551,15.44,29.47,0,0,377
crud-rest-7c7fd547c9-rs5hs,23/01/2025 20:42,4.2,953.5,15.44,6.03,0,0,95
datainjector-98ccb8f89-wr5hg,23/01/2025 20:42,473,1.121,15.44,7.26,0,0,94
postgres-7b7f6d75f9-q5dvq,23/01/2025 20:42,893.1,90.79,15.44,0.57,0,0,39
redis-65d8857849-9n6lp,23/01/2025 20:42,785.1,2.397,15.44,15.52,0,0,6
analyzer-79d4c78db5-g626p,23/01/2025 20:42,5444.1,4.551,15.44,29.47,0,0,375
crud-rest-7c7fd547c9-rs5hs,23/01/2025 20:42,7.9,953.5,15.44,6.03,0,0,95
datainjector-98ccb8f89-wr5hg,23/01/2025 20:42,247.5,1.121,15.44,7.26,0,0,94
postgres-7b7f6d75f9-q5dvq,23/01/2025 20:42,839.1,90.79,15.44,0.57,0,0,39
redis-65d8857849-9n6lp,23/01/2025 20:42,881.1,2.397,15.44,15.52,0,0,6
analyzer-79d4c78db5-g626p,23/01/2025 20:42,5475.7,4.551,15.44,29.47,0,0,374
crud-rest-7c7fd547c9-rs5hs,23/01/2025 20:42,5.2,953.4,15.44,6.03,0,0,94
datainjector-98ccb8f89-wr5hg,23/01/2025 20:42,393,1.121,15.44,7.26,0,0,94
postgres-7b7f6d75f9-q5dvq,23/01/2025 20:42,866.7,90.79,15.44,0.57,0,0,39
redis-65d8857849-9n6lp,23/01/2025 20:42,902.5,2.4,15.44,15.54,0,0,6
analyzer-79d4c78db5-g626p,23/01/2025 20:42,4987.6,4.551,15.44,29.47,0,0,373
crud-rest-7c7fd547c9-rs5hs,23/01/2025 20:42,3.9,953.4,15.44,6.03,0,0,94
datainjector-98ccb8f89-wr5hg,23/01/2025 20:42,655.6,1.121,15.44,7.26,0,0,94
postgres-7b7f6d75f9-q5dvq,23/01/2025 20:42,815.9,90.79,15.44,0.57,0,0,39
redis-65d8857849-9n6lp,23/01/2025 20:43,877.5,2.402,15.44,15.55,0,0,6
analyzer-79d4c78db5-g626p,23/01/2025 20:43,5781.6,4.551,15.44,29.47,0,0,372
crud-rest-7c7fd547c9-rs5hs,23/01/2025 20:43,4.4,953.4,15.44,6.03,0,0,94
datainjector-98ccb8f89-wr5hg,23/01/2025 20:43,163.2,1.121,15.44,7.26,0,0,94
postgres-7b7f6d75f9-q5dvq,23/01/2025 20:43,859.7,90.78,15.44,0.57,0,0,39
redis-65d8857849-9n6lp,23/01/2025 20:43,784.2,2.404,15.44,15.56,0,0,6
analyzer-79d4c78db5-g626p,23/01/2025 20:43,6958.7,4.551,15.44,29.46,0,0,370
crud-rest-7c7fd547c9-rs5hs,23/01/2025 20:43,5.3,953.4,15.44,6.03,0,0,94
datainjector-98ccb8f89-wr5hg,23/01/2025 20:43,489.5,1.121,15.44,7.26,0,0,94
postgres-7b7f6d75f9-q5dvq,23/01/2025 20:43,855.3,90.79,15.44,0.57,0,0,39
redis-65d8857849-9n6lp,23/01/2025 20:43,912.1,2.406,15.44,15.58,0,0,6
analyzer-79d4c78db5-g626p,23/01/2025 20:43,5665.3,4.551,15.44,29.47,0,0,369
crud-rest-7c7fd547c9-rs5hs,23/01/2025 20:43,5.3,953.4,15.44,6.03,0,0,94
datainjector-98ccb8f89-wr5hg,23/01/2025 20:43,452.1,1.121,15.44,7.26,0,0,96
postgres-7b7f6d75f9-q5dvq,23/01/2025 20:43,906.8,90.79,15.44,0.57,0,0,39
redis-65d8857849-9n6lp,23/01/2025 20:43,1652.2,2.431,15.44,15.74,0,0,7
analyzer-79d4c78db5-g626p,23/01/2025 20:43,5177.2,4.551,15.44,29.46,0,0,369
crud-rest-7c7fd547c9-rs5hs,23/01/2025 20:43,3.8,953.4,15.44,6.03,0,0,94
datainjector-98ccb8f89-wr5hg,23/01/2025 20:43,106.3,1.122,15.44,7.26,0,0,96
postgres-7b7f6d75f9-q5dvq,23/01/2025 20:43,683.7,90.79,15.44,0.57,0,0,39
redis-65d8857849-9n6lp,23/01/2025 20:43,1741.8,2.47,15.44,15.99,0,0,7
analyzer-79d4c78db5-g626p,23/01/2025 20:43,5041.8,4.55,15.44,29.46,0,0,369
crud-rest-7c7fd547c9-rs5hs,23/01/2025 20:43,98.6,953.4,15.44,6.03,0,0,94
datainjector-98ccb8f89-wr5hg,23/01/2025 20:43,355.8,1.121,15.44,7.26,0,0,96
postgres-7b7f6d75f9-q5dvq,23/01/2025 20:43,756.3,90.79,15.44,0.57,0,0,39
redis-65d8857849-9n6lp,23/01/2025 20:43,1717,2.48,15.44,16.06,0,0,7
analyzer-79d4c78db5-g626p,23/01/2025 20:43,5011.9,4.55,15.44,29.46,0,0,367
crud-rest-7c7fd547c9-rs5hs,23/01/2025 20:43,5.1,953.5,15.44,6.03,0,0,95
datainjector-98ccb8f89-wr5hg,23/01/2025 20:43,561,1.121,15.44,7.26,0,0,96
postgres-7b7f6d75f9-q5dvq,23/01/2025 20:43,773.8,90.79,15.44,0.57,0,0,39
redis-65d8857849-9n6lp,23/01/2025 20:43,1743.7,2.49,15.44,16.12,0,0,7
analyzer-79d4c78db5-g626p,23/01/2025 20:43,5040.9,4.55,15.44,29.46,0,0,366
crud-rest-7c7fd547c9-rs5hs,23/01/2025 20:43,4.4,953.5,15.44,6.03,0,0,95
datainjector-98ccb8f89-wr5hg,23/01/2025 20:43,350,1.121,15.44,7.26,0,0,96
postgres-7b7f6d75f9-q5dvq,23/01/2025 20:43,728.7,90.79,15.44,0.57,0,0,39
redis-65d8857849-9n6lp,23/01/2025 20:43,1819.5,2.509,15.44,16.25,0,0,7
analyzer-79d4c78db5-g626p,23/01/2025 20:43,5529.5,4.55,15.44,29.46,0,0,366
crud-rest-7c7fd547c9-rs5hs,23/01/2025 20:43,6.8,953.5,15.44,6.03,0,0,95
datainjector-98ccb8f89-wr5hg,23/01/2025 20:43,313.3,1.121,15.44,7.26,0,0,96
postgres-7b7f6d75f9-q5dvq,23/01/2025 20:43,813.9,90.79,15.44,0.57,0,0,39
redis-65d8857849-9n6lp,23/01/2025 20:43,1875.5,2.531,15.44,16.39,0,0,7
analyzer-79d4c78db5-g626p,23/01/2025 20:43,5229.3,4.549,15.44,29.45,0,0,364
crud-rest-7c7fd547c9-rs5hs,23/01/2025 20:43,4.2,953.5,15.44,6.03,0,0,95
datainjector-98ccb8f89-wr5hg,23/01/2025 20:43,564.7,1.122,15.44,7.26,0,0,96
postgres-7b7f6d75f9-q5dvq,23/01/2025 20:43,858.5,90.79,15.44,0.57,0,0,39
redis-65d8857849-9n6lp,23/01/2025 20:43,1728.7,2.54,15.44,16.45,0,0,7
analyzer-79d4c78db5-g626p,23/01/2025 20:43,5072.5,4.549,15.44,29.45,0,0,364
crud-rest-7c7fd547c9-rs5hs,23/01/2025 20:43,4.6,953.4,15.44,6.03,0,0,95
datainjector-98ccb8f89-wr5hg,23/01/2025 20:43,268.1,1.122,15.44,7.26,0,0,95
postgres-7b7f6d75f9-q5dvq,23/01/2025 20:43,763.7,90.73,15.44,0.57,0,0,39
redis-65d8857849-9n6lp,23/01/2025 20:43,1817.5,2.557,15.44,16.55,0,0,7
analyzer-79d4c78db5-g626p,23/01/2025 20:43,5250.7,4.549,15.44,29.45,0,0,362
crud-rest-7c7fd547c9-rs5hs,23/01/2025 20:43,4.6,953.4,15.44,6.03,0,0,95
datainjector-98ccb8f89-wr5hg,23/01/2025 20:43,451.8,1.122,15.44,7.26,0,0,95
postgres-7b7f6d75f9-q5dvq,23/01/2025 20:43,757.8,90.73,15.44,0.57,0,0,39
redis-65d8857849-9n6lp,23/01/2025 20:43,1894.5,2.574,15.44,16.66,0,0,7
analyzer-79d4c78db5-g626p,23/01/2025 20:43,5610.6,4.547,15.44,29.44,0,0,363
crud-rest-7c7fd547c9-rs5hs,23/01/2025 20:43,7.1,953.3,15.44,6.03,0,0,95
datainjector-98ccb8f89-wr5hg,23/01/2025 20:43,77.6,1.122,15.44,7.26,0,0,95
postgres-7b7f6d75f9-q5dvq,23/01/2025 20:43,882.5,90.64,15.44,0.57,0,0,39
redis-65d8857849-9n6lp,23/01/2025 20:43,1089.2,2.396,15.44,15.52,0,0,6
analyzer-79d4c78db5-g626p,23/01/2025 20:43,5339.9,4.547,15.44,29.44,0,0,361
crud-rest-7c7fd547c9-rs5hs,23/01/2025 20:43,4.4,953.2,15.44,6.03,0,0,94
datainjector-98ccb8f89-wr5hg,23/01/2025 20:43,648.1,1.121,15.44,7.26,0,0,95
postgres-7b7f6d75f9-q5dvq,23/01/2025 20:43,941.6,90.63,15.44,0.57,0,0,39
redis-65d8857849-9n6lp,23/01/2025 20:43,827.7,2.391,15.44,15.48,0,0,6
analyzer-79d4c78db5-g626p,23/01/2025 20:43,5260.8,4.547,15.44,29.44,0,0,358
crud-rest-7c7fd547c9-rs5hs,23/01/2025 20:43,5.7,953.2,15.44,6.03,0,0,94
datainjector-98ccb8f89-wr5hg,23/01/2025 20:43,400.2,1.122,15.44,7.26,0,0,95
postgres-7b7f6d75f9-q5dvq,23/01/2025 20:43,853.6,90.63,15.44,0.57,0,0,39
redis-65d8857849-9n6lp,23/01/2025 20:44,820.3,2.392,15.44,15.49,0,0,6
analyzer-79d4c78db5-g626p,23/01/2025 20:44,5824.2,4.547,15.44,29.44,0,0,356
crud-rest-7c7fd547c9-rs5hs,23/01/2025 20:44,5.5,953.2,15.44,6.03,0,0,94
datainjector-98ccb8f89-wr5hg,23/01/2025 20:44,460.1,1.122,15.44,7.26,0,0,95
postgres-7b7f6d75f9-q5dvq,23/01/2025 20:44,979.3,90.99,15.44,0.58,0,0,39
redis-65d8857849-9n6lp,23/01/2025 20:44,709.3,2.388,15.44,15.46,0,0,6
analyzer-79d4c78db5-g626p,23/01/2025 20:44,6064.1,4.547,15.44,29.44,0,0,356
crud-rest-7c7fd547c9-rs5hs,23/01/2025 20:44,3.7,953.2,15.44,6.03,0,0,94
datainjector-98ccb8f89-wr5hg,23/01/2025 20:44,129,1.122,15.44,7.26,0,0,96
postgres-7b7f6d75f9-q5dvq,23/01/2025 20:44,962,90.99,15.44,0.58,0,0,39
redis-65d8857849-9n6lp,23/01/2025 20:44,883.4,2.39,15.44,15.48,0,0,6
analyzer-79d4c78db5-g626p,23/01/2025 20:44,5491.9,4.546,15.44,29.44,0,0,353
crud-rest-7c7fd547c9-rs5hs,23/01/2025 20:44,4.7,953.2,15.44,6.03,0,0,94
datainjector-98ccb8f89-wr5hg,23/01/2025 20:44,478.1,1.122,15.44,7.26,0,0,96
postgres-7b7f6d75f9-q5dvq,23/01/2025 20:44,869,90.99,15.44,0.58,0,0,39
redis-65d8857849-9n6lp,23/01/2025 20:44,826.9,2.388,15.44,15.46,0,0,6
analyzer-79d4c78db5-g626p,23/01/2025 20:44,5895.2,4.546,15.44,29.44,0,0,352
crud-rest-7c7fd547c9-rs5hs,23/01/2025 20:44,6.6,953.2,15.44,6.03,0,0,94
datainjector-98ccb8f89-wr5hg,23/01/2025 20:44,377.8,1.122,15.44,7.26,0,0,96
postgres-7b7f6d75f9-q5dvq,23/01/2025 20:44,902.2,90.99,15.44,0.58,0,0,39
redis-65d8857849-9n6lp,23/01/2025 20:44,876.7,2.391,15.44,15.48,0,0,6
analyzer-79d4c78db5-g626p,23/01/2025 20:44,6031.4,4.546,15.44,29.44,0,0,351
crud-rest-7c7fd547c9-rs5hs,23/01/2025 20:44,6.2,953.2,15.44,6.03,0,0,94
datainjector-98ccb8f89-wr5hg,23/01/2025 20:44,504.6,1.122,15.44,7.26,0,0,96
postgres-7b7f6d75f9-q5dvq,23/01/2025 20:44,977.7,90.99,15.44,0.58,0,0,39
redis-65d8857849-9n6lp,23/01/2025 20:44,820.4,2.392,15.44,15.48,0,0,6
analyzer-79d4c78db5-g626p,23/01/2025 20:44,5692.3,4.546,15.44,29.43,0,0,349
crud-rest-7c7fd547c9-rs5hs,23/01/2025 20:44,3.7,953.2,15.44,6.03,0,0,94
datainjector-98ccb8f89-wr5hg,23/01/2025 20:44,407.4,1.122,15.44,7.26,0,0,96
postgres-7b7f6d75f9-q5dvq,23/01/2025 20:44,917,90.99,15.44,0.58,0,0,39
redis-65d8857849-9n6lp,23/01/2025 20:44,827.1,2.392,15.44,15.48,0,0,6
analyzer-79d4c78db5-g626p,23/01/2025 20:44,6013.5,4.546,15.44,29.43,0,0,349
crud-rest-7c7fd547c9-rs5hs,23/01/2025 20:44,4,953.2,15.44,6.03,0,0,94
datainjector-98ccb8f89-wr5hg,23/01/2025 20:44,133.7,1.122,15.44,7.26,0,0,96
postgres-7b7f6d75f9-q5dvq,23/01/2025 20:44,921.3,90.99,15.44,0.58,0,0,39
redis-65d8857849-9n6lp,23/01/2025 20:44,733.9,2.391,15.44,15.48,0,0,6
analyzer-79d4c78db5-g626p,23/01/2025 20:44,6018.3,4.546,15.44,29.43,0,0,347
crud-rest-7c7fd547c9-rs5hs,23/01/2025 20:44,7.6,953.2,15.44,6.03,0,0,94
datainjector-98ccb8f89-wr5hg,23/01/2025 20:44,687.2,1.122,15.44,7.26,0,0,96
postgres-7b7f6d75f9-q5dvq,23/01/2025 20:44,742.8,90.99,15.44,0.58,0,0,39
redis-65d8857849-9n6lp,23/01/2025 20:44,894.1,2.387,15.44,15.46,0,0,6
analyzer-79d4c78db5-g626p,23/01/2025 20:44,5723.9,4.546,15.44,29.43,0,0,346
crud-rest-7c7fd547c9-rs5hs,23/01/2025 20:44,5.6,953.2,15.44,6.03,0,0,94
datainjector-98ccb8f89-wr5hg,23/01/2025 20:44,104.1,1.122,15.44,7.26,0,0,95
postgres-7b7f6d75f9-q5dvq,23/01/2025 20:44,807.4,90.99,15.44,0.58,0,0,39
redis-65d8857849-9n6lp,23/01/2025 20:44,794,2.392,15.44,15.49,0,0,6
analyzer-79d4c78db5-g626p,23/01/2025 20:44,5589.6,4.546,15.44,29.43,0,0,344
crud-rest-7c7fd547c9-rs5hs,23/01/2025 20:44,4.8,953.2,15.44,6.03,0,0,94
datainjector-98ccb8f89-wr5hg,23/01/2025 20:44,524.8,1.122,15.44,7.26,0,0,95
postgres-7b7f6d75f9-q5dvq,23/01/2025 20:44,907.9,90.99,15.44,0.58,0,0,39
redis-65d8857849-9n6lp,23/01/2025 20:44,877.3,2.388,15.44,15.46,0,0,6
analyzer-79d4c78db5-g626p,23/01/2025 20:44,5568.7,4.546,15.44,29.43,0,0,344
crud-rest-7c7fd547c9-rs5hs,23/01/2025 20:44,3.9,953.2,15.44,6.03,0,0,94
datainjector-98ccb8f89-wr5hg,23/01/2025 20:44,356.4,1.122,15.44,7.26,0,0,95
postgres-7b7f6d75f9-q5dvq,23/01/2025 20:44,828.5,90.99,15.44,0.58,0,0,39
redis-65d8857849-9n6lp,23/01/2025 20:44,805.3,2.392,15.44,15.49,0,0,6
analyzer-79d4c78db5-g626p,23/01/2025 20:44,6122,4.546,15.44,29.43,0,0,342
crud-rest-7c7fd547c9-rs5hs,23/01/2025 20:44,10.1,953.2,15.44,6.03,0,0,94
datainjector-98ccb8f89-wr5hg,23/01/2025 20:44,438.7,1.122,15.44,7.26,0,0,95
postgres-7b7f6d75f9-q5dvq,23/01/2025 20:44,904.4,90.99,15.44,0.58,0,0,39
redis-65d8857849-9n6lp,23/01/2025 20:44,1748.6,2.429,15.44,15.73,0,0,7
analyzer-79d4c78db5-g626p,23/01/2025 20:44,4803.8,4.545,15.44,29.43,0,0,341
crud-rest-7c7fd547c9-rs5hs,23/01/2025 20:44,4.1,953.1,15.44,6.03,0,0,93
datainjector-98ccb8f89-wr5hg,23/01/2025 20:44,677.4,1.121,15.44,7.26,0,0,95
postgres-7b7f6d75f9-q5dvq,23/01/2025 20:44,613.4,90.99,15.44,0.58,0,0,39
redis-65d8857849-9n6lp,23/01/2025 20:45,1740.8,2.497,15.44,16.17,0,0,7
analyzer-79d4c78db5-g626p,23/01/2025 20:45,5147.3,4.545,15.44,29.43,0,0,343
crud-rest-7c7fd547c9-rs5hs,23/01/2025 20:45,4.1,953.1,15.44,6.03,0,0,93
datainjector-98ccb8f89-wr5hg,23/01/2025 20:45,564,1.122,15.44,7.26,0,0,95
postgres-7b7f6d75f9-q5dvq,23/01/2025 20:45,830.7,90.99,15.44,0.58,0,0,39
redis-65d8857849-9n6lp,23/01/2025 20:45,1802.8,2.524,15.44,16.34,0,0,7
analyzer-79d4c78db5-g626p,23/01/2025 20:45,6922.1,4.545,15.44,29.43,0,0,342
crud-rest-7c7fd547c9-rs5hs,23/01/2025 20:45,4.6,953.1,15.44,6.03,0,0,93
datainjector-98ccb8f89-wr5hg,23/01/2025 20:45,4.3,1.121,15.44,7.26,0,0,95
postgres-7b7f6d75f9-q5dvq,23/01/2025 20:45,665.4,90.99,15.44,0.58,0,0,39
redis-65d8857849-9n6lp,23/01/2025 20:45,1848.9,2.549,15.44,16.51,0,0,7
analyzer-79d4c78db5-g626p,23/01/2025 20:45,5040.5,4.545,15.44,29.43,0,0,342
crud-rest-7c7fd547c9-rs5hs,23/01/2025 20:45,12.2,953.1,15.44,6.03,0,0,93
datainjector-98ccb8f89-wr5hg,23/01/2025 20:45,131.3,1.122,15.44,7.26,0,0,95
postgres-7b7f6d75f9-q5dvq,23/01/2025 20:45,760.9,90.99,15.44,0.58,0,0,39
redis-65d8857849-9n6lp,23/01/2025 20:45,1868.2,2.577,15.44,16.68,0,0,7
analyzer-79d4c78db5-g626p,23/01/2025 20:45,5100.2,4.545,15.44,29.43,0,0,341
crud-rest-7c7fd547c9-rs5hs,23/01/2025 20:45,5,953.1,15.44,6.03,0,0,93
datainjector-98ccb8f89-wr5hg,23/01/2025 20:45,574.8,1.122,15.44,7.26,0,0,95
postgres-7b7f6d75f9-q5dvq,23/01/2025 20:45,800.3,90.99,15.44,0.58,0,0,39
redis-65d8857849-9n6lp,23/01/2025 20:45,1824.2,2.598,15.44,16.82,0,0,7
analyzer-79d4c78db5-g626p,23/01/2025 20:45,5246.1,4.544,15.44,29.42,0,0,341
crud-rest-7c7fd547c9-rs5hs,23/01/2025 20:45,4.9,953.1,15.44,6.03,0,0,93
datainjector-98ccb8f89-wr5hg,23/01/2025 20:45,129.2,1.122,15.44,7.26,0,0,95
postgres-7b7f6d75f9-q5dvq,23/01/2025 20:45,842.4,90.96,15.44,0.58,0,0,39
redis-65d8857849-9n6lp,23/01/2025 20:45,1693.2,2.616,15.44,16.94,0,0,7
analyzer-79d4c78db5-g626p,23/01/2025 20:45,4519.6,4.542,15.44,29.41,0,0,341
crud-rest-7c7fd547c9-rs5hs,23/01/2025 20:45,4.2,952.5,15.44,6.02,0,0,93
datainjector-98ccb8f89-wr5hg,23/01/2025 20:45,592.1,1.121,15.44,7.26,0,0,95
postgres-7b7f6d75f9-q5dvq,23/01/2025 20:45,716.2,90.94,15.44,0.58,0,0,39
redis-65d8857849-9n6lp,23/01/2025 20:45,1839.1,2.632,15.44,17.04,0,0,7
analyzer-79d4c78db5-g626p,23/01/2025 20:45,5017.9,4.541,15.44,29.4,0,0,338
crud-rest-7c7fd547c9-rs5hs,23/01/2025 20:45,7.7,952.5,15.44,6.02,0,0,95
datainjector-98ccb8f89-wr5hg,23/01/2025 20:45,488,1.121,15.44,7.26,0,0,95
postgres-7b7f6d75f9-q5dvq,23/01/2025 20:45,718,90.93,15.44,0.57,0,0,39
redis-65d8857849-9n6lp,23/01/2025 20:45,1899.1,2.631,15.44,17.04,0,0,7
analyzer-79d4c78db5-g626p,23/01/2025 20:45,4944.8,4.541,15.44,29.4,0,0,339
crud-rest-7c7fd547c9-rs5hs,23/01/2025 20:45,5,952.5,15.44,6.02,0,0,95
datainjector-98ccb8f89-wr5hg,23/01/2025 20:45,236.2,1.121,15.44,7.26,0,0,95
postgres-7b7f6d75f9-q5dvq,23/01/2025 20:45,729.6,90.92,15.44,0.57,0,0,39
redis-65d8857849-9n6lp,23/01/2025 20:45,875.9,2.387,15.44,15.45,0,0,6
analyzer-79d4c78db5-g626p,23/01/2025 20:45,5702.3,4.541,15.44,29.4,0,0,338
crud-rest-7c7fd547c9-rs5hs,23/01/2025 20:45,4,952.5,15.44,6.02,0,0,95
datainjector-98ccb8f89-wr5hg,23/01/2025 20:45,320.6,1.121,15.44,7.26,0,0,95
postgres-7b7f6d75f9-q5dvq,23/01/2025 20:45,866.5,90.92,15.44,0.57,0,0,39
redis-65d8857849-9n6lp,23/01/2025 20:45,870.7,2.385,15.44,15.44,0,0,6
analyzer-79d4c78db5-g626p,23/01/2025 20:45,5371.3,4.541,15.44,29.4,0,0,336
crud-rest-7c7fd547c9-rs5hs,23/01/2025 20:45,5,952.5,15.44,6.02,0,0,95
datainjector-98ccb8f89-wr5hg,23/01/2025 20:45,386.5,1.121,15.44,7.26,0,0,94
postgres-7b7f6d75f9-q5dvq,23/01/2025 20:45,808.8,90.92,15.44,0.57,0,0,39
redis-65d8857849-9n6lp,23/01/2025 20:45,921.8,2.39,15.44,15.47,0,0,6
analyzer-79d4c78db5-g626p,23/01/2025 20:45,5920.3,4.541,15.44,29.4,0,0,336
crud-rest-7c7fd547c9-rs5hs,23/01/2025 20:45,5.6,952.5,15.44,6.02,0,0,95
datainjector-98ccb8f89-wr5hg,23/01/2025 20:45,108.6,1.121,15.44,7.26,0,0,94
postgres-7b7f6d75f9-q5dvq,23/01/2025 20:45,924.6,90.95,15.44,0.58,0,0,39
redis-65d8857849-9n6lp,23/01/2025 20:45,911.9,2.387,15.44,15.45,0,0,6
analyzer-79d4c78db5-g626p,23/01/2025 20:45,5787.4,4.541,15.44,29.4,0,0,334
crud-rest-7c7fd547c9-rs5hs,23/01/2025 20:45,4.4,952.5,15.44,6.02,0,0,95
datainjector-98ccb8f89-wr5hg,23/01/2025 20:45,705.4,1.121,15.44,7.26,0,0,94
postgres-7b7f6d75f9-q5dvq,23/01/2025 20:45,950.9,90.95,15.44,0.58,0,0,39
redis-65d8857849-9n6lp,23/01/2025 20:45,843.4,2.385,15.44,15.45,0,0,6
analyzer-79d4c78db5-g626p,23/01/2025 20:45,5805.1,4.541,15.44,29.4,0,0,333
crud-rest-7c7fd547c9-rs5hs,23/01/2025 20:45,7,952.5,15.44,6.02,0,0,95
datainjector-98ccb8f89-wr5hg,23/01/2025 20:45,544,1.121,15.44,7.26,0,0,94
postgres-7b7f6d75f9-q5dvq,23/01/2025 20:45,949.5,90.95,15.44,0.58,0,0,39
redis-65d8857849-9n6lp,23/01/2025 20:45,817.5,2.379,15.44,15.4,0,0,6
analyzer-79d4c78db5-g626p,23/01/2025 20:45,5984,4.541,15.44,29.4,0,0,332
crud-rest-7c7fd547c9-rs5hs,23/01/2025 20:45,4,952.5,15.44,6.02,0,0,94
datainjector-98ccb8f89-wr5hg,23/01/2025 20:45,276.9,1.121,15.44,7.26,0,0,94
postgres-7b7f6d75f9-q5dvq,23/01/2025 20:45,805,90.95,15.44,0.58,0,0,39
redis-65d8857849-9n6lp,23/01/2025 20:46,875,2.383,15.44,15.43,0,0,6
analyzer-79d4c78db5-g626p,23/01/2025 20:46,5472.5,4.541,15.44,29.4,0,0,330
crud-rest-7c7fd547c9-rs5hs,23/01/2025 20:46,4.5,952.5,15.44,6.02,0,0,94
datainjector-98ccb8f89-wr5hg,23/01/2025 20:46,9.5,1.122,15.44,7.26,0,0,94
postgres-7b7f6d75f9-q5dvq,23/01/2025 20:46,907.3,90.95,15.44,0.58,0,0,39
redis-65d8857849-9n6lp,23/01/2025 20:46,862.8,2.379,15.44,15.4,0,0,6
analyzer-79d4c78db5-g626p,23/01/2025 20:46,5788.6,4.541,15.44,29.4,0,0,330
crud-rest-7c7fd547c9-rs5hs,23/01/2025 20:46,9.5,952.5,15.44,6.02,0,0,94
datainjector-98ccb8f89-wr5hg,23/01/2025 20:46,309.7,1.121,15.44,7.26,0,0,94
postgres-7b7f6d75f9-q5dvq,23/01/2025 20:46,900.6,90.95,15.44,0.58,0,0,39
redis-65d8857849-9n6lp,23/01/2025 20:46,824.6,2.371,15.44,15.35,0,0,6
analyzer-79d4c78db5-g626p,23/01/2025 20:46,5419.2,4.541,15.44,29.4,0,0,329
crud-rest-7c7fd547c9-rs5hs,23/01/2025 20:46,4.9,952.5,15.44,6.02,0,0,94
datainjector-98ccb8f89-wr5hg,23/01/2025 20:46,27.6,1.122,15.44,7.26,0,0,96
postgres-7b7f6d75f9-q5dvq,23/01/2025 20:46,749.9,90.95,15.44,0.58,0,0,39
redis-65d8857849-9n6lp,23/01/2025 20:46,871.8,2.374,15.44,15.37,0,0,6
analyzer-79d4c78db5-g626p,23/01/2025 20:46,4861,4.541,15.44,29.4,0,0,328
crud-rest-7c7fd547c9-rs5hs,23/01/2025 20:46,6.7,952.5,15.44,6.02,0,0,94
datainjector-98ccb8f89-wr5hg,23/01/2025 20:46,755.4,1.122,15.44,7.26,0,0,96
postgres-7b7f6d75f9-q5dvq,23/01/2025 20:46,791.3,90.95,15.44,0.58,0,0,39
redis-65d8857849-9n6lp,23/01/2025 20:46,906,2.369,15.44,15.34,0,0,6
analyzer-79d4c78db5-g626p,23/01/2025 20:46,5963.3,4.541,15.44,29.4,0,0,328
crud-rest-7c7fd547c9-rs5hs,23/01/2025 20:46,4.5,952.5,15.44,6.02,0,0,94
datainjector-98ccb8f89-wr5hg,23/01/2025 20:46,754.7,1.122,15.44,7.26,0,0,96
postgres-7b7f6d75f9-q5dvq,23/01/2025 20:46,930.5,90.95,15.44,0.58,0,0,39
redis-65d8857849-9n6lp,23/01/2025 20:46,837.8,2.375,15.44,15.38,0,0,6
analyzer-79d4c78db5-g626p,23/01/2025 20:46,5561.3,4.54,15.44,29.4,0,0,326
crud-rest-7c7fd547c9-rs5hs,23/01/2025 20:46,9,952.5,15.44,6.02,0,0,94
datainjector-98ccb8f89-wr5hg,23/01/2025 20:46,443,1.122,15.44,7.26,0,0,96
postgres-7b7f6d75f9-q5dvq,23/01/2025 20:46,915.6,90.95,15.44,0.58,0,0,39
redis-65d8857849-9n6lp,23/01/2025 20:46,841.7,2.379,15.44,15.41,0,0,6
analyzer-79d4c78db5-g626p,23/01/2025 20:46,5841.2,4.541,15.44,29.4,0,0,327
crud-rest-7c7fd547c9-rs5hs,23/01/2025 20:46,6.5,952.5,15.44,6.02,0,0,95
datainjector-98ccb8f89-wr5hg,23/01/2025 20:46,234.9,1.122,15.44,7.26,0,0,96
postgres-7b7f6d75f9-q5dvq,23/01/2025 20:46,827.1,90.95,15.44,0.58,0,0,39
redis-65d8857849-9n6lp,23/01/2025 20:46,803.2,2.383,15.44,15.43,0,0,6
analyzer-79d4c78db5-g626p,23/01/2025 20:46,5154.5,4.541,15.44,29.4,0,0,326
crud-rest-7c7fd547c9-rs5hs,23/01/2025 20:46,11.1,952.5,15.44,6.02,0,0,95
datainjector-98ccb8f89-wr5hg,23/01/2025 20:46,576.6,1.122,15.44,7.26,0,0,96
postgres-7b7f6d75f9-q5dvq,23/01/2025 20:46,766.7,90.95,15.44,0.58,0,0,39
redis-65d8857849-9n6lp,23/01/2025 20:46,1824,2.453,15.44,15.89,0,0,7
analyzer-79d4c78db5-g626p,23/01/2025 20:46,4262.6,4.54,15.44,29.4,0,0,325
crud-rest-7c7fd547c9-rs5hs,23/01/2025 20:46,6.7,952.7,15.44,6.02,0,0,97
datainjector-98ccb8f89-wr5hg,23/01/2025 20:46,734.1,1.122,15.44,7.26,0,0,96
postgres-7b7f6d75f9-q5dvq,23/01/2025 20:46,672.7,90.95,15.44,0.58,0,0,39
redis-65d8857849-9n6lp,23/01/2025 20:46,1759.5,2.481,15.44,16.06,0,0,7
analyzer-79d4c78db5-g626p,23/01/2025 20:46,4715.4,4.541,15.44,29.4,0,0,325
crud-rest-7c7fd547c9-rs5hs,23/01/2025 20:46,15.1,952.5,15.44,6.02,0,0,95
datainjector-98ccb8f89-wr5hg,23/01/2025 20:46,606.9,1.122,15.44,7.26,0,0,95
postgres-7b7f6d75f9-q5dvq,23/01/2025 20:46,747.2,91.11,15.44,0.58,0,0,39
redis-65d8857849-9n6lp,23/01/2025 20:46,1812.1,2.5,15.44,16.19,0,0,7
analyzer-79d4c78db5-g626p,23/01/2025 20:46,5288.2,4.541,15.44,29.4,0,0,326
crud-rest-7c7fd547c9-rs5hs,23/01/2025 20:46,5.8,952.5,15.44,6.02,0,0,95
datainjector-98ccb8f89-wr5hg,23/01/2025 20:46,96.3,1.122,15.44,7.26,0,0,95
postgres-7b7f6d75f9-q5dvq,23/01/2025 20:46,767.2,90.95,15.44,0.58,0,0,39
redis-65d8857849-9n6lp,23/01/2025 20:46,1801.9,2.513,15.44,16.27,0,0,7
analyzer-79d4c78db5-g626p,23/01/2025 20:46,4884.1,4.54,15.44,29.4,0,0,325
crud-rest-7c7fd547c9-rs5hs,23/01/2025 20:46,7.2,952.5,15.44,6.02,0,0,95
datainjector-98ccb8f89-wr5hg,23/01/2025 20:46,468.1,1.122,15.44,7.26,0,0,95
postgres-7b7f6d75f9-q5dvq,23/01/2025 20:46,705.7,90.95,15.44,0.58,0,0,39
redis-65d8857849-9n6lp,23/01/2025 20:46,1766.7,2.534,15.44,16.4,0,0,7
analyzer-79d4c78db5-g626p,23/01/2025 20:46,4516.9,4.54,15.44,29.4,0,0,322
crud-rest-7c7fd547c9-rs5hs,23/01/2025 20:46,4.8,952.5,15.44,6.02,0,0,95
datainjector-98ccb8f89-wr5hg,23/01/2025 20:46,510.1,1.122,15.44,7.26,0,0,95
postgres-7b7f6d75f9-q5dvq,23/01/2025 20:46,744.6,90.95,15.44,0.58,0,0,39
redis-65d8857849-9n6lp,23/01/2025 20:46,1889,2.548,15.44,16.5,0,0,7
analyzer-79d4c78db5-g626p,23/01/2025 20:46,5211.1,4.54,15.44,29.4,0,0,324
crud-rest-7c7fd547c9-rs5hs,23/01/2025 20:46,4.6,952.5,15.44,6.02,0,0,94
datainjector-98ccb8f89-wr5hg,23/01/2025 20:46,113.8,1.122,15.44,7.26,0,0,95
postgres-7b7f6d75f9-q5dvq,23/01/2025 20:46,824,90.95,15.44,0.58,0,0,39
redis-65d8857849-9n6lp,23/01/2025 20:47,1613,2.56,15.44,16.58,0,0,7
analyzer-79d4c78db5-g626p,23/01/2025 20:47,5145.8,4.54,15.44,29.4,0,0,323
crud-rest-7c7fd547c9-rs5hs,23/01/2025 20:47,8.7,952.5,15.44,6.02,0,0,94
datainjector-98ccb8f89-wr5hg,23/01/2025 20:47,248.9,1.122,15.44,7.26,0,0,95
postgres-7b7f6d75f9-q5dvq,23/01/2025 20:47,744.7,90.95,15.44,0.58,0,0,39
redis-65d8857849-9n6lp,23/01/2025 20:47,1828.7,2.574,15.44,16.67,0,0,7
analyzer-79d4c78db5-g626p,23/01/2025 20:47,5442.1,4.54,15.44,29.4,0,0,324
crud-rest-7c7fd547c9-rs5hs,23/01/2025 20:47,105.5,952.5,15.44,6.02,0,0,94
datainjector-98ccb8f89-wr5hg,23/01/2025 20:47,65.1,1.122,15.44,7.26,0,0,95
postgres-7b7f6d75f9-q5dvq,23/01/2025 20:47,792.6,90.95,15.44,0.58,0,0,39
redis-65d8857849-9n6lp,23/01/2025 20:47,1846.3,2.586,15.44,16.74,0,0,7
analyzer-79d4c78db5-g626p,23/01/2025 20:47,4978.1,4.54,15.44,29.4,0,0,323
crud-rest-7c7fd547c9-rs5hs,23/01/2025 20:47,6.1,952.5,15.44,6.02,0,0,94
datainjector-98ccb8f89-wr5hg,23/01/2025 20:47,456.5,1.122,15.44,7.26,0,0,96
postgres-7b7f6d75f9-q5dvq,23/01/2025 20:47,795.3,90.95,15.44,0.58,0,0,39
redis-65d8857849-9n6lp,23/01/2025 20:47,861.2,2.485,15.44,16.09,0,0,6
analyzer-79d4c78db5-g626p,23/01/2025 20:47,5739.4,4.541,15.44,29.4,0,0,322
crud-rest-7c7fd547c9-rs5hs,23/01/2025 20:47,4.2,952.5,15.44,6.02,0,0,94
datainjector-98ccb8f89-wr5hg,23/01/2025 20:47,576.7,1.122,15.44,7.26,0,0,96
postgres-7b7f6d75f9-q5dvq,23/01/2025 20:47,928.5,90.95,15.44,0.58,0,0,39
redis-65d8857849-9n6lp,23/01/2025 20:47,851.7,2.495,15.44,16.16,0,0,6
analyzer-79d4c78db5-g626p,23/01/2025 20:47,5808.9,4.54,15.44,29.4,0,0,322
crud-rest-7c7fd547c9-rs5hs,23/01/2025 20:47,6.1,952.5,15.44,6.02,0,0,94
datainjector-98ccb8f89-wr5hg,23/01/2025 20:47,78.4,1.122,15.44,7.26,0,0,96
postgres-7b7f6d75f9-q5dvq,23/01/2025 20:47,848.2,90.95,15.44,0.58,0,0,39
redis-65d8857849-9n6lp,23/01/2025 20:47,870.2,2.504,15.44,16.21,0,0,6
analyzer-79d4c78db5-g626p,23/01/2025 20:47,5083.7,4.54,15.44,29.4,0,0,322
crud-rest-7c7fd547c9-rs5hs,23/01/2025 20:47,4.4,952.6,15.44,6.02,0,0,95
datainjector-98ccb8f89-wr5hg,23/01/2025 20:47,623.8,1.122,15.44,7.26,0,0,96
postgres-7b7f6d75f9-q5dvq,23/01/2025 20:47,790.4,90.95,15.44,0.58,0,0,39
redis-65d8857849-9n6lp,23/01/2025 20:47,865.4,2.516,15.44,16.29,0,0,6
analyzer-79d4c78db5-g626p,23/01/2025 20:47,5140.2,4.54,15.44,29.4,0,0,321
crud-rest-7c7fd547c9-rs5hs,23/01/2025 20:47,4.7,952.6,15.44,6.02,0,0,95
datainjector-98ccb8f89-wr5hg,23/01/2025 20:47,13.8,1.122,15.44,7.26,0,0,96
postgres-7b7f6d75f9-q5dvq,23/01/2025 20:47,784.7,90.95,15.44,0.58,0,0,39
redis-65d8857849-9n6lp,23/01/2025 20:47,870.6,2.524,15.44,16.34,0,0,6
analyzer-79d4c78db5-g626p,23/01/2025 20:47,4964.9,4.54,15.44,29.4,0,0,320
crud-rest-7c7fd547c9-rs5hs,23/01/2025 20:47,14.9,952.6,15.44,6.02,0,0,95
datainjector-98ccb8f89-wr5hg,23/01/2025 20:47,413.7,1.122,15.44,7.26,0,0,96
postgres-7b7f6d75f9-q5dvq,23/01/2025 20:47,805.5,91.07,15.44,0.58,0,0,39
redis-65d8857849-9n6lp,23/01/2025 20:47,825.7,2.534,15.44,16.41,0,0,6
analyzer-79d4c78db5-g626p,23/01/2025 20:47,5455.7,4.54,15.44,29.4,0,0,321
crud-rest-7c7fd547c9-rs5hs,23/01/2025 20:47,10.8,952.6,15.44,6.02,0,0,95
datainjector-98ccb8f89-wr5hg,23/01/2025 20:47,51,1.122,15.44,7.26,0,0,96
postgres-7b7f6d75f9-q5dvq,23/01/2025 20:47,853.3,90.95,15.44,0.58,0,0,39
redis-65d8857849-9n6lp,23/01/2025 20:47,898.8,2.543,15.44,16.46,0,0,6
analyzer-79d4c78db5-g626p,23/01/2025 20:47,6104.3,4.54,15.44,29.4,0,0,321
crud-rest-7c7fd547c9-rs5hs,23/01/2025 20:47,6.9,952.6,15.44,6.02,0,0,95
datainjector-98ccb8f89-wr5hg,23/01/2025 20:47,98.8,1.122,15.44,7.26,0,0,95
postgres-7b7f6d75f9-q5dvq,23/01/2025 20:47,927.2,90.95,15.44,0.58,0,0,39
redis-65d8857849-9n6lp,23/01/2025 20:47,826.3,2.551,15.44,16.52,0,0,6
analyzer-79d4c78db5-g626p,23/01/2025 20:47,5552.3,4.54,15.44,29.4,0,0,319
crud-rest-7c7fd547c9-rs5hs,23/01/2025 20:47,4.3,952.6,15.44,6.02,0,0,95
datainjector-98ccb8f89-wr5hg,23/01/2025 20:47,543.3,1.122,15.44,7.26,0,0,95
postgres-7b7f6d75f9-q5dvq,23/01/2025 20:47,870.3,90.95,15.44,0.58,0,0,39
redis-65d8857849-9n6lp,23/01/2025 20:47,771.3,2.563,15.44,16.59,0,0,6
analyzer-79d4c78db5-g626p,23/01/2025 20:47,4818.6,4.54,15.44,29.4,0,0,319
crud-rest-7c7fd547c9-rs5hs,23/01/2025 20:47,8.7,952.6,15.44,6.02,0,0,95
datainjector-98ccb8f89-wr5hg,23/01/2025 20:47,721.3,1.122,15.44,7.26,0,0,95
postgres-7b7f6d75f9-q5dvq,23/01/2025 20:47,782,90.95,15.44,0.58,0,0,39
redis-65d8857849-9n6lp,23/01/2025 20:47,874.6,2.573,15.44,16.66,0,0,6
analyzer-79d4c78db5-g626p,23/01/2025 20:47,5281.2,4.54,15.44,29.4,0,0,319
crud-rest-7c7fd547c9-rs5hs,23/01/2025 20:47,7.5,952.5,15.44,6.02,0,0,94
datainjector-98ccb8f89-wr5hg,23/01/2025 20:47,429.8,1.122,15.44,7.26,0,0,95
postgres-7b7f6d75f9-q5dvq,23/01/2025 20:47,764.6,90.95,15.44,0.58,0,0,39
redis-65d8857849-9n6lp,23/01/2025 20:48,821,2.583,15.44,16.72,0,0,6
analyzer-79d4c78db5-g626p,23/01/2025 20:48,5270.7,4.54,15.44,29.4,0,0,318
crud-rest-7c7fd547c9-rs5hs,23/01/2025 20:48,4.6,952.5,15.44,6.02,0,0,94
datainjector-98ccb8f89-wr5hg,23/01/2025 20:48,410.9,1.122,15.44,7.26,0,0,95
postgres-7b7f6d75f9-q5dvq,23/01/2025 20:48,747.3,90.95,15.44,0.58,0,0,39
redis-65d8857849-9n6lp,23/01/2025 20:48,866.6,2.588,15.44,16.76,0,0,6
analyzer-79d4c78db5-g626p,23/01/2025 20:48,5304.8,4.54,15.44,29.4,0,0,318
crud-rest-7c7fd547c9-rs5hs,23/01/2025 20:48,4.5,952.5,15.44,6.02,0,0,94
datainjector-98ccb8f89-wr5hg,23/01/2025 20:48,496.4,1.122,15.44,7.26,0,0,95
postgres-7b7f6d75f9-q5dvq,23/01/2025 20:48,789.7,90.94,15.44,0.58,0,0,39
redis-65d8857849-9n6lp,23/01/2025 20:48,850,2.596,15.44,16.81,0,0,6
analyzer-79d4c78db5-g626p,23/01/2025 20:48,5113.6,4.54,15.44,29.4,0,0,318
crud-rest-7c7fd547c9-rs5hs,23/01/2025 20:48,5.6,952.5,15.44,6.02,0,0,94
datainjector-98ccb8f89-wr5hg,23/01/2025 20:48,663.3,1.122,15.44,7.26,0,0,96
postgres-7b7f6d75f9-q5dvq,23/01/2025 20:48,792.7,90.95,15.44,0.58,0,0,39
redis-65d8857849-9n6lp,23/01/2025 20:48,831.7,2.601,15.44,16.84,0,0,6
analyzer-79d4c78db5-g626p,23/01/2025 20:48,5913.3,4.54,15.44,29.4,0,0,319
crud-rest-7c7fd547c9-rs5hs,23/01/2025 20:48,6.8,952.5,15.44,6.02,0,0,94
datainjector-98ccb8f89-wr5hg,23/01/2025 20:48,386.2,1.122,15.44,7.26,0,0,96
postgres-7b7f6d75f9-q5dvq,23/01/2025 20:48,895.5,90.95,15.44,0.58,0,0,39
redis-65d8857849-9n6lp,23/01/2025 20:48,1827.1,2.668,15.44,17.28,0,0,7
analyzer-79d4c78db5-g626p,23/01/2025 20:48,4755.7,4.538,15.44,29.38,0,0,320
crud-rest-7c7fd547c9-rs5hs,23/01/2025 20:48,12.3,951.2,15.44,6.01,0,0,94
datainjector-98ccb8f89-wr5hg,23/01/2025 20:48,265.8,1.122,15.44,7.26,0,0,96
postgres-7b7f6d75f9-q5dvq,23/01/2025 20:48,714.2,91,15.44,0.58,0,0,39
redis-65d8857849-9n6lp,23/01/2025 20:48,1767.4,2.693,15.44,17.44,0,0,7
analyzer-79d4c78db5-g626p,23/01/2025 20:48,4610.8,4.537,15.44,29.38,0,0,319
crud-rest-7c7fd547c9-rs5hs,23/01/2025 20:48,8.4,950.5,15.44,6.01,0,0,94
datainjector-98ccb8f89-wr5hg,23/01/2025 20:48,452.2,1.122,15.44,7.27,0,0,96
postgres-7b7f6d75f9-q5dvq,23/01/2025 20:48,737.4,91.07,15.44,0.58,0,0,39
redis-65d8857849-9n6lp,23/01/2025 20:48,1718.7,2.705,15.44,17.52,0,0,7
analyzer-79d4c78db5-g626p,23/01/2025 20:48,4051,4.537,15.44,29.38,0,0,321
crud-rest-7c7fd547c9-rs5hs,23/01/2025 20:48,5.5,950,15.44,6.01,0,0,95
datainjector-98ccb8f89-wr5hg,23/01/2025 20:48,562.9,1.122,15.44,7.26,0,0,96
postgres-7b7f6d75f9-q5dvq,23/01/2025 20:48,681.6,91.02,15.44,0.58,0,0,39
redis-65d8857849-9n6lp,23/01/2025 20:48,1821.8,2.721,15.44,17.62,0,0,7
analyzer-79d4c78db5-g626p,23/01/2025 20:48,4773.5,4.537,15.44,29.38,0,0,319
crud-rest-7c7fd547c9-rs5hs,23/01/2025 20:48,5.2,950,15.44,6.01,0,0,95
datainjector-98ccb8f89-wr5hg,23/01/2025 20:48,238.6,1.122,15.44,7.26,0,0,96
postgres-7b7f6d75f9-q5dvq,23/01/2025 20:48,705.1,91.01,15.44,0.58,0,0,39
redis-65d8857849-9n6lp,23/01/2025 20:48,1779.3,2.734,15.44,17.7,0,0,7
analyzer-79d4c78db5-g626p,23/01/2025 20:48,5699.2,4.537,15.44,29.38,0,0,321
crud-rest-7c7fd547c9-rs5hs,23/01/2025 20:48,4.1,950,15.44,6.01,0,0,95
datainjector-98ccb8f89-wr5hg,23/01/2025 20:48,170.5,1.122,15.44,7.26,0,0,96
postgres-7b7f6d75f9-q5dvq,23/01/2025 20:48,810.9,91,15.44,0.58,0,0,39
redis-65d8857849-9n6lp,23/01/2025 20:48,1720.8,2.75,15.44,17.8,0,0,7
analyzer-79d4c78db5-g626p,23/01/2025 20:48,4529.8,4.537,15.44,29.38,0,0,320
crud-rest-7c7fd547c9-rs5hs,23/01/2025 20:48,14.6,949.8,15.44,6.01,0,0,95
datainjector-98ccb8f89-wr5hg,23/01/2025 20:48,542.3,1.121,15.44,7.26,0,0,95
postgres-7b7f6d75f9-q5dvq,23/01/2025 20:48,757.3,91.36,15.44,0.58,0,0,39
redis-65d8857849-9n6lp,23/01/2025 20:48,1699.6,2.762,15.44,17.88,0,0,7
analyzer-79d4c78db5-g626p,23/01/2025 20:48,4332.3,4.537,15.44,29.37,0,0,318
crud-rest-7c7fd547c9-rs5hs,23/01/2025 20:48,7.8,949.3,15.44,6,0,0,95
datainjector-98ccb8f89-wr5hg,23/01/2025 20:48,634.8,1.121,15.44,7.26,0,0,95
postgres-7b7f6d75f9-q5dvq,23/01/2025 20:48,702.1,91.23,15.44,0.58,0,0,39
redis-65d8857849-9n6lp,23/01/2025 20:48,1941.8,2.782,15.44,18.01,0,0,7
analyzer-79d4c78db5-g626p,23/01/2025 20:48,5474.5,4.537,15.44,29.37,0,0,318
crud-rest-7c7fd547c9-rs5hs,23/01/2025 20:48,6.1,949,15.44,6,0,0,95
datainjector-98ccb8f89-wr5hg,23/01/2025 20:48,101.9,1.121,15.44,7.26,0,0,95
postgres-7b7f6d75f9-q5dvq,23/01/2025 20:48,786.6,91.21,15.44,0.58,0,0,39
redis-65d8857849-9n6lp,23/01/2025 20:48,1786,2.787,15.44,18.05,0,0,7
analyzer-79d4c78db5-g626p,23/01/2025 20:48,5286.1,4.536,15.44,29.37,0,0,318
crud-rest-7c7fd547c9-rs5hs,23/01/2025 20:48,5.6,949,15.44,6,0,0,95
datainjector-98ccb8f89-wr5hg,23/01/2025 20:48,95.6,1.121,15.44,7.26,0,0,95
postgres-7b7f6d75f9-q5dvq,23/01/2025 20:48,775,91.21,15.44,0.58,0,0,39
redis-65d8857849-9n6lp,23/01/2025 20:48,784.1,2.62,15.44,16.96,0,0,6
analyzer-79d4c78db5-g626p,23/01/2025 20:48,5389.3,4.536,15.44,29.37,0,0,317
crud-rest-7c7fd547c9-rs5hs,23/01/2025 20:48,7.1,948,15.44,5.99,0,0,94
datainjector-98ccb8f89-wr5hg,23/01/2025 20:48,500.3,1.12,15.44,7.25,0,0,95
postgres-7b7f6d75f9-q5dvq,23/01/2025 20:48,747.6,91.11,15.44,0.58,0,0,39
redis-65d8857849-9n6lp,23/01/2025 20:49,837.1,2.622,15.44,16.98,0,0,6
analyzer-79d4c78db5-g626p,23/01/2025 20:49,5411.9,4.536,15.44,29.37,0,0,315
crud-rest-7c7fd547c9-rs5hs,23/01/2025 20:49,6,948,15.44,5.99,0,0,94
datainjector-98ccb8f89-wr5hg,23/01/2025 20:49,467.9,1.12,15.44,7.25,0,0,95
postgres-7b7f6d75f9-q5dvq,23/01/2025 20:49,803.6,91.16,15.44,0.58,0,0,39
redis-65d8857849-9n6lp,23/01/2025 20:49,808.9,2.623,15.44,16.98,0,0,6
analyzer-79d4c78db5-g626p,23/01/2025 20:49,5296.5,4.536,15.44,29.37,0,0,315
crud-rest-7c7fd547c9-rs5hs,23/01/2025 20:49,23.4,948,15.44,5.99,0,0,94
datainjector-98ccb8f89-wr5hg,23/01/2025 20:49,359.6,1.12,15.44,7.25,0,0,97
postgres-7b7f6d75f9-q5dvq,23/01/2025 20:49,786.6,91.14,15.44,0.58,0,0,39
redis-65d8857849-9n6lp,23/01/2025 20:49,807.6,2.622,15.44,16.97,0,0,6
analyzer-79d4c78db5-g626p,23/01/2025 20:49,6440.7,4.536,15.44,29.37,0,0,315
crud-rest-7c7fd547c9-rs5hs,23/01/2025 20:49,5.1,948,15.44,5.99,0,0,94
datainjector-98ccb8f89-wr5hg,23/01/2025 20:49,132.8,1.12,15.44,7.25,0,0,96
postgres-7b7f6d75f9-q5dvq,23/01/2025 20:49,920.4,91.26,15.44,0.58,0,0,39
redis-65d8857849-9n6lp,23/01/2025 20:49,888.1,2.63,15.44,17.03,0,0,6
analyzer-79d4c78db5-g626p,23/01/2025 20:49,5296.9,4.536,15.44,29.37,0,0,315
crud-rest-7c7fd547c9-rs5hs,23/01/2025 20:49,4.2,948,15.44,5.99,0,0,94
datainjector-98ccb8f89-wr5hg,23/01/2025 20:49,373.5,1.12,15.44,7.25,0,0,96
postgres-7b7f6d75f9-q5dvq,23/01/2025 20:49,832.7,91.16,15.44,0.58,0,0,39
redis-65d8857849-9n6lp,23/01/2025 20:49,767.9,2.628,15.44,17.02,0,0,6
analyzer-79d4c78db5-g626p,23/01/2025 20:49,5874,4.536,15.44,29.37,0,0,316
crud-rest-7c7fd547c9-rs5hs,23/01/2025 20:49,5.1,948,15.44,5.99,0,0,94
datainjector-98ccb8f89-wr5hg,23/01/2025 20:49,219,1.12,15.44,7.25,0,0,96
postgres-7b7f6d75f9-q5dvq,23/01/2025 20:49,932.3,91.16,15.44,0.58,0,0,39
redis-65d8857849-9n6lp,23/01/2025 20:49,848.2,2.633,15.44,17.05,0,0,6
analyzer-79d4c78db5-g626p,23/01/2025 20:49,5252.3,4.536,15.44,29.37,0,0,317
crud-rest-7c7fd547c9-rs5hs,23/01/2025 20:49,5.1,948,15.44,5.99,0,0,94
datainjector-98ccb8f89-wr5hg,23/01/2025 20:49,569.5,1.12,15.44,7.25,0,0,96
postgres-7b7f6d75f9-q5dvq,23/01/2025 20:49,828.8,91.16,15.44,0.58,0,0,39
redis-65d8857849-9n6lp,23/01/2025 20:49,849.4,2.635,15.44,17.06,0,0,6
analyzer-79d4c78db5-g626p,23/01/2025 20:49,5276.7,4.536,15.44,29.37,0,0,317
crud-rest-7c7fd547c9-rs5hs,23/01/2025 20:49,4.2,948,15.44,5.99,0,0,94
datainjector-98ccb8f89-wr5hg,23/01/2025 20:49,499.2,1.12,15.44,7.25,0,0,96
postgres-7b7f6d75f9-q5dvq,23/01/2025 20:49,815.8,91.16,15.44,0.58,0,0,39
redis-65d8857849-9n6lp,23/01/2025 20:49,793.9,2.638,15.44,17.08,0,0,6
analyzer-79d4c78db5-g626p,23/01/2025 20:49,5955.3,4.536,15.44,29.37,0,0,317
crud-rest-7c7fd547c9-rs5hs,23/01/2025 20:49,4.1,948,15.44,5.99,0,0,94
datainjector-98ccb8f89-wr5hg,23/01/2025 20:49,516.5,1.12,15.44,7.25,0,0,96
postgres-7b7f6d75f9-q5dvq,23/01/2025 20:49,792.8,91.16,15.44,0.58,0,0,39
redis-65d8857849-9n6lp,23/01/2025 20:49,878.7,2.637,15.44,17.07,0,0,6
analyzer-79d4c78db5-g626p,23/01/2025 20:49,6076.9,4.536,15.44,29.37,0,0,317
crud-rest-7c7fd547c9-rs5hs,23/01/2025 20:49,4.4,948.1,15.44,5.99,0,0,94
datainjector-98ccb8f89-wr5hg,23/01/2025 20:49,177.6,1.12,15.44,7.25,0,0,96
postgres-7b7f6d75f9-q5dvq,23/01/2025 20:49,927.2,91.16,15.44,0.58,0,0,39
redis-65d8857849-9n6lp,23/01/2025 20:49,853.2,2.639,15.44,17.09,0,0,6
analyzer-79d4c78db5-g626p,23/01/2025 20:49,5240.8,4.536,15.44,29.37,0,0,317
crud-rest-7c7fd547c9-rs5hs,23/01/2025 20:49,4.1,948.1,15.44,5.99,0,0,94
datainjector-98ccb8f89-wr5hg,23/01/2025 20:49,485.2,1.12,15.44,7.25,0,0,95
postgres-7b7f6d75f9-q5dvq,23/01/2025 20:49,830.2,91.16,15.44,0.58,0,0,39
redis-65d8857849-9n6lp,23/01/2025 20:49,848.9,2.635,15.44,17.06,0,0,6
analyzer-79d4c78db5-g626p,23/01/2025 20:49,5668.4,4.536,15.44,29.37,0,0,317
crud-rest-7c7fd547c9-rs5hs,23/01/2025 20:49,6,948.1,15.44,5.99,0,0,94
datainjector-98ccb8f89-wr5hg,23/01/2025 20:49,235.9,1.12,15.44,7.25,0,0,95
postgres-7b7f6d75f9-q5dvq,23/01/2025 20:49,858.4,91.16,15.44,0.58,0,0,39
redis-65d8857849-9n6lp,23/01/2025 20:49,842.6,2.644,15.44,17.12,0,0,6
analyzer-79d4c78db5-g626p,23/01/2025 20:49,5278.3,4.536,15.44,29.37,0,0,317
crud-rest-7c7fd547c9-rs5hs,23/01/2025 20:49,4.2,948.1,15.44,5.99,0,0,94
datainjector-98ccb8f89-wr5hg,23/01/2025 20:49,621.8,1.12,15.44,7.25,0,0,95
postgres-7b7f6d75f9-q5dvq,23/01/2025 20:49,809.2,91.16,15.44,0.58,0,0,39
redis-65d8857849-9n6lp,23/01/2025 20:49,852.8,2.64,15.44,17.1,0,0,6
analyzer-79d4c78db5-g626p,23/01/2025 20:49,4947.6,4.536,15.44,29.37,0,0,315
crud-rest-7c7fd547c9-rs5hs,23/01/2025 20:49,4.7,948,15.44,5.99,0,0,93
datainjector-98ccb8f89-wr5hg,23/01/2025 20:49,262.1,1.12,15.44,7.25,0,0,95
postgres-7b7f6d75f9-q5dvq,23/01/2025 20:49,889.8,91.16,15.44,0.58,0,0,39
redis-65d8857849-9n6lp,23/01/2025 20:50,1797.3,2.706,15.44,17.52,0,0,7
analyzer-79d4c78db5-g626p,23/01/2025 20:50,4255.7,4.536,15.44,29.37,0,0,315
crud-rest-7c7fd547c9-rs5hs,23/01/2025 20:50,5.5,948,15.44,5.99,0,0,93
datainjector-98ccb8f89-wr5hg,23/01/2025 20:50,581.3,1.12,15.44,7.25,0,0,95
postgres-7b7f6d75f9-q5dvq,23/01/2025 20:50,695.9,91.16,15.44,0.58,0,0,39
redis-65d8857849-9n6lp,23/01/2025 20:50,1708.5,2.719,15.44,17.61,0,0,7
analyzer-79d4c78db5-g626p,23/01/2025 20:50,5481.4,4.536,15.44,29.37,0,0,316
crud-rest-7c7fd547c9-rs5hs,23/01/2025 20:50,8.2,948,15.44,5.99,0,0,93
datainjector-98ccb8f89-wr5hg,23/01/2025 20:50,148.7,1.12,15.44,7.25,0,0,95
postgres-7b7f6d75f9-q5dvq,23/01/2025 20:50,805,91.16,15.44,0.58,0,0,39
redis-65d8857849-9n6lp,23/01/2025 20:50,1716.3,2.738,15.44,17.73,0,0,7
analyzer-79d4c78db5-g626p,23/01/2025 20:50,5225.6,4.536,15.44,29.37,0,0,316
crud-rest-7c7fd547c9-rs5hs,23/01/2025 20:50,6.1,948,15.44,5.99,0,0,93
datainjector-98ccb8f89-wr5hg,23/01/2025 20:50,30.4,1.12,15.44,7.25,0,0,95
postgres-7b7f6d75f9-q5dvq,23/01/2025 20:50,763.5,91.16,15.44,0.58,0,0,39
redis-65d8857849-9n6lp,23/01/2025 20:50,1791.2,2.757,15.44,17.85,0,0,7
analyzer-79d4c78db5-g626p,23/01/2025 20:50,4564.3,4.536,15.44,29.37,0,0,316
crud-rest-7c7fd547c9-rs5hs,23/01/2025 20:50,4.7,948,15.44,5.99,0,0,93
datainjector-98ccb8f89-wr5hg,23/01/2025 20:50,673,1.12,15.44,7.25,0,0,95
postgres-7b7f6d75f9-q5dvq,23/01/2025 20:50,706.9,91.16,15.44,0.58,0,0,39
redis-65d8857849-9n6lp,23/01/2025 20:50,1821.3,2.769,15.44,17.93,0,0,7
analyzer-79d4c78db5-g626p,23/01/2025 20:50,5359,4.536,15.44,29.37,0,0,315
crud-rest-7c7fd547c9-rs5hs,23/01/2025 20:50,5.7,948,15.44,5.99,0,0,93
datainjector-98ccb8f89-wr5hg,23/01/2025 20:50,457.1,1.12,15.44,7.25,0,0,95
postgres-7b7f6d75f9-q5dvq,23/01/2025 20:50,769.3,91.16,15.44,0.58,0,0,39
redis-65d8857849-9n6lp,23/01/2025 20:50,1764.8,2.785,15.44,18.03,0,0,7
analyzer-79d4c78db5-g626p,23/01/2025 20:50,5520.5,4.536,15.44,29.37,0,0,317
crud-rest-7c7fd547c9-rs5hs,23/01/2025 20:50,8.7,948,15.44,5.99,0,0,93
datainjector-98ccb8f89-wr5hg,23/01/2025 20:50,52.7,1.121,15.44,7.26,0,0,95
postgres-7b7f6d75f9-q5dvq,23/01/2025 20:50,817.1,91.16,15.44,0.58,0,0,39
redis-65d8857849-9n6lp,23/01/2025 20:50,1794.2,2.8,15.44,18.13,0,0,7
analyzer-79d4c78db5-g626p,23/01/2025 20:50,4643.7,4.536,15.44,29.37,0,0,315
crud-rest-7c7fd547c9-rs5hs,23/01/2025 20:50,5,947.5,15.44,5.99,0,0,95
datainjector-98ccb8f89-wr5hg,23/01/2025 20:50,427.7,1.119,15.44,7.24,0,0,95
postgres-7b7f6d75f9-q5dvq,23/01/2025 20:50,693.5,91.09,15.44,0.58,0,0,39
redis-65d8857849-9n6lp,23/01/2025 20:50,1764.1,2.811,15.44,18.2,0,0,7
analyzer-79d4c78db5-g626p,23/01/2025 20:50,4597.2,4.535,15.44,29.37,0,0,314
crud-rest-7c7fd547c9-rs5hs,23/01/2025 20:50,7.7,946.9,15.44,5.99,0,0,95
datainjector-98ccb8f89-wr5hg,23/01/2025 20:50,468.5,1.118,15.44,7.24,0,0,95
postgres-7b7f6d75f9-q5dvq,23/01/2025 20:50,703.6,91.13,15.44,0.58,0,0,39
redis-65d8857849-9n6lp,23/01/2025 20:50,1832.4,2.787,15.44,18.04,0,0,7
analyzer-79d4c78db5-g626p,23/01/2025 20:50,5677.7,4.536,15.44,29.37,0,0,316
crud-rest-7c7fd547c9-rs5hs,23/01/2025 20:50,4.8,946.6,15.44,5.99,0,0,95
datainjector-98ccb8f89-wr5hg,23/01/2025 20:50,155,1.118,15.44,7.24,0,0,95
postgres-7b7f6d75f9-q5dvq,23/01/2025 20:50,870.9,91.25,15.44,0.58,0,0,39
redis-65d8857849-9n6lp,23/01/2025 20:50,820.3,2.648,15.44,17.14,0,0,6
analyzer-79d4c78db5-g626p,23/01/2025 20:50,5197,4.536,15.44,29.37,0,0,316
crud-rest-7c7fd547c9-rs5hs,23/01/2025 20:50,36.7,946.7,15.44,5.99,0,0,95
datainjector-98ccb8f89-wr5hg,23/01/2025 20:50,582,1.118,15.44,7.24,0,0,94
postgres-7b7f6d75f9-q5dvq,23/01/2025 20:50,728.1,92.53,15.44,0.59,0,0,39
redis-65d8857849-9n6lp,23/01/2025 20:50,880.6,2.653,15.44,17.18,0,0,6
analyzer-79d4c78db5-g626p,23/01/2025 20:50,6435.8,4.536,15.44,29.37,0,0,315
crud-rest-7c7fd547c9-rs5hs,23/01/2025 20:50,6,946.7,15.44,5.99,0,0,95
datainjector-98ccb8f89-wr5hg,23/01/2025 20:50,670.9,1.118,15.44,7.24,0,0,94
postgres-7b7f6d75f9-q5dvq,23/01/2025 20:50,759.7,92.65,15.44,0.59,0,0,39
redis-65d8857849-9n6lp,23/01/2025 20:50,863.5,2.655,15.44,17.19,0,0,6
analyzer-79d4c78db5-g626p,23/01/2025 20:50,5400,4.536,15.44,29.37,0,0,316
crud-rest-7c7fd547c9-rs5hs,23/01/2025 20:50,4,946.7,15.44,5.99,0,0,95
datainjector-98ccb8f89-wr5hg,23/01/2025 20:50,240.1,1.118,15.44,7.24,0,0,94
postgres-7b7f6d75f9-q5dvq,23/01/2025 20:50,754.1,92.53,15.44,0.59,0,0,39
redis-65d8857849-9n6lp,23/01/2025 20:50,831.7,2.658,15.44,17.21,0,0,6
analyzer-79d4c78db5-g626p,23/01/2025 20:50,5438.5,4.535,15.44,29.37,0,0,314
crud-rest-7c7fd547c9-rs5hs,23/01/2025 20:50,5.8,946.6,15.44,5.99,0,0,94
datainjector-98ccb8f89-wr5hg,23/01/2025 20:50,576.7,1.118,15.44,7.24,0,0,94
postgres-7b7f6d75f9-q5dvq,23/01/2025 20:50,856,92.53,15.44,0.59,0,0,39
redis-65d8857849-9n6lp,23/01/2025 20:50,796.2,2.662,15.44,17.24,0,0,6
analyzer-79d4c78db5-g626p,23/01/2025 20:50,5797.7,4.536,15.44,29.37,0,0,317
crud-rest-7c7fd547c9-rs5hs,23/01/2025 20:50,5.3,946.6,15.44,5.99,0,0,94
datainjector-98ccb8f89-wr5hg,23/01/2025 20:50,133.3,1.118,15.44,7.24,0,0,94
postgres-7b7f6d75f9-q5dvq,23/01/2025 20:50,855.9,92.53,15.44,0.59,0,0,39
redis-65d8857849-9n6lp,23/01/2025 20:51,857.7,2.667,15.44,17.27,0,0,6
analyzer-79d4c78db5-g626p,23/01/2025 20:51,5527.8,4.536,15.44,29.37,0,0,315
crud-rest-7c7fd547c9-rs5hs,23/01/2025 20:51,4.2,946.6,15.44,5.99,0,0,94
datainjector-98ccb8f89-wr5hg,23/01/2025 20:51,556.1,1.118,15.44,7.24,0,0,94
postgres-7b7f6d75f9-q5dvq,23/01/2025 20:51,891.2,92.53,15.44,0.59,0,0,39
redis-65d8857849-9n6lp,23/01/2025 20:51,871.6,2.666,15.44,17.26,0,0,6
analyzer-79d4c78db5-g626p,23/01/2025 20:51,5678.7,4.536,15.44,29.37,0,0,316
crud-rest-7c7fd547c9-rs5hs,23/01/2025 20:51,4.7,946.6,15.44,5.99,0,0,94
datainjector-98ccb8f89-wr5hg,23/01/2025 20:51,429.3,1.118,15.44,7.24,0,0,94
postgres-7b7f6d75f9-q5dvq,23/01/2025 20:51,881.8,92.53,15.44,0.59,0,0,39
redis-65d8857849-9n6lp,23/01/2025 20:51,767.1,2.668,15.44,17.28,0,0,6
analyzer-79d4c78db5-g626p,23/01/2025 20:51,5139.6,4.536,15.44,29.37,0,0,316
crud-rest-7c7fd547c9-rs5hs,23/01/2025 20:51,23.7,946.6,15.44,5.99,0,0,94
datainjector-98ccb8f89-wr5hg,23/01/2025 20:51,236.3,1.118,15.44,7.24,0,0,96
postgres-7b7f6d75f9-q5dvq,23/01/2025 20:51,738.6,92.53,15.44,0.59,0,0,39
redis-65d8857849-9n6lp,23/01/2025 20:51,704.8,2.671,15.44,17.29,0,0,6
analyzer-79d4c78db5-g626p,23/01/2025 20:51,6631,4.536,15.44,29.37,0,0,317
crud-rest-7c7fd547c9-rs5hs,23/01/2025 20:51,4.5,946.6,15.44,5.99,0,0,94
datainjector-98ccb8f89-wr5hg,23/01/2025 20:51,272.9,1.118,15.44,7.24,0,0,96
postgres-7b7f6d75f9-q5dvq,23/01/2025 20:51,670.3,92.53,15.44,0.59,0,0,39
redis-65d8857849-9n6lp,23/01/2025 20:51,790,2.668,15.44,17.27,0,0,6
analyzer-79d4c78db5-g626p,23/01/2025 20:51,5021.1,4.536,15.44,29.37,0,0,315
crud-rest-7c7fd547c9-rs5hs,23/01/2025 20:51,5.2,946.6,15.44,5.99,0,0,94
datainjector-98ccb8f89-wr5hg,23/01/2025 20:51,575.6,1.118,15.44,7.24,0,0,96
postgres-7b7f6d75f9-q5dvq,23/01/2025 20:51,812.1,92.53,15.44,0.59,0,0,39
redis-65d8857849-9n6lp,23/01/2025 20:51,865.4,2.673,15.44,17.31,0,0,6
analyzer-79d4c78db5-g626p,23/01/2025 20:51,5575,4.536,15.44,29.37,0,0,316
crud-rest-7c7fd547c9-rs5hs,23/01/2025 20:51,5,946.7,15.44,5.99,0,0,95
datainjector-98ccb8f89-wr5hg,23/01/2025 20:51,354.5,1.118,15.44,7.24,0,0,96
postgres-7b7f6d75f9-q5dvq,23/01/2025 20:51,807.4,92.53,15.44,0.59,0,0,39
redis-65d8857849-9n6lp,23/01/2025 20:51,846.1,2.674,15.44,17.31,0,0,6
analyzer-79d4c78db5-g626p,23/01/2025 20:51,5677.6,4.536,15.44,29.37,0,0,316
crud-rest-7c7fd547c9-rs5hs,23/01/2025 20:51,4.3,946.7,15.44,5.99,0,0,95
datainjector-98ccb8f89-wr5hg,23/01/2025 20:51,422.9,1.118,15.44,7.24,0,0,96
postgres-7b7f6d75f9-q5dvq,23/01/2025 20:51,853.8,92.53,15.44,0.59,0,0,39
redis-65d8857849-9n6lp,23/01/2025 20:51,839.9,2.675,15.44,17.32,0,0,6
analyzer-79d4c78db5-g626p,23/01/2025 20:51,5806.7,4.536,15.44,29.37,0,0,316
crud-rest-7c7fd547c9-rs5hs,23/01/2025 20:51,5.7,946.7,15.44,5.99,0,0,95
datainjector-98ccb8f89-wr5hg,23/01/2025 20:51,209.4,1.118,15.44,7.24,0,0,96
postgres-7b7f6d75f9-q5dvq,23/01/2025 20:51,874.1,92.53,15.44,0.59,0,0,39
redis-65d8857849-9n6lp,23/01/2025 20:51,1799.2,2.726,15.44,17.65,0,0,7
analyzer-79d4c78db5-g626p,23/01/2025 20:51,5142.2,4.536,15.44,29.37,0,0,316
crud-rest-7c7fd547c9-rs5hs,23/01/2025 20:51,4.1,946.7,15.44,5.99,0,0,95
datainjector-98ccb8f89-wr5hg,23/01/2025 20:51,121.2,1.118,15.44,7.24,0,0,96
postgres-7b7f6d75f9-q5dvq,23/01/2025 20:51,722.8,92.53,15.44,0.59,0,0,39
redis-65d8857849-9n6lp,23/01/2025 20:51,1856.6,2.746,15.44,17.78,0,0,7
analyzer-79d4c78db5-g626p,23/01/2025 20:51,5273,4.536,15.44,29.37,0,0,316
crud-rest-7c7fd547c9-rs5hs,23/01/2025 20:51,12.4,946.7,15.44,5.99,0,0,95
datainjector-98ccb8f89-wr5hg,23/01/2025 20:51,165.8,1.118,15.44,7.24,0,0,95
postgres-7b7f6d75f9-q5dvq,23/01/2025 20:51,812.2,92.53,15.44,0.59,0,0,39
redis-65d8857849-9n6lp,23/01/2025 20:51,1775.9,2.766,15.44,17.91,0,0,7
analyzer-79d4c78db5-g626p,23/01/2025 20:51,4591.3,4.536,15.44,29.37,0,0,315
crud-rest-7c7fd547c9-rs5hs,23/01/2025 20:51,8.2,946.7,15.44,5.99,0,0,95
datainjector-98ccb8f89-wr5hg,23/01/2025 20:51,593.4,1.118,15.44,7.24,0,0,95
postgres-7b7f6d75f9-q5dvq,23/01/2025 20:51,723.9,92.53,15.44,0.59,0,0,39
redis-65d8857849-9n6lp,23/01/2025 20:51,1722.5,2.783,15.44,18.02,0,0,7
analyzer-79d4c78db5-g626p,23/01/2025 20:51,4480.4,4.536,15.44,29.37,0,0,315
crud-rest-7c7fd547c9-rs5hs,23/01/2025 20:51,4.3,946.7,15.44,5.99,0,0,95
datainjector-98ccb8f89-wr5hg,23/01/2025 20:51,631.7,1.118,15.44,7.24,0,0,95
postgres-7b7f6d75f9-q5dvq,23/01/2025 20:51,708.6,92.53,15.44,0.59,0,0,39
redis-65d8857849-9n6lp,23/01/2025 20:51,1822.8,2.797,15.44,18.11,0,0,7
analyzer-79d4c78db5-g626p,23/01/2025 20:51,4912.4,4.536,15.44,29.37,0,0,314
crud-rest-7c7fd547c9-rs5hs,23/01/2025 20:51,5,946.6,15.44,5.99,0,0,94
datainjector-98ccb8f89-wr5hg,23/01/2025 20:51,307.9,1.118,15.44,7.24,0,0,95
postgres-7b7f6d75f9-q5dvq,23/01/2025 20:51,733.9,92.53,15.44,0.59,0,0,39
redis-65d8857849-9n6lp,23/01/2025 20:52,1852.7,2.809,15.44,18.19,0,0,7
analyzer-79d4c78db5-g626p,23/01/2025 20:52,5488.5,4.535,15.44,29.37,0,0,315
crud-rest-7c7fd547c9-rs5hs,23/01/2025 20:52,16.1,946.6,15.44,5.99,0,0,94
datainjector-98ccb8f89-wr5hg,23/01/2025 20:52,46.4,1.118,15.44,7.24,0,0,95
postgres-7b7f6d75f9-q5dvq,23/01/2025 20:52,805.4,92.54,15.44,0.59,0,0,39
redis-65d8857849-9n6lp,23/01/2025 20:52,1710.2,2.823,15.44,18.28,0,0,7
analyzer-79d4c78db5-g626p,23/01/2025 20:52,4975.6,4.536,15.44,29.37,0,0,315
crud-rest-7c7fd547c9-rs5hs,23/01/2025 20:52,6.7,945.8,15.44,5.98,0,0,94
datainjector-98ccb8f89-wr5hg,23/01/2025 20:52,107.6,1.117,15.44,7.23,0,0,95
postgres-7b7f6d75f9-q5dvq,23/01/2025 20:52,733.3,92.48,15.44,0.58,0,0,39
redis-65d8857849-9n6lp,23/01/2025 20:52,1791,2.839,15.44,18.38,0,0,7
analyzer-79d4c78db5-g626p,23/01/2025 20:52,4631,4.536,15.44,29.37,0,0,314
crud-rest-7c7fd547c9-rs5hs,23/01/2025 20:52,4,945.8,15.44,5.98,0,0,94
datainjector-98ccb8f89-wr5hg,23/01/2025 20:52,612,1.117,15.44,7.23,0,0,96
postgres-7b7f6d75f9-q5dvq,23/01/2025 20:52,734.9,92.48,15.44,0.58,0,0,39
redis-65d8857849-9n6lp,23/01/2025 20:52,1864.8,2.85,15.44,18.45,0,0,7
analyzer-79d4c78db5-g626p,23/01/2025 20:52,4821.3,4.536,15.44,29.37,0,0,315
crud-rest-7c7fd547c9-rs5hs,23/01/2025 20:52,5.3,945.4,15.44,5.98,0,0,94
datainjector-98ccb8f89-wr5hg,23/01/2025 20:52,345.9,1.116,15.44,7.23,0,0,96
postgres-7b7f6d75f9-q5dvq,23/01/2025 20:52,704.5,92.46,15.44,0.58,0,0,39
redis-65d8857849-9n6lp,23/01/2025 20:52,1940.1,2.863,15.44,18.53,0,0,7
analyzer-79d4c78db5-g626p,23/01/2025 20:52,5339.3,4.536,15.44,29.37,0,0,315
crud-rest-7c7fd547c9-rs5hs,23/01/2025 20:52,7.9,944.6,15.44,5.97,0,0,96
datainjector-98ccb8f89-wr5hg,23/01/2025 20:52,354.9,1.114,15.44,7.22,0,0,96
postgres-7b7f6d75f9-q5dvq,23/01/2025 20:52,809.7,93.43,15.44,0.59,0,0,39
redis-65d8857849-9n6lp,23/01/2025 20:52,870.7,2.682,15.44,17.37,0,0,6
analyzer-79d4c78db5-g626p,23/01/2025 20:52,4882.2,4.536,15.44,29.37,0,0,317
crud-rest-7c7fd547c9-rs5hs,23/01/2025 20:52,6.7,944.6,15.44,5.97,0,0,96
datainjector-98ccb8f89-wr5hg,23/01/2025 20:52,593.1,1.114,15.44,7.22,0,0,96
postgres-7b7f6d75f9-q5dvq,23/01/2025 20:52,768.6,93.43,15.44,0.59,0,0,39
redis-65d8857849-9n6lp,23/01/2025 20:52,787.2,2.686,15.44,17.39,0,0,6
analyzer-79d4c78db5-g626p,23/01/2025 20:52,5951,4.536,15.44,29.37,0,0,317
crud-rest-7c7fd547c9-rs5hs,23/01/2025 20:52,4.7,944.4,15.44,5.97,0,0,94
datainjector-98ccb8f89-wr5hg,23/01/2025 20:52,185.9,1.114,15.44,7.22,0,0,96
postgres-7b7f6d75f9-q5dvq,23/01/2025 20:52,783.8,93.43,15.44,0.59,0,0,39
redis-65d8857849-9n6lp,23/01/2025 20:52,816.2,2.69,15.44,17.42,0,0,6
analyzer-79d4c78db5-g626p,23/01/2025 20:52,5653.5,4.536,15.44,29.37,0,0,316
crud-rest-7c7fd547c9-rs5hs,23/01/2025 20:52,5.2,944.4,15.44,5.97,0,0,94
datainjector-98ccb8f89-wr5hg,23/01/2025 20:52,429.9,1.114,15.44,7.22,0,0,96
postgres-7b7f6d75f9-q5dvq,23/01/2025 20:52,910.2,93.43,15.44,0.59,0,0,39
redis-65d8857849-9n6lp,23/01/2025 20:52,869.3,2.689,15.44,17.41,0,0,6
analyzer-79d4c78db5-g626p,23/01/2025 20:52,5131.4,4.536,15.44,29.37,0,0,317
crud-rest-7c7fd547c9-rs5hs,23/01/2025 20:52,4.5,944.4,15.44,5.97,0,0,94
datainjector-98ccb8f89-wr5hg,23/01/2025 20:52,205.9,1.114,15.44,7.22,0,0,96
postgres-7b7f6d75f9-q5dvq,23/01/2025 20:52,901.9,93.43,15.44,0.59,0,0,39
redis-65d8857849-9n6lp,23/01/2025 20:52,811.4,2.689,15.44,17.41,0,0,6
analyzer-79d4c78db5-g626p,23/01/2025 20:52,5194.4,4.536,15.44,29.37,0,0,317
crud-rest-7c7fd547c9-rs5hs,23/01/2025 20:52,15.4,944.4,15.44,5.97,0,0,94
datainjector-98ccb8f89-wr5hg,23/01/2025 20:52,269.9,1.114,15.44,7.22,0,0,95
postgres-7b7f6d75f9-q5dvq,23/01/2025 20:52,720,93.44,15.44,0.59,0,0,39
redis-65d8857849-9n6lp,23/01/2025 20:52,879.8,2.695,15.44,17.45,0,0,6
analyzer-79d4c78db5-g626p,23/01/2025 20:52,5107.5,4.536,15.44,29.37,0,0,315
crud-rest-7c7fd547c9-rs5hs,23/01/2025 20:52,6.5,944.4,15.44,5.97,0,0,94
datainjector-98ccb8f89-wr5hg,23/01/2025 20:52,535.2,1.114,15.44,7.22,0,0,95
postgres-7b7f6d75f9-q5dvq,23/01/2025 20:52,752.3,93.43,15.44,0.59,0,0,39
redis-65d8857849-9n6lp,23/01/2025 20:52,843.3,2.694,15.44,17.44,0,0,6
analyzer-79d4c78db5-g626p,23/01/2025 20:52,5515.6,4.536,15.44,29.37,0,0,317
crud-rest-7c7fd547c9-rs5hs,23/01/2025 20:52,4.2,944.4,15.44,5.97,0,0,94
datainjector-98ccb8f89-wr5hg,23/01/2025 20:52,357.2,1.114,15.44,7.22,0,0,95
postgres-7b7f6d75f9-q5dvq,23/01/2025 20:52,835.4,93.43,15.44,0.59,0,0,39
redis-65d8857849-9n6lp,23/01/2025 20:52,893.8,2.694,15.44,17.44,0,0,6
analyzer-79d4c78db5-g626p,23/01/2025 20:52,6219.7,4.536,15.44,29.37,0,0,316
crud-rest-7c7fd547c9-rs5hs,23/01/2025 20:52,5.9,944.4,15.44,5.97,0,0,94
datainjector-98ccb8f89-wr5hg,23/01/2025 20:52,71.6,1.114,15.44,7.22,0,0,95
postgres-7b7f6d75f9-q5dvq,23/01/2025 20:52,894.2,93.43,15.44,0.59,0,0,39
redis-65d8857849-9n6lp,23/01/2025 20:52,869.4,2.698,15.44,17.47,0,0,6
analyzer-79d4c78db5-g626p,23/01/2025 20:52,5696.3,4.536,15.44,29.37,0,0,315
crud-rest-7c7fd547c9-rs5hs,23/01/2025 20:52,4.4,944.3,15.44,5.97,0,0,93
datainjector-98ccb8f89-wr5hg,23/01/2025 20:52,503.1,1.114,15.44,7.22,0,0,95
postgres-7b7f6d75f9-q5dvq,23/01/2025 20:52,881,93.43,15.44,0.59,0,0,39
redis-65d8857849-9n6lp,23/01/2025 20:53,873.7,2.7,15.44,17.48,0,0,6
analyzer-79d4c78db5-g626p,23/01/2025 20:53,5934.3,4.536,15.44,29.37,0,0,317
crud-rest-7c7fd547c9-rs5hs,23/01/2025 20:53,5.3,944.3,15.44,5.97,0,0,93
datainjector-98ccb8f89-wr5hg,23/01/2025 20:53,14.7,1.115,15.44,7.22,0,0,95
postgres-7b7f6d75f9-q5dvq,23/01/2025 20:53,830.1,93.43,15.44,0.59,0,0,39
redis-65d8857849-9n6lp,23/01/2025 20:53,763.3,2.7,15.44,17.48,0,0,6
analyzer-79d4c78db5-g626p,23/01/2025 20:53,5380.7,4.536,15.44,29.37,0,0,316
crud-rest-7c7fd547c9-rs5hs,23/01/2025 20:53,9.7,944.3,15.44,5.97,0,0,93
datainjector-98ccb8f89-wr5hg,23/01/2025 20:53,229.2,1.114,15.44,7.22,0,0,95
postgres-7b7f6d75f9-q5dvq,23/01/2025 20:53,781.2,93.43,15.44,0.59,0,0,39
redis-65d8857849-9n6lp,23/01/2025 20:53,760.7,2.703,15.44,17.5,0,0,6
analyzer-79d4c78db5-g626p,23/01/2025 20:53,5647.7,4.536,15.44,29.37,0,0,317
crud-rest-7c7fd547c9-rs5hs,23/01/2025 20:53,19.9,944.3,15.44,5.97,0,0,93
datainjector-98ccb8f89-wr5hg,23/01/2025 20:53,908.6,1.114,15.44,7.22,0,0,95
postgres-7b7f6d75f9-q5dvq,23/01/2025 20:53,708.1,93.43,15.44,0.59,0,0,39
redis-65d8857849-9n6lp,23/01/2025 20:53,765.6,2.701,15.44,17.49,0,0,6
analyzer-79d4c78db5-g626p,23/01/2025 20:53,4925,4.536,15.44,29.37,0,0,316
crud-rest-7c7fd547c9-rs5hs,23/01/2025 20:53,13.7,944.3,15.44,5.97,0,0,93
datainjector-98ccb8f89-wr5hg,23/01/2025 20:53,758.1,1.114,15.44,7.22,0,0,95
postgres-7b7f6d75f9-q5dvq,23/01/2025 20:53,917.5,93.43,15.44,0.59,0,0,39
redis-65d8857849-9n6lp,23/01/2025 20:53,791.4,2.705,15.44,17.52,0,0,6
analyzer-79d4c78db5-g626p,23/01/2025 20:53,5681.9,4.536,15.44,29.37,0,0,316
crud-rest-7c7fd547c9-rs5hs,23/01/2025 20:53,6.8,944.3,15.44,5.97,0,0,93
datainjector-98ccb8f89-wr5hg,23/01/2025 20:53,567.1,1.114,15.44,7.22,0,0,95
postgres-7b7f6d75f9-q5dvq,23/01/2025 20:53,829.5,93.43,15.44,0.59,0,0,39
redis-65d8857849-9n6lp,23/01/2025 20:53,1827.9,2.76,15.44,17.87,0,0,7
analyzer-79d4c78db5-g626p,23/01/2025 20:53,5021.7,4.536,15.44,29.37,0,0,316
crud-rest-7c7fd547c9-rs5hs,23/01/2025 20:53,12,944.3,15.44,5.97,0,0,93
datainjector-98ccb8f89-wr5hg,23/01/2025 20:53,537.7,1.114,15.44,7.22,0,0,95
postgres-7b7f6d75f9-q5dvq,23/01/2025 20:53,813.8,93.44,15.44,0.59,0,0,39
redis-65d8857849-9n6lp,23/01/2025 20:53,1766.3,2.786,15.44,18.04,0,0,7
analyzer-79d4c78db5-g626p,23/01/2025 20:53,5385.7,4.536,15.44,29.37,0,0,317
crud-rest-7c7fd547c9-rs5hs,23/01/2025 20:53,4.7,944.5,15.44,5.97,0,0,95
datainjector-98ccb8f89-wr5hg,23/01/2025 20:53,141.9,1.114,15.44,7.22,0,0,95
postgres-7b7f6d75f9-q5dvq,23/01/2025 20:53,775.2,93.43,15.44,0.59,0,0,39
redis-65d8857849-9n6lp,23/01/2025 20:53,1693.1,2.802,15.44,18.14,0,0,7
analyzer-79d4c78db5-g626p,23/01/2025 20:53,4951.7,4.536,15.44,29.37,0,0,317
crud-rest-7c7fd547c9-rs5hs,23/01/2025 20:53,4.4,944.5,15.44,5.97,0,0,95
datainjector-98ccb8f89-wr5hg,23/01/2025 20:53,443.2,1.114,15.44,7.22,0,0,95
postgres-7b7f6d75f9-q5dvq,23/01/2025 20:53,781.6,93.43,15.44,0.59,0,0,39
redis-65d8857849-9n6lp,23/01/2025 20:53,1726.2,2.818,15.44,18.25,0,0,7
analyzer-79d4c78db5-g626p,23/01/2025 20:53,5955,4.536,15.44,29.37,0,0,315
crud-rest-7c7fd547c9-rs5hs,23/01/2025 20:53,5.6,944.5,15.44,5.97,0,0,95
datainjector-98ccb8f89-wr5hg,23/01/2025 20:53,480.5,1.114,15.44,7.22,0,0,95
postgres-7b7f6d75f9-q5dvq,23/01/2025 20:53,742.5,93.43,15.44,0.59,0,0,39
redis-65d8857849-9n6lp,23/01/2025 20:53,1811.2,2.831,15.44,18.33,0,0,7
analyzer-79d4c78db5-g626p,23/01/2025 20:53,5242,4.537,15.44,29.37,0,0,317
crud-rest-7c7fd547c9-rs5hs,23/01/2025 20:53,4.7,944.5,15.44,5.97,0,0,95
datainjector-98ccb8f89-wr5hg,23/01/2025 20:53,101.5,1.114,15.44,7.22,0,0,94
postgres-7b7f6d75f9-q5dvq,23/01/2025 20:53,729.1,93.43,15.44,0.59,0,0,39
redis-65d8857849-9n6lp,23/01/2025 20:53,1759,2.841,15.44,18.4,0,0,7
analyzer-79d4c78db5-g626p,23/01/2025 20:53,4537.9,4.536,15.44,29.37,0,0,317
crud-rest-7c7fd547c9-rs5hs,23/01/2025 20:53,8.8,944.5,15.44,5.97,0,0,95
datainjector-98ccb8f89-wr5hg,23/01/2025 20:53,857.8,1.114,15.44,7.21,0,0,94
postgres-7b7f6d75f9-q5dvq,23/01/2025 20:53,671.4,93.43,15.44,0.59,0,0,39
redis-65d8857849-9n6lp,23/01/2025 20:53,1848.1,2.861,15.44,18.52,0,0,7
analyzer-79d4c78db5-g626p,23/01/2025 20:53,4618.9,4.536,15.44,29.37,0,0,317
crud-rest-7c7fd547c9-rs5hs,23/01/2025 20:53,6.7,943,15.44,5.96,0,0,95
datainjector-98ccb8f89-wr5hg,23/01/2025 20:53,545,1.114,15.44,7.21,0,0,94
postgres-7b7f6d75f9-q5dvq,23/01/2025 20:53,690.9,93.39,15.44,0.59,0,0,39
redis-65d8857849-9n6lp,23/01/2025 20:53,1724.5,2.874,15.44,18.61,0,0,7
analyzer-79d4c78db5-g626p,23/01/2025 20:53,4863.8,4.536,15.44,29.37,0,0,316
crud-rest-7c7fd547c9-rs5hs,23/01/2025 20:53,10.9,942.4,15.44,5.96,0,0,94
datainjector-98ccb8f89-wr5hg,23/01/2025 20:53,171.1,1.113,15.44,7.21,0,0,94
postgres-7b7f6d75f9-q5dvq,23/01/2025 20:53,736.1,93.39,15.44,0.59,0,0,39
redis-65d8857849-9n6lp,23/01/2025 20:53,1814.6,2.886,15.44,18.69,0,0,7
analyzer-79d4c78db5-g626p,23/01/2025 20:53,4681.8,4.536,15.44,29.37,0,0,318
crud-rest-7c7fd547c9-rs5hs,23/01/2025 20:53,5,942.4,15.44,5.96,0,0,94
datainjector-98ccb8f89-wr5hg,23/01/2025 20:53,363.6,1.113,15.44,7.21,0,0,94
postgres-7b7f6d75f9-q5dvq,23/01/2025 20:53,692,93.39,15.44,0.59,0,0,39
redis-65d8857849-9n6lp,23/01/2025 20:54,819.7,2.718,15.44,17.6,0,0,6
analyzer-79d4c78db5-g626p,23/01/2025 20:54,4710.3,4.536,15.44,29.37,0,0,317
crud-rest-7c7fd547c9-rs5hs,23/01/2025 20:54,4.5,942.4,15.44,5.96,0,0,94
datainjector-98ccb8f89-wr5hg,23/01/2025 20:54,504.3,1.113,15.44,7.21,0,0,94
postgres-7b7f6d75f9-q5dvq,23/01/2025 20:54,726.9,93.47,15.44,0.59,0,0,39
redis-65d8857849-9n6lp,23/01/2025 20:54,838.7,2.715,15.44,17.58,0,0,6
analyzer-79d4c78db5-g626p,23/01/2025 20:54,5533.8,4.536,15.44,29.37,0,0,317
crud-rest-7c7fd547c9-rs5hs,23/01/2025 20:54,5.9,942.4,15.44,5.96,0,0,94
datainjector-98ccb8f89-wr5hg,23/01/2025 20:54,439.7,1.113,15.44,7.21,0,0,94
postgres-7b7f6d75f9-q5dvq,23/01/2025 20:54,879,93.48,15.44,0.59,0,0,39
redis-65d8857849-9n6lp,23/01/2025 20:54,744.8,2.717,15.44,17.59,0,0,6
analyzer-79d4c78db5-g626p,23/01/2025 20:54,5163.7,4.536,15.44,29.37,0,0,317
crud-rest-7c7fd547c9-rs5hs,23/01/2025 20:54,4,942.4,15.44,5.96,0,0,94
datainjector-98ccb8f89-wr5hg,23/01/2025 20:54,96.3,1.113,15.44,7.21,0,0,96
postgres-7b7f6d75f9-q5dvq,23/01/2025 20:54,703.7,93.48,15.44,0.59,0,0,39
redis-65d8857849-9n6lp,23/01/2025 20:54,825.7,2.717,15.44,17.6,0,0,6
analyzer-79d4c78db5-g626p,23/01/2025 20:54,5752.4,4.536,15.44,29.37,0,0,317
crud-rest-7c7fd547c9-rs5hs,23/01/2025 20:54,4.1,942.4,15.44,5.96,0,0,94
datainjector-98ccb8f89-wr5hg,23/01/2025 20:54,599.5,1.113,15.44,7.21,0,0,96
postgres-7b7f6d75f9-q5dvq,23/01/2025 20:54,876,93.48,15.44,0.59,0,0,39
redis-65d8857849-9n6lp,23/01/2025 20:54,852.7,2.724,15.44,17.64,0,0,6
analyzer-79d4c78db5-g626p,23/01/2025 20:54,5800.5,4.536,15.44,29.37,0,0,317
crud-rest-7c7fd547c9-rs5hs,23/01/2025 20:54,7.5,942.4,15.44,5.96,0,0,94
datainjector-98ccb8f89-wr5hg,23/01/2025 20:54,72.2,1.113,15.44,7.21,0,0,96
postgres-7b7f6d75f9-q5dvq,23/01/2025 20:54,832.7,93.48,15.44,0.59,0,0,39
redis-65d8857849-9n6lp,23/01/2025 20:54,808.2,2.722,15.44,17.63,0,0,6
analyzer-79d4c78db5-g626p,23/01/2025 20:54,5343.4,4.536,15.44,29.37,0,0,317
crud-rest-7c7fd547c9-rs5hs,23/01/2025 20:54,7.1,942.4,15.44,5.96,0,0,94
datainjector-98ccb8f89-wr5hg,23/01/2025 20:54,525.5,1.113,15.44,7.21,0,0,96
postgres-7b7f6d75f9-q5dvq,23/01/2025 20:54,832,93.6,15.44,0.59,0,0,39
redis-65d8857849-9n6lp,23/01/2025 20:54,823.5,2.728,15.44,17.66,0,0,6
analyzer-79d4c78db5-g626p,23/01/2025 20:54,5760.3,4.536,15.44,29.37,0,0,318
crud-rest-7c7fd547c9-rs5hs,23/01/2025 20:54,5.4,942.4,15.44,5.96,0,0,94
datainjector-98ccb8f89-wr5hg,23/01/2025 20:54,258.2,1.113,15.44,7.21,0,0,96
postgres-7b7f6d75f9-q5dvq,23/01/2025 20:54,805.1,93.48,15.44,0.59,0,0,39
redis-65d8857849-9n6lp,23/01/2025 20:54,811,2.727,15.44,17.66,0,0,6
analyzer-79d4c78db5-g626p,23/01/2025 20:54,6278.4,4.536,15.44,29.37,0,0,319
crud-rest-7c7fd547c9-rs5hs,23/01/2025 20:54,4.3,942.4,15.44,5.96,0,0,94
datainjector-98ccb8f89-wr5hg,23/01/2025 20:54,233.4,1.113,15.44,7.21,0,0,96
postgres-7b7f6d75f9-q5dvq,23/01/2025 20:54,921.5,93.48,15.44,0.59,0,0,39
redis-65d8857849-9n6lp,23/01/2025 20:54,833.1,2.734,15.44,17.7,0,0,6
analyzer-79d4c78db5-g626p,23/01/2025 20:54,5412.2,4.536,15.44,29.37,0,0,317
crud-rest-7c7fd547c9-rs5hs,23/01/2025 20:54,8.4,942.4,15.44,5.96,0,0,94
datainjector-98ccb8f89-wr5hg,23/01/2025 20:54,637.7,1.113,15.44,7.21,0,0,96
postgres-7b7f6d75f9-q5dvq,23/01/2025 20:54,852.7,93.48,15.44,0.59,0,0,39
redis-65d8857849-9n6lp,23/01/2025 20:54,803.8,2.731,15.44,17.68,0,0,6
analyzer-79d4c78db5-g626p,23/01/2025 20:54,5238.5,4.536,15.44,29.37,0,0,318
crud-rest-7c7fd547c9-rs5hs,23/01/2025 20:54,4.3,942.4,15.44,5.96,0,0,94
datainjector-98ccb8f89-wr5hg,23/01/2025 20:54,357.3,1.113,15.44,7.21,0,0,95
postgres-7b7f6d75f9-q5dvq,23/01/2025 20:54,740.6,93.48,15.44,0.59,0,0,39
redis-65d8857849-9n6lp,23/01/2025 20:54,842.8,2.736,15.44,17.71,0,0,6
analyzer-79d4c78db5-g626p,23/01/2025 20:54,5827.6,4.536,15.44,29.37,0,0,317
crud-rest-7c7fd547c9-rs5hs,23/01/2025 20:54,13.1,942.4,15.44,5.96,0,0,94
datainjector-98ccb8f89-wr5hg,23/01/2025 20:54,316.1,1.113,15.44,7.21,0,0,95
postgres-7b7f6d75f9-q5dvq,23/01/2025 20:54,851,93.48,15.44,0.59,0,0,39
redis-65d8857849-9n6lp,23/01/2025 20:54,818.3,2.738,15.44,17.73,0,0,6
analyzer-79d4c78db5-g626p,23/01/2025 20:54,5285.2,4.536,15.44,29.37,0,0,317
crud-rest-7c7fd547c9-rs5hs,23/01/2025 20:54,6.4,942.4,15.44,5.96,0,0,94
datainjector-98ccb8f89-wr5hg,23/01/2025 20:54,83.5,1.113,15.44,7.21,0,0,95
postgres-7b7f6d75f9-q5dvq,23/01/2025 20:54,824.8,93.48,15.44,0.59,0,0,39
redis-65d8857849-9n6lp,23/01/2025 20:54,840.4,2.739,15.44,17.74,0,0,6
analyzer-79d4c78db5-g626p,23/01/2025 20:54,5872.7,4.536,15.44,29.37,0,0,316
crud-rest-7c7fd547c9-rs5hs,23/01/2025 20:54,6.6,942.3,15.44,5.96,0,0,93
datainjector-98ccb8f89-wr5hg,23/01/2025 20:54,298.5,1.113,15.44,7.21,0,0,95
postgres-7b7f6d75f9-q5dvq,23/01/2025 20:54,877.8,93.48,15.44,0.59,0,0,39
redis-65d8857849-9n6lp,23/01/2025 20:54,803.5,2.74,15.44,17.74,0,0,6
analyzer-79d4c78db5-g626p,23/01/2025 20:54,5020,4.536,15.44,29.37,0,0,315
crud-rest-7c7fd547c9-rs5hs,23/01/2025 20:54,8.1,942.3,15.44,5.96,0,0,93
datainjector-98ccb8f89-wr5hg,23/01/2025 20:54,675.7,1.113,15.44,7.21,0,0,95
postgres-7b7f6d75f9-q5dvq,23/01/2025 20:54,797.9,93.48,15.44,0.59,0,0,39
redis-65d8857849-9n6lp,23/01/2025 20:55,1804.3,2.782,15.44,18.01,0,0,7
analyzer-79d4c78db5-g626p,23/01/2025 20:55,4834.7,4.536,15.44,29.37,0,0,314
crud-rest-7c7fd547c9-rs5hs,23/01/2025 20:55,5.3,942.3,15.44,5.96,0,0,93
datainjector-98ccb8f89-wr5hg,23/01/2025 20:55,579.2,1.113,15.44,7.21,0,0,95
postgres-7b7f6d75f9-q5dvq,23/01/2025 20:55,749.4,93.48,15.44,0.59,0,0,39
redis-65d8857849-9n6lp,23/01/2025 20:55,1855.7,2.81,15.44,18.2,0,0,7
analyzer-79d4c78db5-g626p,23/01/2025 20:55,5611.8,4.536,15.44,29.37,0,0,316
crud-rest-7c7fd547c9-rs5hs,23/01/2025 20:55,5.8,942.3,15.44,5.96,0,0,93
datainjector-98ccb8f89-wr5hg,23/01/2025 20:55,98.5,1.113,15.44,7.21,0,0,95
postgres-7b7f6d75f9-q5dvq,23/01/2025 20:55,837.3,93.48,15.44,0.59,0,0,39
redis-65d8857849-9n6lp,23/01/2025 20:55,1693,2.834,15.44,18.35,0,0,7
analyzer-79d4c78db5-g626p,23/01/2025 20:55,5052.3,4.536,15.44,29.37,0,0,315
crud-rest-7c7fd547c9-rs5hs,23/01/2025 20:55,4.8,942.3,15.44,5.96,0,0,93
datainjector-98ccb8f89-wr5hg,23/01/2025 20:55,433.9,1.114,15.44,7.21,0,0,96
postgres-7b7f6d75f9-q5dvq,23/01/2025 20:55,784.5,93.48,15.44,0.59,0,0,39
redis-65d8857849-9n6lp,23/01/2025 20:55,1776.1,2.848,15.44,18.44,0,0,7
analyzer-79d4c78db5-g626p,23/01/2025 20:55,5181,4.536,15.44,29.37,0,0,315
crud-rest-7c7fd547c9-rs5hs,23/01/2025 20:55,13.1,942.3,15.44,5.96,0,0,93
datainjector-98ccb8f89-wr5hg,23/01/2025 20:55,457.3,1.114,15.44,7.21,0,0,96
postgres-7b7f6d75f9-q5dvq,23/01/2025 20:55,723,93.48,15.44,0.59,0,0,39
redis-65d8857849-9n6lp,23/01/2025 20:55,1776.3,2.861,15.44,18.53,0,0,7
analyzer-79d4c78db5-g626p,23/01/2025 20:55,5251,4.536,15.44,29.37,0,0,315
crud-rest-7c7fd547c9-rs5hs,23/01/2025 20:55,11.4,942.4,15.44,5.96,0,0,93
datainjector-98ccb8f89-wr5hg,23/01/2025 20:55,16.1,1.114,15.44,7.21,0,0,96
postgres-7b7f6d75f9-q5dvq,23/01/2025 20:55,774.1,93.59,15.44,0.59,0,0,39
redis-65d8857849-9n6lp,23/01/2025 20:55,1710,2.873,15.44,18.6,0,0,7
analyzer-79d4c78db5-g626p,23/01/2025 20:55,4506.6,4.536,15.44,29.37,0,0,316
crud-rest-7c7fd547c9-rs5hs,23/01/2025 20:55,7.4,942.5,15.44,5.96,0,0,95
datainjector-98ccb8f89-wr5hg,23/01/2025 20:55,369.4,1.114,15.44,7.21,0,0,96
postgres-7b7f6d75f9-q5dvq,23/01/2025 20:55,681.3,93.48,15.44,0.59,0,0,39
redis-65d8857849-9n6lp,23/01/2025 20:55,1749.9,2.885,15.44,18.68,0,0,7
analyzer-79d4c78db5-g626p,23/01/2025 20:55,5670.6,4.536,15.44,29.37,0,0,316
crud-rest-7c7fd547c9-rs5hs,23/01/2025 20:55,4.5,942.5,15.44,5.96,0,0,95
datainjector-98ccb8f89-wr5hg,23/01/2025 20:55,346.7,1.113,15.44,7.21,0,0,96
postgres-7b7f6d75f9-q5dvq,23/01/2025 20:55,765.9,93.47,15.44,0.59,0,0,39
redis-65d8857849-9n6lp,23/01/2025 20:55,1868.1,2.903,15.44,18.79,0,0,7
analyzer-79d4c78db5-g626p,23/01/2025 20:55,4392.3,4.536,15.44,29.37,0,0,315
crud-rest-7c7fd547c9-rs5hs,23/01/2025 20:55,5.1,942.5,15.44,5.96,0,0,95
datainjector-98ccb8f89-wr5hg,23/01/2025 20:55,699.6,1.116,15.44,7.23,0,0,96
postgres-7b7f6d75f9-q5dvq,23/01/2025 20:55,737.9,93.44,15.44,0.59,0,0,39
redis-65d8857849-9n6lp,23/01/2025 20:55,1838.5,2.913,15.44,18.86,0,0,7
analyzer-79d4c78db5-g626p,23/01/2025 20:55,4298.7,4.54,15.44,29.39,0,0,314
crud-rest-7c7fd547c9-rs5hs,23/01/2025 20:55,4.6,941.2,15.44,5.95,0,0,95
datainjector-98ccb8f89-wr5hg,23/01/2025 20:55,661.2,1.122,15.44,7.26,0,0,96
postgres-7b7f6d75f9-q5dvq,23/01/2025 20:55,719.2,93.36,15.44,0.59,0,0,39
redis-65d8857849-9n6lp,23/01/2025 20:55,1794.5,2.894,15.44,18.74,0,0,7
analyzer-79d4c78db5-g626p,23/01/2025 20:55,4826.6,4.551,15.44,29.47,0,0,315
crud-rest-7c7fd547c9-rs5hs,23/01/2025 20:55,4.9,940.4,15.44,5.95,0,0,95
datainjector-98ccb8f89-wr5hg,23/01/2025 20:55,216.9,1.128,15.44,7.3,0,0,95
postgres-7b7f6d75f9-q5dvq,23/01/2025 20:55,693.9,93.43,15.44,0.59,0,0,39
redis-65d8857849-9n6lp,23/01/2025 20:55,807.3,2.748,15.44,17.79,0,0,6
analyzer-79d4c78db5-g626p,23/01/2025 20:55,5014.9,4.559,15.44,29.52,0,0,314
crud-rest-7c7fd547c9-rs5hs,23/01/2025 20:55,11.3,940.4,15.44,5.95,0,0,95
datainjector-98ccb8f89-wr5hg,23/01/2025 20:55,354.7,1.128,15.44,7.3,0,0,95
postgres-7b7f6d75f9-q5dvq,23/01/2025 20:55,901.6,93.43,15.44,0.59,0,0,39
redis-65d8857849-9n6lp,23/01/2025 20:55,772.8,2.75,15.44,17.81,0,0,6
analyzer-79d4c78db5-g626p,23/01/2025 20:55,6034.4,4.56,15.44,29.53,0,0,313
crud-rest-7c7fd547c9-rs5hs,23/01/2025 20:55,5.4,940.4,15.44,5.95,0,0,95
datainjector-98ccb8f89-wr5hg,23/01/2025 20:55,500.6,1.128,15.44,7.3,0,0,95
postgres-7b7f6d75f9-q5dvq,23/01/2025 20:55,854.5,93.43,15.44,0.59,0,0,39
redis-65d8857849-9n6lp,23/01/2025 20:55,894.7,2.751,15.44,17.81,0,0,6
analyzer-79d4c78db5-g626p,23/01/2025 20:55,5748.1,4.568,15.44,29.58,0,0,315
crud-rest-7c7fd547c9-rs5hs,23/01/2025 20:55,4.4,940.3,15.44,5.95,0,0,94
datainjector-98ccb8f89-wr5hg,23/01/2025 20:55,456.9,1.128,15.44,7.3,0,0,95
postgres-7b7f6d75f9-q5dvq,23/01/2025 20:55,839.3,93.55,15.44,0.59,0,0,39
redis-65d8857849-9n6lp,23/01/2025 20:56,758.5,2.747,15.44,17.79,0,0,6
analyzer-79d4c78db5-g626p,23/01/2025 20:56,5693.2,4.572,15.44,29.6,0,0,314
crud-rest-7c7fd547c9-rs5hs,23/01/2025 20:56,5,940.3,15.44,5.95,0,0,94
datainjector-98ccb8f89-wr5hg,23/01/2025 20:56,121.2,1.128,15.44,7.3,0,0,95
postgres-7b7f6d75f9-q5dvq,23/01/2025 20:56,810.1,93.43,15.44,0.59,0,0,39
redis-65d8857849-9n6lp,23/01/2025 20:56,814,2.753,15.44,17.82,0,0,6
analyzer-79d4c78db5-g626p,23/01/2025 20:56,5315,4.58,15.44,29.65,0,0,313
crud-rest-7c7fd547c9-rs5hs,23/01/2025 20:56,19.7,940.3,15.44,5.95,0,0,94
datainjector-98ccb8f89-wr5hg,23/01/2025 20:56,651.1,1.134,15.44,7.34,0,0,95
postgres-7b7f6d75f9-q5dvq,23/01/2025 20:56,858.1,93.43,15.44,0.59,0,0,39
redis-65d8857849-9n6lp,23/01/2025 20:56,801.6,2.752,15.44,17.82,0,0,6
analyzer-79d4c78db5-g626p,23/01/2025 20:56,5938.7,4.592,15.44,29.73,0,0,311
crud-rest-7c7fd547c9-rs5hs,23/01/2025 20:56,4.3,940.3,15.44,5.95,0,0,94
datainjector-98ccb8f89-wr5hg,23/01/2025 20:56,578,1.144,15.44,7.41,0,0,95
postgres-7b7f6d75f9-q5dvq,23/01/2025 20:56,924.1,93.46,15.44,0.59,0,0,39
redis-65d8857849-9n6lp,23/01/2025 20:56,881.2,2.757,15.44,17.85,0,0,6
analyzer-79d4c78db5-g626p,23/01/2025 20:56,5737.6,4.592,15.44,29.73,0,0,312
crud-rest-7c7fd547c9-rs5hs,23/01/2025 20:56,4.3,940.3,15.44,5.95,0,0,94
datainjector-98ccb8f89-wr5hg,23/01/2025 20:56,24.5,1.144,15.44,7.41,0,0,95
postgres-7b7f6d75f9-q5dvq,23/01/2025 20:56,916,93.46,15.44,0.59,0,0,39
redis-65d8857849-9n6lp,23/01/2025 20:56,833.9,2.757,15.44,17.85,0,0,6
analyzer-79d4c78db5-g626p,23/01/2025 20:56,5498.6,4.595,15.44,29.75,0,0,311
crud-rest-7c7fd547c9-rs5hs,23/01/2025 20:56,4,940.3,15.44,5.95,0,0,94
datainjector-98ccb8f89-wr5hg,23/01/2025 20:56,489.3,1.144,15.44,7.41,0,0,95
postgres-7b7f6d75f9-q5dvq,23/01/2025 20:56,857.8,93.46,15.44,0.59,0,0,39
redis-65d8857849-9n6lp,23/01/2025 20:56,796.7,2.759,15.44,17.86,0,0,6
analyzer-79d4c78db5-g626p,23/01/2025 20:56,5692.9,4.595,15.44,29.75,0,0,310
crud-rest-7c7fd547c9-rs5hs,23/01/2025 20:56,9.7,940.3,15.44,5.95,0,0,94
datainjector-98ccb8f89-wr5hg,23/01/2025 20:56,478.9,1.144,15.44,7.41,0,0,95
postgres-7b7f6d75f9-q5dvq,23/01/2025 20:56,919.7,93.46,15.44,0.59,0,0,39
redis-65d8857849-9n6lp,23/01/2025 20:56,810.6,2.761,15.44,17.88,0,0,6
analyzer-79d4c78db5-g626p,23/01/2025 20:56,6021.7,4.595,15.44,29.75,0,0,310
crud-rest-7c7fd547c9-rs5hs,23/01/2025 20:56,4.9,940.3,15.44,5.95,0,0,94
datainjector-98ccb8f89-wr5hg,23/01/2025 20:56,109.9,1.144,15.44,7.41,0,0,95
postgres-7b7f6d75f9-q5dvq,23/01/2025 20:56,891.1,93.46,15.44,0.59,0,0,39
redis-65d8857849-9n6lp,23/01/2025 20:56,801.2,2.764,15.44,17.9,0,0,6
analyzer-79d4c78db5-g626p,23/01/2025 20:56,4688.4,4.595,15.44,29.75,0,0,309
crud-rest-7c7fd547c9-rs5hs,23/01/2025 20:56,4.1,940.3,15.44,5.95,0,0,94
datainjector-98ccb8f89-wr5hg,23/01/2025 20:56,87.4,1.144,15.44,7.41,0,0,95
postgres-7b7f6d75f9-q5dvq,23/01/2025 20:56,768.9,93.46,15.44,0.59,0,0,39
redis-65d8857849-9n6lp,23/01/2025 20:56,780.4,2.764,15.44,17.89,0,0,6
analyzer-79d4c78db5-g626p,23/01/2025 20:56,5382.2,4.595,15.44,29.75,0,0,309
crud-rest-7c7fd547c9-rs5hs,23/01/2025 20:56,4.4,940.3,15.44,5.95,0,0,94
datainjector-98ccb8f89-wr5hg,23/01/2025 20:56,201.9,1.146,15.44,7.42,0,0,95
postgres-7b7f6d75f9-q5dvq,23/01/2025 20:56,778,93.46,15.44,0.59,0,0,39
redis-65d8857849-9n6lp,23/01/2025 20:56,843.2,2.769,15.44,17.93,0,0,6
analyzer-79d4c78db5-g626p,23/01/2025 20:56,5395.4,4.603,15.44,29.8,0,0,308
crud-rest-7c7fd547c9-rs5hs,23/01/2025 20:56,4.1,940.3,15.44,5.95,0,0,94
datainjector-98ccb8f89-wr5hg,23/01/2025 20:56,455.3,1.146,15.44,7.42,0,0,94
postgres-7b7f6d75f9-q5dvq,23/01/2025 20:56,856.9,93.62,15.44,0.59,0,0,39
redis-65d8857849-9n6lp,23/01/2025 20:56,1729.8,2.814,15.44,18.22,0,0,7
analyzer-79d4c78db5-g626p,23/01/2025 20:56,3798.3,4.603,15.44,29.8,0,0,308
crud-rest-7c7fd547c9-rs5hs,23/01/2025 20:56,5.4,940.2,15.44,5.95,0,0,94
datainjector-98ccb8f89-wr5hg,23/01/2025 20:56,708.4,1.146,15.44,7.42,0,0,94
postgres-7b7f6d75f9-q5dvq,23/01/2025 20:56,656.7,93.46,15.44,0.59,0,0,39
redis-65d8857849-9n6lp,23/01/2025 20:56,1883.3,2.858,15.44,18.51,0,0,7
analyzer-79d4c78db5-g626p,23/01/2025 20:56,4745.2,4.603,15.44,29.8,0,0,307
crud-rest-7c7fd547c9-rs5hs,23/01/2025 20:56,5.6,940.2,15.44,5.95,0,0,94
datainjector-98ccb8f89-wr5hg,23/01/2025 20:56,592.6,1.145,15.44,7.42,0,0,94
postgres-7b7f6d75f9-q5dvq,23/01/2025 20:56,700.5,93.44,15.44,0.59,0,0,39
redis-65d8857849-9n6lp,23/01/2025 20:56,1812.4,2.873,15.44,18.6,0,0,7
analyzer-79d4c78db5-g626p,23/01/2025 20:56,4334.4,4.602,15.44,29.8,0,0,306
crud-rest-7c7fd547c9-rs5hs,23/01/2025 20:56,5,936.8,15.44,5.92,0,0,94
datainjector-98ccb8f89-wr5hg,23/01/2025 20:56,473.1,1.145,15.44,7.41,0,0,94
postgres-7b7f6d75f9-q5dvq,23/01/2025 20:56,704.1,93.22,15.44,0.59,0,0,39
redis-65d8857849-9n6lp,23/01/2025 20:56,1917,2.889,15.44,18.71,0,0,7
analyzer-79d4c78db5-g626p,23/01/2025 20:56,5014.5,4.602,15.44,29.8,0,0,307
crud-rest-7c7fd547c9-rs5hs,23/01/2025 20:56,5.9,936.7,15.44,5.92,0,0,93
datainjector-98ccb8f89-wr5hg,23/01/2025 20:56,375.5,1.145,15.44,7.41,0,0,94
postgres-7b7f6d75f9-q5dvq,23/01/2025 20:56,737.5,93.21,15.44,0.59,0,0,39
redis-65d8857849-9n6lp,23/01/2025 20:57,1793.9,2.905,15.44,18.81,0,0,7
analyzer-79d4c78db5-g626p,23/01/2025 20:57,4401.2,4.606,15.44,29.82,0,0,306
crud-rest-7c7fd547c9-rs5hs,23/01/2025 20:57,9.1,936.7,15.44,5.92,0,0,93
datainjector-98ccb8f89-wr5hg,23/01/2025 20:57,593.9,1.145,15.44,7.41,0,0,94
postgres-7b7f6d75f9-q5dvq,23/01/2025 20:57,727.4,93.53,15.44,0.59,0,0,39
redis-65d8857849-9n6lp,23/01/2025 20:57,1789.5,2.921,15.44,18.91,0,0,7
analyzer-79d4c78db5-g626p,23/01/2025 20:57,5095.8,4.608,15.44,29.84,0,0,305
crud-rest-7c7fd547c9-rs5hs,23/01/2025 20:57,6.4,935.3,15.44,5.91,0,0,93
datainjector-98ccb8f89-wr5hg,23/01/2025 20:57,371.2,1.143,15.44,7.4,0,0,94
postgres-7b7f6d75f9-q5dvq,23/01/2025 20:57,674.1,93.45,15.44,0.59,0,0,39
redis-65d8857849-9n6lp,23/01/2025 20:57,1840.7,2.938,15.44,19.03,0,0,7
analyzer-79d4c78db5-g626p,23/01/2025 20:57,5592.2,4.611,15.44,29.86,0,0,305
crud-rest-7c7fd547c9-rs5hs,23/01/2025 20:57,5,932.6,15.44,5.9,0,0,93
datainjector-98ccb8f89-wr5hg,23/01/2025 20:57,3.7,1.14,15.44,7.38,0,0,96
postgres-7b7f6d75f9-q5dvq,23/01/2025 20:57,707.4,93.3,15.44,0.59,0,0,39
redis-65d8857849-9n6lp,23/01/2025 20:57,1764.5,2.954,15.44,19.13,0,0,7
analyzer-79d4c78db5-g626p,23/01/2025 20:57,5065.6,4.61,15.44,29.85,0,0,306
crud-rest-7c7fd547c9-rs5hs,23/01/2025 20:57,9.8,930.4,15.44,5.88,0,0,93
datainjector-98ccb8f89-wr5hg,23/01/2025 20:57,53.7,1.136,15.44,7.36,0,0,96
postgres-7b7f6d75f9-q5dvq,23/01/2025 20:57,664.3,93.15,15.44,0.59,0,0,39
redis-65d8857849-9n6lp,23/01/2025 20:57,1885.5,2.969,15.44,19.22,0,0,7
analyzer-79d4c78db5-g626p,23/01/2025 20:57,4880.6,4.6,15.44,29.78,0,0,304
crud-rest-7c7fd547c9-rs5hs,23/01/2025 20:57,4.1,929.8,15.44,5.88,0,0,93
datainjector-98ccb8f89-wr5hg,23/01/2025 20:57,667.5,1.135,15.44,7.35,0,0,96
postgres-7b7f6d75f9-q5dvq,23/01/2025 20:57,771.9,93.27,15.44,0.59,0,0,39
redis-65d8857849-9n6lp,23/01/2025 20:57,1764,2.989,15.44,19.35,0,0,7
analyzer-79d4c78db5-g626p,23/01/2025 20:57,4277.5,4.602,15.44,29.8,0,0,304
crud-rest-7c7fd547c9-rs5hs,23/01/2025 20:57,21.1,928.7,15.44,5.87,0,0,95
datainjector-98ccb8f89-wr5hg,23/01/2025 20:57,735.2,1.137,15.44,7.36,0,0,96
postgres-7b7f6d75f9-q5dvq,23/01/2025 20:57,737.2,93.21,15.44,0.59,0,0,39
redis-65d8857849-9n6lp,23/01/2025 20:57,779.6,2.802,15.44,18.14,0,0,6
analyzer-79d4c78db5-g626p,23/01/2025 20:57,5676.9,4.602,15.44,29.8,0,0,305
crud-rest-7c7fd547c9-rs5hs,23/01/2025 20:57,7.3,928.6,15.44,5.87,0,0,95
datainjector-98ccb8f89-wr5hg,23/01/2025 20:57,102.6,1.137,15.44,7.36,0,0,96
postgres-7b7f6d75f9-q5dvq,23/01/2025 20:57,880.9,93.21,15.44,0.59,0,0,39
redis-65d8857849-9n6lp,23/01/2025 20:57,848.4,2.802,15.44,18.14,0,0,6
analyzer-79d4c78db5-g626p,23/01/2025 20:57,5898.3,4.602,15.44,29.8,0,0,304
crud-rest-7c7fd547c9-rs5hs,23/01/2025 20:57,4.9,928.6,15.44,5.87,0,0,95
datainjector-98ccb8f89-wr5hg,23/01/2025 20:57,490.3,1.137,15.44,7.36,0,0,96
postgres-7b7f6d75f9-q5dvq,23/01/2025 20:57,931.2,93.21,15.44,0.59,0,0,39
redis-65d8857849-9n6lp,23/01/2025 20:57,782.8,2.806,15.44,18.17,0,0,6
analyzer-79d4c78db5-g626p,23/01/2025 20:57,6906.6,4.606,15.44,29.82,0,0,302
crud-rest-7c7fd547c9-rs5hs,23/01/2025 20:57,4.9,928.6,15.44,5.87,0,0,95
datainjector-98ccb8f89-wr5hg,23/01/2025 20:57,523.2,1.137,15.44,7.36,0,0,96
postgres-7b7f6d75f9-q5dvq,23/01/2025 20:57,774.6,93.21,15.44,0.59,0,0,39
redis-65d8857849-9n6lp,23/01/2025 20:57,836.3,2.814,15.44,18.22,0,0,6
analyzer-79d4c78db5-g626p,23/01/2025 20:57,5627.2,4.606,15.44,29.82,0,0,303
crud-rest-7c7fd547c9-rs5hs,23/01/2025 20:57,4.4,928.6,15.44,5.87,0,0,95
datainjector-98ccb8f89-wr5hg,23/01/2025 20:57,389.6,1.136,15.44,7.36,0,0,95
postgres-7b7f6d75f9-q5dvq,23/01/2025 20:57,864.8,93.21,15.44,0.59,0,0,39
redis-65d8857849-9n6lp,23/01/2025 20:57,811.9,2.821,15.44,18.26,0,0,6
analyzer-79d4c78db5-g626p,23/01/2025 20:57,5502.7,4.61,15.44,29.85,0,0,302
crud-rest-7c7fd547c9-rs5hs,23/01/2025 20:57,20,928.6,15.44,5.87,0,0,95
datainjector-98ccb8f89-wr5hg,23/01/2025 20:57,163.5,1.136,15.44,7.36,0,0,95
postgres-7b7f6d75f9-q5dvq,23/01/2025 20:57,811.5,93.21,15.44,0.59,0,0,39
redis-65d8857849-9n6lp,23/01/2025 20:57,846.2,2.823,15.44,18.28,0,0,6
analyzer-79d4c78db5-g626p,23/01/2025 20:57,5822.7,4.61,15.44,29.85,0,0,301
crud-rest-7c7fd547c9-rs5hs,23/01/2025 20:57,4.1,928.6,15.44,5.87,0,0,95
datainjector-98ccb8f89-wr5hg,23/01/2025 20:57,535.1,1.136,15.44,7.36,0,0,95
postgres-7b7f6d75f9-q5dvq,23/01/2025 20:57,766.3,93.21,15.44,0.59,0,0,39
redis-65d8857849-9n6lp,23/01/2025 20:57,856.5,2.83,15.44,18.32,0,0,6
analyzer-79d4c78db5-g626p,23/01/2025 20:57,5887.4,4.61,15.44,29.85,0,0,298
crud-rest-7c7fd547c9-rs5hs,23/01/2025 20:57,8.7,928.6,15.44,5.87,0,0,94
datainjector-98ccb8f89-wr5hg,23/01/2025 20:57,386.5,1.136,15.44,7.36,0,0,95
postgres-7b7f6d75f9-q5dvq,23/01/2025 20:57,924.6,93.21,15.44,0.59,0,0,39
redis-65d8857849-9n6lp,23/01/2025 20:57,879.2,2.826,15.44,18.3,0,0,6
analyzer-79d4c78db5-g626p,23/01/2025 20:57,6090.2,4.61,15.44,29.85,0,0,301
crud-rest-7c7fd547c9-rs5hs,23/01/2025 20:57,6.5,928.6,15.44,5.87,0,0,94
datainjector-98ccb8f89-wr5hg,23/01/2025 20:57,263.8,1.137,15.44,7.36,0,0,95
postgres-7b7f6d75f9-q5dvq,23/01/2025 20:57,742,93.21,15.44,0.59,0,0,39
redis-65d8857849-9n6lp,23/01/2025 20:58,868.5,2.832,15.44,18.34,0,0,6
analyzer-79d4c78db5-g626p,23/01/2025 20:58,5950.3,4.61,15.44,29.85,0,0,300
crud-rest-7c7fd547c9-rs5hs,23/01/2025 20:58,4.5,928.6,15.44,5.87,0,0,94
datainjector-98ccb8f89-wr5hg,23/01/2025 20:58,359.4,1.136,15.44,7.36,0,0,95
postgres-7b7f6d75f9-q5dvq,23/01/2025 20:58,889.4,93.21,15.44,0.59,0,0,39
redis-65d8857849-9n6lp,23/01/2025 20:58,846.2,2.838,15.44,18.37,0,0,6
analyzer-79d4c78db5-g626p,23/01/2025 20:58,5841.2,4.61,15.44,29.85,0,0,299
crud-rest-7c7fd547c9-rs5hs,23/01/2025 20:58,9.1,928.6,15.44,5.87,0,0,94
datainjector-98ccb8f89-wr5hg,23/01/2025 20:58,667,1.136,15.44,7.36,0,0,95
postgres-7b7f6d75f9-q5dvq,23/01/2025 20:58,888.8,93.21,15.44,0.59,0,0,39
redis-65d8857849-9n6lp,23/01/2025 20:58,830.1,2.83,15.44,18.33,0,0,6
analyzer-79d4c78db5-g626p,23/01/2025 20:58,6205.2,4.613,15.44,29.87,0,0,298
crud-rest-7c7fd547c9-rs5hs,23/01/2025 20:58,4.2,928.6,15.44,5.87,0,0,94
datainjector-98ccb8f89-wr5hg,23/01/2025 20:58,188.5,1.137,15.44,7.36,0,0,96
postgres-7b7f6d75f9-q5dvq,23/01/2025 20:58,1011.7,93.21,15.44,0.59,0,0,39
redis-65d8857849-9n6lp,23/01/2025 20:58,890.9,2.823,15.44,18.28,0,0,6
analyzer-79d4c78db5-g626p,23/01/2025 20:58,4941.6,4.613,15.44,29.87,0,0,297
crud-rest-7c7fd547c9-rs5hs,23/01/2025 20:58,5.4,928.6,15.44,5.87,0,0,94
datainjector-98ccb8f89-wr5hg,23/01/2025 20:58,296.9,1.137,15.44,7.36,0,0,96
postgres-7b7f6d75f9-q5dvq,23/01/2025 20:58,829.5,93.21,15.44,0.59,0,0,39
redis-65d8857849-9n6lp,23/01/2025 20:58,801.6,2.818,15.44,18.24,0,0,6
analyzer-79d4c78db5-g626p,23/01/2025 20:58,4613.4,4.621,15.44,29.92,0,0,296
crud-rest-7c7fd547c9-rs5hs,23/01/2025 20:58,6,928.6,15.44,5.87,0,0,94
datainjector-98ccb8f89-wr5hg,23/01/2025 20:58,671.1,1.137,15.44,7.36,0,0,96
postgres-7b7f6d75f9-q5dvq,23/01/2025 20:58,767.2,93.21,15.44,0.59,0,0,39
redis-65d8857849-9n6lp,23/01/2025 20:58,800.7,2.795,15.44,18.1,0,0,6
analyzer-79d4c78db5-g626p,23/01/2025 20:58,5316.4,4.621,15.44,29.92,0,0,294
crud-rest-7c7fd547c9-rs5hs,23/01/2025 20:58,5.9,928.6,15.44,5.87,0,0,95
datainjector-98ccb8f89-wr5hg,23/01/2025 20:58,461.4,1.137,15.44,7.36,0,0,96
postgres-7b7f6d75f9-q5dvq,23/01/2025 20:58,808.2,93.21,15.44,0.59,0,0,39
redis-65d8857849-9n6lp,23/01/2025 20:58,1900.1,2.862,15.44,18.53,0,0,7
analyzer-79d4c78db5-g626p,23/01/2025 20:58,5446.5,4.621,15.44,29.92,0,0,293
crud-rest-7c7fd547c9-rs5hs,23/01/2025 20:58,4.7,928.6,15.44,5.87,0,0,95
datainjector-98ccb8f89-wr5hg,23/01/2025 20:58,113.7,1.137,15.44,7.36,0,0,96
postgres-7b7f6d75f9-q5dvq,23/01/2025 20:58,787.2,93.21,15.44,0.59,0,0,39
redis-65d8857849-9n6lp,23/01/2025 20:58,1854.7,2.9,15.44,18.78,0,0,7
analyzer-79d4c78db5-g626p,23/01/2025 20:58,4914.1,4.621,15.44,29.92,0,0,293
crud-rest-7c7fd547c9-rs5hs,23/01/2025 20:58,4.4,928.6,15.44,5.87,0,0,95
datainjector-98ccb8f89-wr5hg,23/01/2025 20:58,547.6,1.137,15.44,7.36,0,0,96
postgres-7b7f6d75f9-q5dvq,23/01/2025 20:58,797.1,93.21,15.44,0.59,0,0,39
redis-65d8857849-9n6lp,23/01/2025 20:58,1836.9,2.917,15.44,18.89,0,0,7
analyzer-79d4c78db5-g626p,23/01/2025 20:58,4397.8,4.625,15.44,29.95,0,0,292
crud-rest-7c7fd547c9-rs5hs,23/01/2025 20:58,6.9,928.6,15.44,5.87,0,0,95
datainjector-98ccb8f89-wr5hg,23/01/2025 20:58,729.8,1.137,15.44,7.36,0,0,96
postgres-7b7f6d75f9-q5dvq,23/01/2025 20:58,746.7,92.65,15.44,0.59,0,0,39
redis-65d8857849-9n6lp,23/01/2025 20:58,1823.4,2.941,15.44,19.04,0,0,7
analyzer-79d4c78db5-g626p,23/01/2025 20:58,5610.2,4.625,15.44,29.95,0,0,293
crud-rest-7c7fd547c9-rs5hs,23/01/2025 20:58,4.4,928.6,15.44,5.87,0,0,95
datainjector-98ccb8f89-wr5hg,23/01/2025 20:58,154.5,1.137,15.44,7.36,0,0,95
postgres-7b7f6d75f9-q5dvq,23/01/2025 20:58,832.3,92.67,15.44,0.59,0,0,39
redis-65d8857849-9n6lp,23/01/2025 20:58,1820.1,2.952,15.44,19.11,0,0,7
analyzer-79d4c78db5-g626p,23/01/2025 20:58,5628.6,4.624,15.44,29.94,0,0,291
crud-rest-7c7fd547c9-rs5hs,23/01/2025 20:58,5.6,928.4,15.44,5.87,0,0,95
datainjector-98ccb8f89-wr5hg,23/01/2025 20:58,95.2,1.136,15.44,7.35,0,0,95
postgres-7b7f6d75f9-q5dvq,23/01/2025 20:58,853.7,92.27,15.44,0.58,0,0,39
redis-65d8857849-9n6lp,23/01/2025 20:58,1733,2.97,15.44,19.23,0,0,7
analyzer-79d4c78db5-g626p,23/01/2025 20:58,5047.8,4.624,15.44,29.94,0,0,293
crud-rest-7c7fd547c9-rs5hs,23/01/2025 20:58,5.9,928.2,15.44,5.87,0,0,95
datainjector-98ccb8f89-wr5hg,23/01/2025 20:58,93.6,1.135,15.44,7.35,0,0,95
postgres-7b7f6d75f9-q5dvq,23/01/2025 20:58,737.6,91.55,15.44,0.58,0,0,39
redis-65d8857849-9n6lp,23/01/2025 20:58,1788.5,2.986,15.44,19.33,0,0,7
analyzer-79d4c78db5-g626p,23/01/2025 20:58,4904.5,4.624,15.44,29.94,0,0,291
crud-rest-7c7fd547c9-rs5hs,23/01/2025 20:58,5.3,927.9,15.44,5.87,0,0,94
datainjector-98ccb8f89-wr5hg,23/01/2025 20:58,501.2,1.135,15.44,7.35,0,0,95
postgres-7b7f6d75f9-q5dvq,23/01/2025 20:58,759.9,91.14,15.44,0.58,0,0,39
redis-65d8857849-9n6lp,23/01/2025 20:59,1767.7,3,15.44,19.43,0,0,7
analyzer-79d4c78db5-g626p,23/01/2025 20:59,4289,4.623,15.44,29.93,0,0,292
crud-rest-7c7fd547c9-rs5hs,23/01/2025 20:59,12.1,927.5,15.44,5.86,0,0,96
datainjector-98ccb8f89-wr5hg,23/01/2025 20:59,759.4,1.133,15.44,7.34,0,0,95
postgres-7b7f6d75f9-q5dvq,23/01/2025 20:59,774.8,90.76,15.44,0.57,0,0,39
redis-65d8857849-9n6lp,23/01/2025 20:59,1760.8,3.021,15.44,19.56,0,0,7
analyzer-79d4c78db5-g626p,23/01/2025 20:59,4455.2,4.623,15.44,29.93,0,0,291
crud-rest-7c7fd547c9-rs5hs,23/01/2025 20:59,3.7,926.8,15.44,5.86,0,0,96
datainjector-98ccb8f89-wr5hg,23/01/2025 20:59,552.4,1.133,15.44,7.33,0,0,95
postgres-7b7f6d75f9-q5dvq,23/01/2025 20:59,771.4,90.99,15.44,0.58,0,0,39
redis-65d8857849-9n6lp,23/01/2025 20:59,1907.6,3.025,15.44,19.58,0,0,7
analyzer-79d4c78db5-g626p,23/01/2025 20:59,5151,4.621,15.44,29.92,0,0,291
crud-rest-7c7fd547c9-rs5hs,23/01/2025 20:59,4.1,923.6,15.44,5.84,0,0,94
datainjector-98ccb8f89-wr5hg,23/01/2025 20:59,325,1.13,15.44,7.31,0,0,95
postgres-7b7f6d75f9-q5dvq,23/01/2025 20:59,771.2,92.06,15.44,0.58,0,0,39
redis-65d8857849-9n6lp,23/01/2025 20:59,849.7,2.789,15.44,18.06,0,0,6
analyzer-79d4c78db5-g626p,23/01/2025 20:59,6186.1,4.623,15.44,29.93,0,0,291
crud-rest-7c7fd547c9-rs5hs,23/01/2025 20:59,9.6,923.6,15.44,5.84,0,0,94
datainjector-98ccb8f89-wr5hg,23/01/2025 20:59,14.9,1.13,15.44,7.31,0,0,95
postgres-7b7f6d75f9-q5dvq,23/01/2025 20:59,932.6,91.8,15.44,0.58,0,0,39
redis-65d8857849-9n6lp,23/01/2025 20:59,847.2,2.785,15.44,18.03,0,0,6
analyzer-79d4c78db5-g626p,23/01/2025 20:59,5896.2,4.623,15.44,29.93,0,0,290
crud-rest-7c7fd547c9-rs5hs,23/01/2025 20:59,4.9,923.6,15.44,5.84,0,0,94
datainjector-98ccb8f89-wr5hg,23/01/2025 20:59,495.2,1.13,15.44,7.31,0,0,95
postgres-7b7f6d75f9-q5dvq,23/01/2025 20:59,962,91.83,15.44,0.58,0,0,39
redis-65d8857849-9n6lp,23/01/2025 20:59,850.7,2.795,15.44,18.09,0,0,6
analyzer-79d4c78db5-g626p,23/01/2025 20:59,5986,4.623,15.44,29.93,0,0,290
crud-rest-7c7fd547c9-rs5hs,23/01/2025 20:59,3.8,923.6,15.44,5.84,0,0,94
datainjector-98ccb8f89-wr5hg,23/01/2025 20:59,623.8,1.13,15.44,7.31,0,0,95
postgres-7b7f6d75f9-q5dvq,23/01/2025 20:59,928.1,91.85,15.44,0.58,0,0,39
redis-65d8857849-9n6lp,23/01/2025 20:59,937.1,2.796,15.44,18.1,0,0,6
analyzer-79d4c78db5-g626p,23/01/2025 20:59,5931.8,4.622,15.44,29.93,0,0,289
crud-rest-7c7fd547c9-rs5hs,23/01/2025 20:59,5.9,923.7,15.44,5.84,0,0,95
datainjector-98ccb8f89-wr5hg,23/01/2025 20:59,523.9,1.13,15.44,7.31,0,0,95
postgres-7b7f6d75f9-q5dvq,23/01/2025 20:59,952.3,92.35,15.44,0.58,0,0,39
redis-65d8857849-9n6lp,23/01/2025 20:59,764.9,2.797,15.44,18.11,0,0,6
analyzer-79d4c78db5-g626p,23/01/2025 20:59,4876.2,4.622,15.44,29.93,0,0,288
crud-rest-7c7fd547c9-rs5hs,23/01/2025 20:59,11.5,923.7,15.44,5.84,0,0,95
datainjector-98ccb8f89-wr5hg,23/01/2025 20:59,705,1.13,15.44,7.31,0,0,95
postgres-7b7f6d75f9-q5dvq,23/01/2025 20:59,824,92.36,15.44,0.58,0,0,39
redis-65d8857849-9n6lp,23/01/2025 20:59,905.7,2.803,15.44,18.15,0,0,6
analyzer-79d4c78db5-g626p,23/01/2025 20:59,5634.7,4.622,15.44,29.93,0,0,288
crud-rest-7c7fd547c9-rs5hs,23/01/2025 20:59,5.5,923.7,15.44,5.84,0,0,95
datainjector-98ccb8f89-wr5hg,23/01/2025 20:59,546.2,1.13,15.44,7.31,0,0,95
postgres-7b7f6d75f9-q5dvq,23/01/2025 20:59,780.7,92.4,15.44,0.58,0,0,39
redis-65d8857849-9n6lp,23/01/2025 20:59,854,2.808,15.44,18.18,0,0,6
analyzer-79d4c78db5-g626p,23/01/2025 20:59,5609.3,4.622,15.44,29.93,0,0,287
crud-rest-7c7fd547c9-rs5hs,23/01/2025 20:59,5.1,923.7,15.44,5.84,0,0,95
datainjector-98ccb8f89-wr5hg,23/01/2025 20:59,614,1.13,15.44,7.31,0,0,94
postgres-7b7f6d75f9-q5dvq,23/01/2025 20:59,811.5,92.52,15.44,0.59,0,0,39
redis-65d8857849-9n6lp,23/01/2025 20:59,838.8,2.813,15.44,18.21,0,0,6
analyzer-79d4c78db5-g626p,23/01/2025 20:59,5792.1,4.622,15.44,29.93,0,0,286
crud-rest-7c7fd547c9-rs5hs,23/01/2025 20:59,3.9,923.7,15.44,5.84,0,0,95
datainjector-98ccb8f89-wr5hg,23/01/2025 20:59,548.4,1.13,15.44,7.31,0,0,94
postgres-7b7f6d75f9-q5dvq,23/01/2025 20:59,929.3,92.52,15.44,0.59,0,0,39
redis-65d8857849-9n6lp,23/01/2025 20:59,863.5,2.817,15.44,18.24,0,0,6
analyzer-79d4c78db5-g626p,23/01/2025 20:59,6394.8,4.622,15.44,29.93,0,0,285
crud-rest-7c7fd547c9-rs5hs,23/01/2025 20:59,4,923.7,15.44,5.84,0,0,95
datainjector-98ccb8f89-wr5hg,23/01/2025 20:59,118.7,1.13,15.44,7.31,0,0,94
postgres-7b7f6d75f9-q5dvq,23/01/2025 20:59,1005.9,92.62,15.44,0.59,0,0,39
redis-65d8857849-9n6lp,23/01/2025 20:59,898,2.82,15.44,18.26,0,0,6
analyzer-79d4c78db5-g626p,23/01/2025 20:59,5930.2,4.622,15.44,29.92,0,0,281
crud-rest-7c7fd547c9-rs5hs,23/01/2025 20:59,3.9,923.7,15.44,5.84,0,0,95
datainjector-98ccb8f89-wr5hg,23/01/2025 20:59,560.9,1.13,15.44,7.31,0,0,94
postgres-7b7f6d75f9-q5dvq,23/01/2025 20:59,1002.7,92.95,15.44,0.59,0,0,39
redis-65d8857849-9n6lp,23/01/2025 20:59,825,2.822,15.44,18.27,0,0,6
analyzer-79d4c78db5-g626p,23/01/2025 20:59,5627.5,4.622,15.44,29.92,0,0,280
crud-rest-7c7fd547c9-rs5hs,23/01/2025 20:59,7.1,923.6,15.44,5.84,0,0,94
datainjector-98ccb8f89-wr5hg,23/01/2025 20:59,103,1.13,15.44,7.31,0,0,94
postgres-7b7f6d75f9-q5dvq,23/01/2025 20:59,820.3,92.96,15.44,0.59,0,0,39
redis-65d8857849-9n6lp,23/01/2025 21:00,890.3,2.827,15.44,18.31,0,0,6
analyzer-79d4c78db5-g626p,23/01/2025 21:00,5643.4,4.622,15.44,29.92,0,0,280
crud-rest-7c7fd547c9-rs5hs,23/01/2025 21:00,5.1,923.6,15.44,5.84,0,0,94
datainjector-98ccb8f89-wr5hg,23/01/2025 21:00,126.4,1.13,15.44,7.32,0,0,94
postgres-7b7f6d75f9-q5dvq,23/01/2025 21:00,795.9,92.96,15.44,0.59,0,0,39
redis-65d8857849-9n6lp,23/01/2025 21:00,900.2,2.837,15.44,18.37,0,0,6
analyzer-79d4c78db5-g626p,23/01/2025 21:00,5735.8,4.622,15.44,29.92,0,0,278
crud-rest-7c7fd547c9-rs5hs,23/01/2025 21:00,4.7,923.6,15.44,5.84,0,0,94
datainjector-98ccb8f89-wr5hg,23/01/2025 21:00,540.5,1.13,15.44,7.31,0,0,94
postgres-7b7f6d75f9-q5dvq,23/01/2025 21:00,918,92.97,15.44,0.59,0,0,39
redis-65d8857849-9n6lp,23/01/2025 21:00,1723.1,2.881,15.44,18.65,0,0,7
analyzer-79d4c78db5-g626p,23/01/2025 21:00,3716.9,4.621,15.44,29.92,0,0,276
crud-rest-7c7fd547c9-rs5hs,23/01/2025 21:00,6.4,923.6,15.44,5.84,0,0,94
datainjector-98ccb8f89-wr5hg,23/01/2025 21:00,515.7,1.13,15.44,7.32,0,0,96
postgres-7b7f6d75f9-q5dvq,23/01/2025 21:00,607,92.97,15.44,0.59,0,0,39
redis-65d8857849-9n6lp,23/01/2025 21:00,1821.4,2.918,15.44,18.89,0,0,7
analyzer-79d4c78db5-g626p,23/01/2025 21:00,4529.4,4.621,15.44,29.92,0,0,275
crud-rest-7c7fd547c9-rs5hs,23/01/2025 21:00,6.5,923.6,15.44,5.84,0,0,94
datainjector-98ccb8f89-wr5hg,23/01/2025 21:00,458.9,1.13,15.44,7.32,0,0,96
postgres-7b7f6d75f9-q5dvq,23/01/2025 21:00,695.5,92.98,15.44,0.59,0,0,39
redis-65d8857849-9n6lp,23/01/2025 21:00,1852.9,2.939,15.44,19.03,0,0,7
analyzer-79d4c78db5-g626p,23/01/2025 21:00,5082.6,4.621,15.44,29.92,0,0,276
crud-rest-7c7fd547c9-rs5hs,23/01/2025 21:00,10.9,923.6,15.44,5.84,0,0,94
datainjector-98ccb8f89-wr5hg,23/01/2025 21:00,10.3,1.13,15.44,7.32,0,0,96
postgres-7b7f6d75f9-q5dvq,23/01/2025 21:00,675.2,93.25,15.44,0.59,0,0,39
redis-65d8857849-9n6lp,23/01/2025 21:00,1824.4,2.958,15.44,19.15,0,0,7
analyzer-79d4c78db5-g626p,23/01/2025 21:00,4889.8,4.621,15.44,29.92,0,0,278
crud-rest-7c7fd547c9-rs5hs,23/01/2025 21:00,11.8,923.6,15.44,5.84,0,0,94
datainjector-98ccb8f89-wr5hg,23/01/2025 21:00,255.5,1.13,15.44,7.32,0,0,96
postgres-7b7f6d75f9-q5dvq,23/01/2025 21:00,721.8,92.98,15.44,0.59,0,0,39
redis-65d8857849-9n6lp,23/01/2025 21:00,1837.5,2.977,15.44,19.27,0,0,7
analyzer-79d4c78db5-g626p,23/01/2025 21:00,5572,4.621,15.44,29.92,0,0,276
crud-rest-7c7fd547c9-rs5hs,23/01/2025 21:00,3.8,923.6,15.44,5.84,0,0,94
datainjector-98ccb8f89-wr5hg,23/01/2025 21:00,225.6,1.13,15.44,7.32,0,0,96
postgres-7b7f6d75f9-q5dvq,23/01/2025 21:00,882.4,92.98,15.44,0.59,0,0,39
redis-65d8857849-9n6lp,23/01/2025 21:00,1836.7,2.991,15.44,19.36,0,0,7
analyzer-79d4c78db5-g626p,23/01/2025 21:00,4662,4.621,15.44,29.92,0,0,275
crud-rest-7c7fd547c9-rs5hs,23/01/2025 21:00,3.9,923.6,15.44,5.84,0,0,94
datainjector-98ccb8f89-wr5hg,23/01/2025 21:00,345.1,1.13,15.44,7.32,0,0,96
postgres-7b7f6d75f9-q5dvq,23/01/2025 21:00,786.7,92.98,15.44,0.59,0,0,39
redis-65d8857849-9n6lp,23/01/2025 21:00,1907.6,3.008,15.44,19.48,0,0,7
analyzer-79d4c78db5-g626p,23/01/2025 21:00,4741.2,4.621,15.44,29.92,0,0,276
crud-rest-7c7fd547c9-rs5hs,23/01/2025 21:00,4.7,923.6,15.44,5.84,0,0,94
datainjector-98ccb8f89-wr5hg,23/01/2025 21:00,594.9,1.13,15.44,7.32,0,0,95
postgres-7b7f6d75f9-q5dvq,23/01/2025 21:00,759.1,92.98,15.44,0.59,0,0,39
redis-65d8857849-9n6lp,23/01/2025 21:00,1848.2,3.034,15.44,19.64,0,0,7
analyzer-79d4c78db5-g626p,23/01/2025 21:00,4615.8,4.621,15.44,29.92,0,0,275
crud-rest-7c7fd547c9-rs5hs,23/01/2025 21:00,8.7,923.6,15.44,5.84,0,0,94
datainjector-98ccb8f89-wr5hg,23/01/2025 21:00,622.6,1.13,15.44,7.32,0,0,95
postgres-7b7f6d75f9-q5dvq,23/01/2025 21:00,757.3,92.98,15.44,0.59,0,0,39
redis-65d8857849-9n6lp,23/01/2025 21:00,1795.3,3.05,15.44,19.75,0,0,7
analyzer-79d4c78db5-g626p,23/01/2025 21:00,4841.2,4.621,15.44,29.92,0,0,275
crud-rest-7c7fd547c9-rs5hs,23/01/2025 21:00,3.9,923.5,15.44,5.84,0,0,94
datainjector-98ccb8f89-wr5hg,23/01/2025 21:00,632.8,1.13,15.44,7.31,0,0,95
postgres-7b7f6d75f9-q5dvq,23/01/2025 21:00,781.4,92.96,15.44,0.59,0,0,39
redis-65d8857849-9n6lp,23/01/2025 21:00,1691.8,3.068,15.44,19.86,0,0,7
analyzer-79d4c78db5-g626p,23/01/2025 21:00,4340.4,4.621,15.44,29.92,0,0,273
crud-rest-7c7fd547c9-rs5hs,23/01/2025 21:00,4.4,923.5,15.44,5.84,0,0,94
datainjector-98ccb8f89-wr5hg,23/01/2025 21:00,526.4,1.13,15.44,7.31,0,0,95
postgres-7b7f6d75f9-q5dvq,23/01/2025 21:00,674,92.96,15.44,0.59,0,0,39
redis-65d8857849-9n6lp,23/01/2025 21:00,885.8,2.866,15.44,18.56,0,0,6
analyzer-79d4c78db5-g626p,23/01/2025 21:00,4748.3,4.62,15.44,29.92,0,0,272
crud-rest-7c7fd547c9-rs5hs,23/01/2025 21:00,5.5,923.3,15.44,5.84,0,0,93
datainjector-98ccb8f89-wr5hg,23/01/2025 21:00,32.4,1.129,15.44,7.31,0,0,95
postgres-7b7f6d75f9-q5dvq,23/01/2025 21:00,837.7,92.92,15.44,0.59,0,0,39
redis-65d8857849-9n6lp,23/01/2025 21:01,817.6,2.868,15.44,18.57,0,0,6
analyzer-79d4c78db5-g626p,23/01/2025 21:01,6076.3,4.62,15.44,29.92,0,0,272
crud-rest-7c7fd547c9-rs5hs,23/01/2025 21:01,5.2,923.3,15.44,5.84,0,0,93
datainjector-98ccb8f89-wr5hg,23/01/2025 21:01,577.2,1.129,15.44,7.31,0,0,95
postgres-7b7f6d75f9-q5dvq,23/01/2025 21:01,848.5,92.92,15.44,0.59,0,0,39
redis-65d8857849-9n6lp,23/01/2025 21:01,946.9,2.875,15.44,18.61,0,0,6
analyzer-79d4c78db5-g626p,23/01/2025 21:01,5652.2,4.613,15.44,29.87,0,0,271
crud-rest-7c7fd547c9-rs5hs,23/01/2025 21:01,7.6,923.3,15.44,5.84,0,0,93
datainjector-98ccb8f89-wr5hg,23/01/2025 21:01,558.6,1.129,15.44,7.31,0,0,95
postgres-7b7f6d75f9-q5dvq,23/01/2025 21:01,975.4,92.99,15.44,0.59,0,0,39
redis-65d8857849-9n6lp,23/01/2025 21:01,862.2,2.881,15.44,18.65,0,0,6
analyzer-79d4c78db5-g626p,23/01/2025 21:01,5605.2,4.613,15.44,29.86,0,0,271
crud-rest-7c7fd547c9-rs5hs,23/01/2025 21:01,4.4,923.3,15.44,5.84,0,0,93
datainjector-98ccb8f89-wr5hg,23/01/2025 21:01,342.3,1.129,15.44,7.31,0,0,96
postgres-7b7f6d75f9-q5dvq,23/01/2025 21:01,845.5,93.32,15.44,0.59,0,0,39
redis-65d8857849-9n6lp,23/01/2025 21:01,878.6,2.877,15.44,18.63,0,0,6
analyzer-79d4c78db5-g626p,23/01/2025 21:01,6384.9,4.607,15.44,29.83,0,0,271
crud-rest-7c7fd547c9-rs5hs,23/01/2025 21:01,4.9,923.3,15.44,5.84,0,0,93
datainjector-98ccb8f89-wr5hg,23/01/2025 21:01,322.2,1.129,15.44,7.31,0,0,96
postgres-7b7f6d75f9-q5dvq,23/01/2025 21:01,1013.7,93.32,15.44,0.59,0,0,39
redis-65d8857849-9n6lp,23/01/2025 21:01,884.6,2.891,15.44,18.72,0,0,6
analyzer-79d4c78db5-g626p,23/01/2025 21:01,5743.9,4.606,15.44,29.83,0,0,268
crud-rest-7c7fd547c9-rs5hs,23/01/2025 21:01,5.9,923.3,15.44,5.84,0,0,93
datainjector-98ccb8f89-wr5hg,23/01/2025 21:01,558.8,1.129,15.44,7.31,0,0,96
postgres-7b7f6d75f9-q5dvq,23/01/2025 21:01,958.7,93.32,15.44,0.59,0,0,39
redis-65d8857849-9n6lp,23/01/2025 21:01,781.9,2.884,15.44,18.67,0,0,6
analyzer-79d4c78db5-g626p,23/01/2025 21:01,5039.8,4.599,15.44,29.77,0,0,268
crud-rest-7c7fd547c9-rs5hs,23/01/2025 21:01,3.9,923.3,15.44,5.84,0,0,93
datainjector-98ccb8f89-wr5hg,23/01/2025 21:01,49.2,1.129,15.44,7.31,0,0,96
postgres-7b7f6d75f9-q5dvq,23/01/2025 21:01,618.8,93.34,15.44,0.59,0,0,39
redis-65d8857849-9n6lp,23/01/2025 21:01,874.3,2.896,15.44,18.75,0,0,6
analyzer-79d4c78db5-g626p,23/01/2025 21:01,5224.9,4.606,15.44,29.82,0,0,266
crud-rest-7c7fd547c9-rs5hs,23/01/2025 21:01,4,923.5,15.44,5.84,0,0,95
datainjector-98ccb8f89-wr5hg,23/01/2025 21:01,526.2,1.129,15.44,7.31,0,0,96
postgres-7b7f6d75f9-q5dvq,23/01/2025 21:01,870,93.33,15.44,0.59,0,0,39
redis-65d8857849-9n6lp,23/01/2025 21:01,860.3,2.89,15.44,18.71,0,0,6
analyzer-79d4c78db5-g626p,23/01/2025 21:01,5540.3,4.606,15.44,29.82,0,0,266
crud-rest-7c7fd547c9-rs5hs,23/01/2025 21:01,4.1,923.5,15.44,5.84,0,0,95
datainjector-98ccb8f89-wr5hg,23/01/2025 21:01,210.2,1.129,15.44,7.31,0,0,96
postgres-7b7f6d75f9-q5dvq,23/01/2025 21:01,882.2,93.33,15.44,0.59,0,0,39
redis-65d8857849-9n6lp,23/01/2025 21:01,798.5,2.897,15.44,18.76,0,0,6
analyzer-79d4c78db5-g626p,23/01/2025 21:01,5982.3,4.606,15.44,29.82,0,0,264
crud-rest-7c7fd547c9-rs5hs,23/01/2025 21:01,6,923.5,15.44,5.84,0,0,95
datainjector-98ccb8f89-wr5hg,23/01/2025 21:01,48.2,1.129,15.44,7.31,0,0,96
postgres-7b7f6d75f9-q5dvq,23/01/2025 21:01,966.7,93.34,15.44,0.59,0,0,39
redis-65d8857849-9n6lp,23/01/2025 21:01,916.7,2.898,15.44,18.77,0,0,6
analyzer-79d4c78db5-g626p,23/01/2025 21:01,5759.1,4.606,15.44,29.82,0,0,263
crud-rest-7c7fd547c9-rs5hs,23/01/2025 21:01,7.6,923.5,15.44,5.84,0,0,95
datainjector-98ccb8f89-wr5hg,23/01/2025 21:01,351.1,1.129,15.44,7.31,0,0,95
postgres-7b7f6d75f9-q5dvq,23/01/2025 21:01,852.3,93.34,15.44,0.59,0,0,39
redis-65d8857849-9n6lp,23/01/2025 21:01,871.9,2.909,15.44,18.84,0,0,6
analyzer-79d4c78db5-g626p,23/01/2025 21:01,5323.9,4.606,15.44,29.82,0,0,262
crud-rest-7c7fd547c9-rs5hs,23/01/2025 21:01,7.7,923.5,15.44,5.84,0,0,95
datainjector-98ccb8f89-wr5hg,23/01/2025 21:01,446.6,1.129,15.44,7.31,0,0,95
postgres-7b7f6d75f9-q5dvq,23/01/2025 21:01,803.5,93.34,15.44,0.59,0,0,39
redis-65d8857849-9n6lp,23/01/2025 21:01,832.1,2.908,15.44,18.83,0,0,6
analyzer-79d4c78db5-g626p,23/01/2025 21:01,6179.2,4.419,15.44,28.61,0,0,260
crud-rest-7c7fd547c9-rs5hs,23/01/2025 21:01,3.9,923.5,15.44,5.84,0,0,95
datainjector-98ccb8f89-wr5hg,23/01/2025 21:01,173.7,1.129,15.44,7.31,0,0,95
postgres-7b7f6d75f9-q5dvq,23/01/2025 21:01,933.5,93.34,15.44,0.59,0,0,39
redis-65d8857849-9n6lp,23/01/2025 21:01,824.1,2.921,15.44,18.91,0,0,6
analyzer-79d4c78db5-g626p,23/01/2025 21:01,5310.1,4.419,15.44,28.61,0,0,259
crud-rest-7c7fd547c9-rs5hs,23/01/2025 21:01,4.9,923.5,15.44,5.84,0,0,95
datainjector-98ccb8f89-wr5hg,23/01/2025 21:01,410.1,1.129,15.44,7.31,0,0,95
postgres-7b7f6d75f9-q5dvq,23/01/2025 21:01,836.4,93.34,15.44,0.59,0,0,39
redis-65d8857849-9n6lp,23/01/2025 21:01,1892.2,2.984,15.44,19.32,0,0,7
analyzer-79d4c78db5-g626p,23/01/2025 21:01,5311.5,4.419,15.44,28.61,0,0,261
crud-rest-7c7fd547c9-rs5hs,23/01/2025 21:01,5.4,923.4,15.44,5.84,0,0,94
datainjector-98ccb8f89-wr5hg,23/01/2025 21:01,542.3,1.129,15.44,7.31,0,0,95
postgres-7b7f6d75f9-q5dvq,23/01/2025 21:01,777.9,93.34,15.44,0.59,0,0,39
redis-65d8857849-9n6lp,23/01/2025 21:02,1751.8,3.001,15.44,19.43,0,0,7
analyzer-79d4c78db5-g626p,23/01/2025 21:02,4938.3,4.419,15.44,28.61,0,0,262
crud-rest-7c7fd547c9-rs5hs,23/01/2025 21:02,4.1,923.4,15.44,5.84,0,0,94
datainjector-98ccb8f89-wr5hg,23/01/2025 21:02,460.8,1.129,15.44,7.31,0,0,95
postgres-7b7f6d75f9-q5dvq,23/01/2025 21:02,768.7,93.34,15.44,0.59,0,0,39
redis-65d8857849-9n6lp,23/01/2025 21:02,1782.2,3.031,15.44,19.62,0,0,7
analyzer-79d4c78db5-g626p,23/01/2025 21:02,5139.6,4.419,15.44,28.61,0,0,261
crud-rest-7c7fd547c9-rs5hs,23/01/2025 21:02,12.5,923.4,15.44,5.84,0,0,94
datainjector-98ccb8f89-wr5hg,23/01/2025 21:02,6.6,1.129,15.44,7.31,0,0,95
postgres-7b7f6d75f9-q5dvq,23/01/2025 21:02,704.8,93.34,15.44,0.59,0,0,39
redis-65d8857849-9n6lp,23/01/2025 21:02,1804.1,3.046,15.44,19.72,0,0,7
analyzer-79d4c78db5-g626p,23/01/2025 21:02,5161.9,4.419,15.44,28.61,0,0,261
crud-rest-7c7fd547c9-rs5hs,23/01/2025 21:02,7.6,923.4,15.44,5.84,0,0,94
datainjector-98ccb8f89-wr5hg,23/01/2025 21:02,360.3,1.129,15.44,7.31,0,0,96
postgres-7b7f6d75f9-q5dvq,23/01/2025 21:02,873.5,93.34,15.44,0.59,0,0,39
redis-65d8857849-9n6lp,23/01/2025 21:02,1781.9,3.068,15.44,19.87,0,0,7
analyzer-79d4c78db5-g626p,23/01/2025 21:02,4725.8,4.419,15.44,28.61,0,0,259
crud-rest-7c7fd547c9-rs5hs,23/01/2025 21:02,3.9,923.4,15.44,5.84,0,0,94
datainjector-98ccb8f89-wr5hg,23/01/2025 21:02,498,1.129,15.44,7.31,0,0,96
postgres-7b7f6d75f9-q5dvq,23/01/2025 21:02,804.2,93.34,15.44,0.59,0,0,39
redis-65d8857849-9n6lp,23/01/2025 21:02,1931.7,3.092,15.44,20.02,0,0,7
analyzer-79d4c78db5-g626p,23/01/2025 21:02,5306.7,4.419,15.44,28.61,0,0,259
crud-rest-7c7fd547c9-rs5hs,23/01/2025 21:02,5,923.4,15.44,5.84,0,0,94
datainjector-98ccb8f89-wr5hg,23/01/2025 21:02,342.6,1.129,15.44,7.31,0,0,96
postgres-7b7f6d75f9-q5dvq,23/01/2025 21:02,838.4,93.34,15.44,0.59,0,0,39
redis-65d8857849-9n6lp,23/01/2025 21:02,1939.3,3.107,15.44,20.11,0,0,7
analyzer-79d4c78db5-g626p,23/01/2025 21:02,5373.7,4.333,15.44,28.06,0,0,258
crud-rest-7c7fd547c9-rs5hs,23/01/2025 21:02,5.9,923.4,15.44,5.84,0,0,94
datainjector-98ccb8f89-wr5hg,23/01/2025 21:02,363.9,1.129,15.44,7.31,0,0,96
postgres-7b7f6d75f9-q5dvq,23/01/2025 21:02,815.7,93.34,15.44,0.59,0,0,39
redis-65d8857849-9n6lp,23/01/2025 21:02,1834,3.125,15.44,20.23,0,0,7
analyzer-79d4c78db5-g626p,23/01/2025 21:02,5567.1,4.333,15.44,28.06,0,0,259
crud-rest-7c7fd547c9-rs5hs,23/01/2025 21:02,4.9,923.4,15.44,5.84,0,0,94
datainjector-98ccb8f89-wr5hg,23/01/2025 21:02,59.6,1.129,15.44,7.31,0,0,96
postgres-7b7f6d75f9-q5dvq,23/01/2025 21:02,810.4,93.34,15.44,0.59,0,0,39
redis-65d8857849-9n6lp,23/01/2025 21:02,1777.8,3.143,15.44,20.35,0,0,7
analyzer-79d4c78db5-g626p,23/01/2025 21:02,5375.9,4.333,15.44,28.06,0,0,257
crud-rest-7c7fd547c9-rs5hs,23/01/2025 21:02,5.2,923.4,15.44,5.84,0,0,94
datainjector-98ccb8f89-wr5hg,23/01/2025 21:02,290.2,1.129,15.44,7.31,0,0,96
postgres-7b7f6d75f9-q5dvq,23/01/2025 21:02,760.6,93.34,15.44,0.59,0,0,39
redis-65d8857849-9n6lp,23/01/2025 21:02,1741.9,3.152,15.44,20.41,0,0,7
analyzer-79d4c78db5-g626p,23/01/2025 21:02,4827.2,4.333,15.44,28.06,0,0,257
crud-rest-7c7fd547c9-rs5hs,23/01/2025 21:02,5.6,923.4,15.44,5.84,0,0,94
datainjector-98ccb8f89-wr5hg,23/01/2025 21:02,494.7,1.129,15.44,7.31,0,0,96
postgres-7b7f6d75f9-q5dvq,23/01/2025 21:02,772.7,93.34,15.44,0.59,0,0,39
redis-65d8857849-9n6lp,23/01/2025 21:02,869.4,2.95,15.44,19.1,0,0,6
analyzer-79d4c78db5-g626p,23/01/2025 21:02,6250.8,4.341,15.44,28.11,0,0,257
crud-rest-7c7fd547c9-rs5hs,23/01/2025 21:02,4.3,923.4,15.44,5.84,0,0,94
datainjector-98ccb8f89-wr5hg,23/01/2025 21:02,100.8,1.129,15.44,7.31,0,0,95
postgres-7b7f6d75f9-q5dvq,23/01/2025 21:02,949.2,93.34,15.44,0.59,0,0,39
redis-65d8857849-9n6lp,23/01/2025 21:02,868.4,2.952,15.44,19.11,0,0,6
analyzer-79d4c78db5-g626p,23/01/2025 21:02,5568.5,4.341,15.44,28.11,0,0,256
crud-rest-7c7fd547c9-rs5hs,23/01/2025 21:02,5.3,923.4,15.44,5.84,0,0,94
datainjector-98ccb8f89-wr5hg,23/01/2025 21:02,182.6,1.129,15.44,7.31,0,0,95
postgres-7b7f6d75f9-q5dvq,23/01/2025 21:02,840.8,93.34,15.44,0.59,0,0,39
redis-65d8857849-9n6lp,23/01/2025 21:02,897.6,2.955,15.44,19.13,0,0,6
analyzer-79d4c78db5-g626p,23/01/2025 21:02,5558.5,4.341,15.44,28.11,0,0,254
crud-rest-7c7fd547c9-rs5hs,23/01/2025 21:02,8.4,923.4,15.44,5.84,0,0,94
datainjector-98ccb8f89-wr5hg,23/01/2025 21:02,221.3,1.129,15.44,7.31,0,0,95
postgres-7b7f6d75f9-q5dvq,23/01/2025 21:02,880.9,93.34,15.44,0.59,0,0,39
redis-65d8857849-9n6lp,23/01/2025 21:02,725.5,2.966,15.44,19.2,0,0,6
analyzer-79d4c78db5-g626p,23/01/2025 21:02,6998.5,4.341,15.44,28.1,0,0,251
crud-rest-7c7fd547c9-rs5hs,23/01/2025 21:02,22.6,923.3,15.44,5.84,0,0,93
datainjector-98ccb8f89-wr5hg,23/01/2025 21:02,9.7,1.129,15.44,7.31,0,0,95
postgres-7b7f6d75f9-q5dvq,23/01/2025 21:02,752.9,93.34,15.44,0.59,0,0,39
redis-65d8857849-9n6lp,23/01/2025 21:02,893,2.968,15.44,19.22,0,0,6
analyzer-79d4c78db5-g626p,23/01/2025 21:02,5090.3,4.341,15.44,28.1,0,0,251
crud-rest-7c7fd547c9-rs5hs,23/01/2025 21:02,4.6,923.3,15.44,5.84,0,0,93
datainjector-98ccb8f89-wr5hg,23/01/2025 21:02,505,1.129,15.44,7.31,0,0,95
postgres-7b7f6d75f9-q5dvq,23/01/2025 21:02,800.8,93.34,15.44,0.59,0,0,39
redis-65d8857849-9n6lp,23/01/2025 21:03,863.8,2.964,15.44,19.19,0,0,6
analyzer-79d4c78db5-g626p,23/01/2025 21:03,5781.7,4.341,15.44,28.1,0,0,251
crud-rest-7c7fd547c9-rs5hs,23/01/2025 21:03,4.3,923.3,15.44,5.84,0,0,93
datainjector-98ccb8f89-wr5hg,23/01/2025 21:03,397.8,1.129,15.44,7.31,0,0,95
postgres-7b7f6d75f9-q5dvq,23/01/2025 21:03,932,93.34,15.44,0.59,0,0,39
redis-65d8857849-9n6lp,23/01/2025 21:03,915.9,2.973,15.44,19.25,0,0,6
analyzer-79d4c78db5-g626p,23/01/2025 21:03,5397.4,4.341,15.44,28.1,0,0,250
crud-rest-7c7fd547c9-rs5hs,23/01/2025 21:03,6.6,923.3,15.44,5.84,0,0,93
datainjector-98ccb8f89-wr5hg,23/01/2025 21:03,381.8,1.129,15.44,7.31,0,0,95
postgres-7b7f6d75f9-q5dvq,23/01/2025 21:03,818.2,93.34,15.44,0.59,0,0,39
redis-65d8857849-9n6lp,23/01/2025 21:03,835.3,2.976,15.44,19.27,0,0,6
analyzer-79d4c78db5-g626p,23/01/2025 21:03,5592.4,4.34,15.44,28.1,0,0,249
crud-rest-7c7fd547c9-rs5hs,23/01/2025 21:03,4.1,923.3,15.44,5.84,0,0,93
datainjector-98ccb8f89-wr5hg,23/01/2025 21:03,376.6,1.129,15.44,7.31,0,0,96
postgres-7b7f6d75f9-q5dvq,23/01/2025 21:03,853.2,93.34,15.44,0.59,0,0,39
redis-65d8857849-9n6lp,23/01/2025 21:03,805.8,2.989,15.44,19.35,0,0,6
analyzer-79d4c78db5-g626p,23/01/2025 21:03,5215.7,4.34,15.44,28.1,0,0,247
crud-rest-7c7fd547c9-rs5hs,23/01/2025 21:03,6.1,923.3,15.44,5.84,0,0,93
datainjector-98ccb8f89-wr5hg,23/01/2025 21:03,720.6,1.129,15.44,7.31,0,0,96
postgres-7b7f6d75f9-q5dvq,23/01/2025 21:03,813.9,93.34,15.44,0.59,0,0,39
redis-65d8857849-9n6lp,23/01/2025 21:03,850.5,2.99,15.44,19.36,0,0,6
analyzer-79d4c78db5-g626p,23/01/2025 21:03,5389.3,4.34,15.44,28.1,0,0,248
crud-rest-7c7fd547c9-rs5hs,23/01/2025 21:03,7.8,923.3,15.44,5.84,0,0,93
datainjector-98ccb8f89-wr5hg,23/01/2025 21:03,23.5,1.13,15.44,7.31,0,0,96
postgres-7b7f6d75f9-q5dvq,23/01/2025 21:03,866.1,93.35,15.44,0.59,0,0,39
redis-65d8857849-9n6lp,23/01/2025 21:03,834.4,2.991,15.44,19.37,0,0,6
analyzer-79d4c78db5-g626p,23/01/2025 21:03,5581.6,4.34,15.44,28.1,0,0,247
crud-rest-7c7fd547c9-rs5hs,23/01/2025 21:03,16.5,923.5,15.44,5.84,0,0,95
datainjector-98ccb8f89-wr5hg,23/01/2025 21:03,578.1,1.129,15.44,7.31,0,0,96
postgres-7b7f6d75f9-q5dvq,23/01/2025 21:03,929.3,93.34,15.44,0.59,0,0,39
redis-65d8857849-9n6lp,23/01/2025 21:03,922.2,2.996,15.44,19.4,0,0,6
analyzer-79d4c78db5-g626p,23/01/2025 21:03,6012.6,4.135,15.44,26.78,0,0,246
crud-rest-7c7fd547c9-rs5hs,23/01/2025 21:03,4.4,923.5,15.44,5.84,0,0,95
datainjector-98ccb8f89-wr5hg,23/01/2025 21:03,330.5,1.129,15.44,7.31,0,0,96
postgres-7b7f6d75f9-q5dvq,23/01/2025 21:03,887.3,93.34,15.44,0.59,0,0,39
redis-65d8857849-9n6lp,23/01/2025 21:03,865.9,3,15.44,19.42,0,0,6
analyzer-79d4c78db5-g626p,23/01/2025 21:03,5602,4.135,15.44,26.77,0,0,246
crud-rest-7c7fd547c9-rs5hs,23/01/2025 21:03,5.3,923.5,15.44,5.84,0,0,95
datainjector-98ccb8f89-wr5hg,23/01/2025 21:03,365.8,1.129,15.44,7.31,0,0,96
postgres-7b7f6d75f9-q5dvq,23/01/2025 21:03,855.1,93.34,15.44,0.59,0,0,39
redis-65d8857849-9n6lp,23/01/2025 21:03,844.5,2.999,15.44,19.42,0,0,6
analyzer-79d4c78db5-g626p,23/01/2025 21:03,6007.7,4.135,15.44,26.77,0,0,244
crud-rest-7c7fd547c9-rs5hs,23/01/2025 21:03,4.7,923.5,15.44,5.84,0,0,95
datainjector-98ccb8f89-wr5hg,23/01/2025 21:03,411.9,1.129,15.44,7.31,0,0,96
postgres-7b7f6d75f9-q5dvq,23/01/2025 21:03,947.7,93.34,15.44,0.59,0,0,39
redis-65d8857849-9n6lp,23/01/2025 21:03,1731.1,3.052,15.44,19.76,0,0,7
analyzer-79d4c78db5-g626p,23/01/2025 21:03,4871.2,4.135,15.44,26.77,0,0,245
crud-rest-7c7fd547c9-rs5hs,23/01/2025 21:03,7.2,923.5,15.44,5.84,0,0,95
datainjector-98ccb8f89-wr5hg,23/01/2025 21:03,137.2,1.129,15.44,7.31,0,0,95
postgres-7b7f6d75f9-q5dvq,23/01/2025 21:03,749.3,93.34,15.44,0.59,0,0,39
redis-65d8857849-9n6lp,23/01/2025 21:03,1728.6,3.086,15.44,19.98,0,0,7
analyzer-79d4c78db5-g626p,23/01/2025 21:03,4416.8,4.135,15.44,26.77,0,0,245
crud-rest-7c7fd547c9-rs5hs,23/01/2025 21:03,8.4,923.5,15.44,5.84,0,0,95
datainjector-98ccb8f89-wr5hg,23/01/2025 21:03,684.1,1.129,15.44,7.31,0,0,95
postgres-7b7f6d75f9-q5dvq,23/01/2025 21:03,709.9,93.34,15.44,0.59,0,0,39
redis-65d8857849-9n6lp,23/01/2025 21:03,1834.8,3.111,15.44,20.14,0,0,7
analyzer-79d4c78db5-g626p,23/01/2025 21:03,4837.4,4.135,15.44,26.77,0,0,243
crud-rest-7c7fd547c9-rs5hs,23/01/2025 21:03,6.1,923.5,15.44,5.84,0,0,95
datainjector-98ccb8f89-wr5hg,23/01/2025 21:03,442.5,1.129,15.44,7.31,0,0,95
postgres-7b7f6d75f9-q5dvq,23/01/2025 21:03,771.2,93.66,15.44,0.59,0,0,39
redis-65d8857849-9n6lp,23/01/2025 21:03,1830.2,3.13,15.44,20.27,0,0,7
analyzer-79d4c78db5-g626p,23/01/2025 21:03,5264.8,4.135,15.44,26.77,0,0,244
crud-rest-7c7fd547c9-rs5hs,23/01/2025 21:03,9.3,923.4,15.44,5.84,0,0,94
datainjector-98ccb8f89-wr5hg,23/01/2025 21:03,569,1.129,15.44,7.31,0,0,95
postgres-7b7f6d75f9-q5dvq,23/01/2025 21:03,812.2,93.67,15.44,0.59,0,0,39
redis-65d8857849-9n6lp,23/01/2025 21:03,1811.2,3.147,15.44,20.38,0,0,7
analyzer-79d4c78db5-g626p,23/01/2025 21:03,5468.3,4.135,15.44,26.77,0,0,244
crud-rest-7c7fd547c9-rs5hs,23/01/2025 21:03,6.4,923.4,15.44,5.84,0,0,94
datainjector-98ccb8f89-wr5hg,23/01/2025 21:03,114,1.129,15.44,7.31,0,0,95
postgres-7b7f6d75f9-q5dvq,23/01/2025 21:03,727.3,93.66,15.44,0.59,0,0,39
redis-65d8857849-9n6lp,23/01/2025 21:04,1832.2,3.165,15.44,20.49,0,0,7
analyzer-79d4c78db5-g626p,23/01/2025 21:04,5067.7,4.135,15.44,26.77,0,0,243
crud-rest-7c7fd547c9-rs5hs,23/01/2025 21:04,8.6,923.4,15.44,5.84,0,0,94
datainjector-98ccb8f89-wr5hg,23/01/2025 21:04,346.4,1.129,15.44,7.31,0,0,95
postgres-7b7f6d75f9-q5dvq,23/01/2025 21:04,770.2,93.66,15.44,0.59,0,0,39
redis-65d8857849-9n6lp,23/01/2025 21:04,1795.6,3.185,15.44,20.62,0,0,7
analyzer-79d4c78db5-g626p,23/01/2025 21:04,4411.7,4.135,15.44,26.78,0,0,243
crud-rest-7c7fd547c9-rs5hs,23/01/2025 21:04,4.7,923.4,15.44,5.84,0,0,94
datainjector-98ccb8f89-wr5hg,23/01/2025 21:04,576.6,1.129,15.44,7.31,0,0,95
postgres-7b7f6d75f9-q5dvq,23/01/2025 21:04,708.8,93.66,15.44,0.59,0,0,39
redis-65d8857849-9n6lp,23/01/2025 21:04,1836,3.203,15.44,20.74,0,0,7
analyzer-79d4c78db5-g626p,23/01/2025 21:04,5230.8,4.135,15.44,26.77,0,0,241
crud-rest-7c7fd547c9-rs5hs,23/01/2025 21:04,3.9,923.4,15.44,5.84,0,0,94
datainjector-98ccb8f89-wr5hg,23/01/2025 21:04,535,1.129,15.44,7.31,0,0,95
postgres-7b7f6d75f9-q5dvq,23/01/2025 21:04,897.1,93.66,15.44,0.59,0,0,39
redis-65d8857849-9n6lp,23/01/2025 21:04,1791.9,3.215,15.44,20.82,0,0,7
analyzer-79d4c78db5-g626p,23/01/2025 21:04,5186.5,4.135,15.44,26.77,0,0,241
crud-rest-7c7fd547c9-rs5hs,23/01/2025 21:04,6.1,923.4,15.44,5.84,0,0,94
datainjector-98ccb8f89-wr5hg,23/01/2025 21:04,427.8,1.129,15.44,7.31,0,0,95
postgres-7b7f6d75f9-q5dvq,23/01/2025 21:04,827.2,93.67,15.44,0.59,0,0,39
redis-65d8857849-9n6lp,23/01/2025 21:04,1694,3.225,15.44,20.88,0,0,7
analyzer-79d4c78db5-g626p,23/01/2025 21:04,5508.7,4.135,15.44,26.77,0,0,241
crud-rest-7c7fd547c9-rs5hs,23/01/2025 21:04,5,923.4,15.44,5.84,0,0,94
datainjector-98ccb8f89-wr5hg,23/01/2025 21:04,86.8,1.129,15.44,7.31,0,0,95
postgres-7b7f6d75f9-q5dvq,23/01/2025 21:04,782,93.67,15.44,0.59,0,0,39
redis-65d8857849-9n6lp,23/01/2025 21:04,907.3,3.035,15.44,19.65,0,0,6
analyzer-79d4c78db5-g626p,23/01/2025 21:04,5596.3,4.136,15.44,26.78,0,0,241
crud-rest-7c7fd547c9-rs5hs,23/01/2025 21:04,6.4,923.4,15.44,5.84,0,0,94
datainjector-98ccb8f89-wr5hg,23/01/2025 21:04,714,1.129,15.44,7.31,0,0,95
postgres-7b7f6d75f9-q5dvq,23/01/2025 21:04,904.2,93.67,15.44,0.59,0,0,39
redis-65d8857849-9n6lp,23/01/2025 21:04,828.8,3.038,15.44,19.67,0,0,6
analyzer-79d4c78db5-g626p,23/01/2025 21:04,6301.7,4.136,15.44,26.78,0,0,240
crud-rest-7c7fd547c9-rs5hs,23/01/2025 21:04,4.3,923.4,15.44,5.84,0,0,94
datainjector-98ccb8f89-wr5hg,23/01/2025 21:04,36.2,1.129,15.44,7.31,0,0,95
postgres-7b7f6d75f9-q5dvq,23/01/2025 21:04,833.3,93.67,15.44,0.59,0,0,39
redis-65d8857849-9n6lp,23/01/2025 21:04,828.1,3.046,15.44,19.72,0,0,6
analyzer-79d4c78db5-g626p,23/01/2025 21:04,5464.3,4.136,15.44,26.78,0,0,238
crud-rest-7c7fd547c9-rs5hs,23/01/2025 21:04,4.3,923.4,15.44,5.84,0,0,94
datainjector-98ccb8f89-wr5hg,23/01/2025 21:04,515.7,1.129,15.44,7.31,0,0,95
postgres-7b7f6d75f9-q5dvq,23/01/2025 21:04,869.5,93.67,15.44,0.59,0,0,39
redis-65d8857849-9n6lp,23/01/2025 21:04,906.4,3.047,15.44,19.73,0,0,6
analyzer-79d4c78db5-g626p,23/01/2025 21:04,5601.2,4.136,15.44,26.78,0,0,237
crud-rest-7c7fd547c9-rs5hs,23/01/2025 21:04,4.9,923.4,15.44,5.84,0,0,94
datainjector-98ccb8f89-wr5hg,23/01/2025 21:04,284.9,1.129,15.44,7.31,0,0,94
postgres-7b7f6d75f9-q5dvq,23/01/2025 21:04,860.4,93.67,15.44,0.59,0,0,39
redis-65d8857849-9n6lp,23/01/2025 21:04,930.6,3.046,15.44,19.72,0,0,6
analyzer-79d4c78db5-g626p,23/01/2025 21:04,5784.9,4.136,15.44,26.78,0,0,237
crud-rest-7c7fd547c9-rs5hs,23/01/2025 21:04,4.8,923.4,15.44,5.84,0,0,94
datainjector-98ccb8f89-wr5hg,23/01/2025 21:04,551.6,1.129,15.44,7.31,0,0,94
postgres-7b7f6d75f9-q5dvq,23/01/2025 21:04,876.8,93.67,15.44,0.59,0,0,39
redis-65d8857849-9n6lp,23/01/2025 21:04,900.9,3.056,15.44,19.79,0,0,6
analyzer-79d4c78db5-g626p,23/01/2025 21:04,5734.4,4.136,15.44,26.78,0,0,236
crud-rest-7c7fd547c9-rs5hs,23/01/2025 21:04,3.8,923.4,15.44,5.84,0,0,94
datainjector-98ccb8f89-wr5hg,23/01/2025 21:04,462.5,1.129,15.44,7.31,0,0,94
postgres-7b7f6d75f9-q5dvq,23/01/2025 21:04,874.2,93.92,15.44,0.59,0,0,39
redis-65d8857849-9n6lp,23/01/2025 21:04,866.2,3.057,15.44,19.79,0,0,6
analyzer-79d4c78db5-g626p,23/01/2025 21:04,5484.9,3.909,15.44,25.31,0,0,235
crud-rest-7c7fd547c9-rs5hs,23/01/2025 21:04,9.1,923.4,15.44,5.84,0,0,94
datainjector-98ccb8f89-wr5hg,23/01/2025 21:04,414.6,1.129,15.44,7.31,0,0,94
postgres-7b7f6d75f9-q5dvq,23/01/2025 21:04,835.7,93.92,15.44,0.59,0,0,39
redis-65d8857849-9n6lp,23/01/2025 21:04,916.7,3.066,15.44,19.85,0,0,6
analyzer-79d4c78db5-g626p,23/01/2025 21:04,5344.6,3.909,15.44,25.31,0,0,234
crud-rest-7c7fd547c9-rs5hs,23/01/2025 21:04,17.8,923.3,15.44,5.84,0,0,93
datainjector-98ccb8f89-wr5hg,23/01/2025 21:04,574.7,1.129,15.44,7.31,0,0,94
postgres-7b7f6d75f9-q5dvq,23/01/2025 21:04,850.1,93.92,15.44,0.59,0,0,39
redis-65d8857849-9n6lp,23/01/2025 21:05,794.5,3.069,15.44,19.87,0,0,6
analyzer-79d4c78db5-g626p,23/01/2025 21:05,5031.3,3.909,15.44,25.31,0,0,234
crud-rest-7c7fd547c9-rs5hs,23/01/2025 21:05,5.2,923.3,15.44,5.84,0,0,93
datainjector-98ccb8f89-wr5hg,23/01/2025 21:05,243.1,1.129,15.44,7.31,0,0,94
postgres-7b7f6d75f9-q5dvq,23/01/2025 21:05,756.9,93.92,15.44,0.59,0,0,39
redis-65d8857849-9n6lp,23/01/2025 21:05,906.1,3.074,15.44,19.9,0,0,6
analyzer-79d4c78db5-g626p,23/01/2025 21:05,4959.1,3.909,15.44,25.31,0,0,232
crud-rest-7c7fd547c9-rs5hs,23/01/2025 21:05,4.8,923.3,15.44,5.84,0,0,93
datainjector-98ccb8f89-wr5hg,23/01/2025 21:05,741.5,1.129,15.44,7.31,0,0,94
postgres-7b7f6d75f9-q5dvq,23/01/2025 21:05,840.6,93.92,15.44,0.59,0,0,39
redis-65d8857849-9n6lp,23/01/2025 21:05,895.8,3.077,15.44,19.92,0,0,6
analyzer-79d4c78db5-g626p,23/01/2025 21:05,5420.2,3.909,15.44,25.31,0,0,233
crud-rest-7c7fd547c9-rs5hs,23/01/2025 21:05,5.5,923.3,15.44,5.84,0,0,93
datainjector-98ccb8f89-wr5hg,23/01/2025 21:05,160.7,1.129,15.44,7.31,0,0,96
postgres-7b7f6d75f9-q5dvq,23/01/2025 21:05,757.5,93.92,15.44,0.59,0,0,39
redis-65d8857849-9n6lp,23/01/2025 21:05,837.3,3.082,15.44,19.95,0,0,6
analyzer-79d4c78db5-g626p,23/01/2025 21:05,4984.9,3.909,15.44,25.31,0,0,232
crud-rest-7c7fd547c9-rs5hs,23/01/2025 21:05,4.4,923.3,15.44,5.84,0,0,93
datainjector-98ccb8f89-wr5hg,23/01/2025 21:05,511.3,1.129,15.44,7.31,0,0,96
postgres-7b7f6d75f9-q5dvq,23/01/2025 21:05,855.7,93.92,15.44,0.59,0,0,39
redis-65d8857849-9n6lp,23/01/2025 21:05,887.9,3.088,15.44,19.99,0,0,6
analyzer-79d4c78db5-g626p,23/01/2025 21:05,6094.3,3.909,15.44,25.31,0,0,231
crud-rest-7c7fd547c9-rs5hs,23/01/2025 21:05,4.9,923.3,15.44,5.84,0,0,93
datainjector-98ccb8f89-wr5hg,23/01/2025 21:05,322.9,1.129,15.44,7.31,0,0,96
postgres-7b7f6d75f9-q5dvq,23/01/2025 21:05,880.5,93.92,15.44,0.59,0,0,39
redis-65d8857849-9n6lp,23/01/2025 21:05,889.6,3.087,15.44,19.99,0,0,6
analyzer-79d4c78db5-g626p,23/01/2025 21:05,6329.2,3.909,15.44,25.31,0,0,232
crud-rest-7c7fd547c9-rs5hs,23/01/2025 21:05,5.9,923.3,15.44,5.84,0,0,93
datainjector-98ccb8f89-wr5hg,23/01/2025 21:05,336.5,1.129,15.44,7.31,0,0,96
postgres-7b7f6d75f9-q5dvq,23/01/2025 21:05,993.7,93.92,15.44,0.59,0,0,39
redis-65d8857849-9n6lp,23/01/2025 21:05,1876.2,3.15,15.44,20.4,0,0,7
analyzer-79d4c78db5-g626p,23/01/2025 21:05,4814.6,3.909,15.44,25.31,0,0,232
crud-rest-7c7fd547c9-rs5hs,23/01/2025 21:05,6,923.5,15.44,5.84,0,0,95
datainjector-98ccb8f89-wr5hg,23/01/2025 21:05,472.7,1.129,15.44,7.31,0,0,96
postgres-7b7f6d75f9-q5dvq,23/01/2025 21:05,741.1,93.92,15.44,0.59,0,0,39
redis-65d8857849-9n6lp,23/01/2025 21:05,1782,3.182,15.44,20.6,0,0,7
analyzer-79d4c78db5-g626p,23/01/2025 21:05,4944.5,3.837,15.44,24.85,0,0,233
crud-rest-7c7fd547c9-rs5hs,23/01/2025 21:05,10.1,923.5,15.44,5.84,0,0,95
datainjector-98ccb8f89-wr5hg,23/01/2025 21:05,330.5,1.129,15.44,7.31,0,0,96
postgres-7b7f6d75f9-q5dvq,23/01/2025 21:05,748.6,93.92,15.44,0.59,0,0,39
redis-65d8857849-9n6lp,23/01/2025 21:05,1820.1,3.207,15.44,20.77,0,0,7
analyzer-79d4c78db5-g626p,23/01/2025 21:05,4430.9,3.837,15.44,24.85,0,0,231
crud-rest-7c7fd547c9-rs5hs,23/01/2025 21:05,5.7,923.5,15.44,5.84,0,0,95
datainjector-98ccb8f89-wr5hg,23/01/2025 21:05,91.7,1.129,15.44,7.31,0,0,96
postgres-7b7f6d75f9-q5dvq,23/01/2025 21:05,727.9,93.92,15.44,0.59,0,0,39
redis-65d8857849-9n6lp,23/01/2025 21:05,1881.2,3.225,15.44,20.88,0,0,7
analyzer-79d4c78db5-g626p,23/01/2025 21:05,5484,3.837,15.44,24.85,0,0,232
crud-rest-7c7fd547c9-rs5hs,23/01/2025 21:05,5.1,923.5,15.44,5.84,0,0,95
datainjector-98ccb8f89-wr5hg,23/01/2025 21:05,55,1.129,15.44,7.31,0,0,95
postgres-7b7f6d75f9-q5dvq,23/01/2025 21:05,787,93.92,15.44,0.59,0,0,39
redis-65d8857849-9n6lp,23/01/2025 21:05,1701.6,3.244,15.44,21,0,0,7
analyzer-79d4c78db5-g626p,23/01/2025 21:05,5253.7,3.837,15.44,24.85,0,0,230
crud-rest-7c7fd547c9-rs5hs,23/01/2025 21:05,7.9,923.5,15.44,5.84,0,0,95
datainjector-98ccb8f89-wr5hg,23/01/2025 21:05,5.6,1.129,15.44,7.31,0,0,95
postgres-7b7f6d75f9-q5dvq,23/01/2025 21:05,783.1,93.92,15.44,0.59,0,0,39
redis-65d8857849-9n6lp,23/01/2025 21:05,1803.6,3.262,15.44,21.12,0,0,7
analyzer-79d4c78db5-g626p,23/01/2025 21:05,5746.7,3.837,15.44,24.85,0,0,231
crud-rest-7c7fd547c9-rs5hs,23/01/2025 21:05,4.6,923.5,15.44,5.84,0,0,95
datainjector-98ccb8f89-wr5hg,23/01/2025 21:05,103.4,1.129,15.44,7.31,0,0,95
postgres-7b7f6d75f9-q5dvq,23/01/2025 21:05,800.1,93.92,15.44,0.59,0,0,39
redis-65d8857849-9n6lp,23/01/2025 21:05,1745.7,3.276,15.44,21.21,0,0,7
analyzer-79d4c78db5-g626p,23/01/2025 21:05,4699.6,3.837,15.44,24.84,0,0,229
crud-rest-7c7fd547c9-rs5hs,23/01/2025 21:05,7.3,923.4,15.44,5.84,0,0,94
datainjector-98ccb8f89-wr5hg,23/01/2025 21:05,516.5,1.129,15.44,7.31,0,0,95
postgres-7b7f6d75f9-q5dvq,23/01/2025 21:05,752.8,93.92,15.44,0.59,0,0,39
redis-65d8857849-9n6lp,23/01/2025 21:05,1822.8,3.303,15.44,21.38,0,0,7
analyzer-79d4c78db5-g626p,23/01/2025 21:05,4912.7,3.837,15.44,24.84,0,0,228
crud-rest-7c7fd547c9-rs5hs,23/01/2025 21:05,14.4,923.4,15.44,5.84,0,0,94
datainjector-98ccb8f89-wr5hg,23/01/2025 21:05,532.6,1.129,15.44,7.31,0,0,95
postgres-7b7f6d75f9-q5dvq,23/01/2025 21:05,798,93.92,15.44,0.59,0,0,39
redis-65d8857849-9n6lp,23/01/2025 21:06,1794.9,3.32,15.44,21.49,0,0,7
analyzer-79d4c78db5-g626p,23/01/2025 21:06,5197.1,3.837,15.44,24.84,0,0,227
crud-rest-7c7fd547c9-rs5hs,23/01/2025 21:06,4.1,923.4,15.44,5.84,0,0,94
datainjector-98ccb8f89-wr5hg,23/01/2025 21:06,491.6,1.13,15.44,7.31,0,0,97
postgres-7b7f6d75f9-q5dvq,23/01/2025 21:06,849.3,93.92,15.44,0.59,0,0,39
redis-65d8857849-9n6lp,23/01/2025 21:06,1759.8,3.329,15.44,21.55,0,0,7
analyzer-79d4c78db5-g626p,23/01/2025 21:06,5154.1,3.837,15.44,24.84,0,0,228
crud-rest-7c7fd547c9-rs5hs,23/01/2025 21:06,5.3,923.4,15.44,5.84,0,0,94
datainjector-98ccb8f89-wr5hg,23/01/2025 21:06,75.8,1.13,15.44,7.31,0,0,97
postgres-7b7f6d75f9-q5dvq,23/01/2025 21:06,788,93.91,15.44,0.59,0,0,39
redis-65d8857849-9n6lp,23/01/2025 21:06,1029.2,3.125,15.44,20.23,0,0,6
analyzer-79d4c78db5-g626p,23/01/2025 21:06,5721.3,3.837,15.44,24.84,0,0,227
crud-rest-7c7fd547c9-rs5hs,23/01/2025 21:06,4.6,923.5,15.44,5.84,0,0,94
datainjector-98ccb8f89-wr5hg,23/01/2025 21:06,268.1,1.13,15.44,7.31,0,0,97
postgres-7b7f6d75f9-q5dvq,23/01/2025 21:06,888,93.93,15.44,0.59,0,0,39
redis-65d8857849-9n6lp,23/01/2025 21:06,891.2,3.133,15.44,20.29,0,0,6
analyzer-79d4c78db5-g626p,23/01/2025 21:06,5783.7,3.837,15.44,24.84,0,0,227
crud-rest-7c7fd547c9-rs5hs,23/01/2025 21:06,6.5,923.5,15.44,5.84,0,0,94
datainjector-98ccb8f89-wr5hg,23/01/2025 21:06,797,1.129,15.44,7.31,0,0,95
postgres-7b7f6d75f9-q5dvq,23/01/2025 21:06,766.6,93.93,15.44,0.59,0,0,39
redis-65d8857849-9n6lp,23/01/2025 21:06,878,3.134,15.44,20.29,0,0,6
analyzer-79d4c78db5-g626p,23/01/2025 21:06,5630.7,3.837,15.44,24.84,0,0,224
crud-rest-7c7fd547c9-rs5hs,23/01/2025 21:06,3.7,923.5,15.44,5.84,0,0,94
datainjector-98ccb8f89-wr5hg,23/01/2025 21:06,58.6,1.129,15.44,7.31,0,0,95
postgres-7b7f6d75f9-q5dvq,23/01/2025 21:06,1005.4,93.93,15.44,0.59,0,0,39
redis-65d8857849-9n6lp,23/01/2025 21:06,914.3,3.132,15.44,20.28,0,0,6
analyzer-79d4c78db5-g626p,23/01/2025 21:06,5181.6,3.837,15.44,24.84,0,0,225
crud-rest-7c7fd547c9-rs5hs,23/01/2025 21:06,4.7,923.6,15.44,5.84,0,0,95
datainjector-98ccb8f89-wr5hg,23/01/2025 21:06,568.7,1.13,15.44,7.31,0,0,97
postgres-7b7f6d75f9-q5dvq,23/01/2025 21:06,808.7,93.91,15.44,0.59,0,0,39
redis-65d8857849-9n6lp,23/01/2025 21:06,865.8,3.145,15.44,20.36,0,0,6
analyzer-79d4c78db5-g626p,23/01/2025 21:06,5570.9,3.837,15.44,24.84,0,0,223
crud-rest-7c7fd547c9-rs5hs,23/01/2025 21:06,11.1,923.6,15.44,5.84,0,0,95
datainjector-98ccb8f89-wr5hg,23/01/2025 21:06,27.2,1.129,15.44,7.31,0,0,95
postgres-7b7f6d75f9-q5dvq,23/01/2025 21:06,937.6,93.91,15.44,0.59,0,0,39
redis-65d8857849-9n6lp,23/01/2025 21:06,908.5,3.146,15.44,20.37,0,0,6
analyzer-79d4c78db5-g626p,23/01/2025 21:06,5119.8,3.837,15.44,24.84,0,0,223
crud-rest-7c7fd547c9-rs5hs,23/01/2025 21:06,3.9,923.6,15.44,5.84,0,0,95
datainjector-98ccb8f89-wr5hg,23/01/2025 21:06,164.1,1.13,15.44,7.32,0,0,97
postgres-7b7f6d75f9-q5dvq,23/01/2025 21:06,890.4,93.64,15.44,0.59,0,0,39
redis-65d8857849-9n6lp,23/01/2025 21:06,866.3,3.151,15.44,20.4,0,0,6
analyzer-79d4c78db5-g626p,23/01/2025 21:06,5229.1,3.837,15.44,24.84,0,0,222
crud-rest-7c7fd547c9-rs5hs,23/01/2025 21:06,5.3,923.6,15.44,5.84,0,0,95
datainjector-98ccb8f89-wr5hg,23/01/2025 21:06,635,1.129,15.44,7.31,0,0,94
postgres-7b7f6d75f9-q5dvq,23/01/2025 21:06,876.4,93.91,15.44,0.59,0,0,39
redis-65d8857849-9n6lp,23/01/2025 21:06,897.8,3.158,15.44,20.45,0,0,6
analyzer-79d4c78db5-g626p,23/01/2025 21:06,5896.2,3.837,15.44,24.84,0,0,220
crud-rest-7c7fd547c9-rs5hs,23/01/2025 21:06,4.6,923.6,15.44,5.84,0,0,95
datainjector-98ccb8f89-wr5hg,23/01/2025 21:06,150.1,1.129,15.44,7.31,0,0,94
postgres-7b7f6d75f9-q5dvq,23/01/2025 21:06,896.6,93.93,15.44,0.59,0,0,39
redis-65d8857849-9n6lp,23/01/2025 21:06,813,3.161,15.44,20.47,0,0,6
analyzer-79d4c78db5-g626p,23/01/2025 21:06,5228.7,3.63,15.44,23.5,0,0,221
crud-rest-7c7fd547c9-rs5hs,23/01/2025 21:06,5.4,923.6,15.44,5.84,0,0,95
datainjector-98ccb8f89-wr5hg,23/01/2025 21:06,424.1,1.129,15.44,7.31,0,0,94
postgres-7b7f6d75f9-q5dvq,23/01/2025 21:06,799.4,93.93,15.44,0.59,0,0,39
redis-65d8857849-9n6lp,23/01/2025 21:06,784.3,3.167,15.44,20.51,0,0,6
analyzer-79d4c78db5-g626p,23/01/2025 21:06,5080.9,3.63,15.44,23.5,0,0,219
crud-rest-7c7fd547c9-rs5hs,23/01/2025 21:06,3.9,923.6,15.44,5.84,0,0,95
datainjector-98ccb8f89-wr5hg,23/01/2025 21:06,593,1.129,15.44,7.31,0,0,94
postgres-7b7f6d75f9-q5dvq,23/01/2025 21:06,811.1,93.93,15.44,0.59,0,0,39
redis-65d8857849-9n6lp,23/01/2025 21:06,939.4,3.168,15.44,20.51,0,0,6
analyzer-79d4c78db5-g626p,23/01/2025 21:06,5755.6,3.63,15.44,23.5,0,0,218
crud-rest-7c7fd547c9-rs5hs,23/01/2025 21:06,6.8,923.5,15.44,5.84,0,0,94
datainjector-98ccb8f89-wr5hg,23/01/2025 21:06,140.9,1.129,15.44,7.31,0,0,94
postgres-7b7f6d75f9-q5dvq,23/01/2025 21:06,810.9,93.93,15.44,0.59,0,0,39
redis-65d8857849-9n6lp,23/01/2025 21:07,861,3.171,15.44,20.53,0,0,6
analyzer-79d4c78db5-g626p,23/01/2025 21:07,4948.5,3.63,15.44,23.5,0,0,218
crud-rest-7c7fd547c9-rs5hs,23/01/2025 21:07,12.4,923.5,15.44,5.84,0,0,94
datainjector-98ccb8f89-wr5hg,23/01/2025 21:07,682.6,1.129,15.44,7.31,0,0,94
postgres-7b7f6d75f9-q5dvq,23/01/2025 21:07,741.7,93.94,15.44,0.59,0,0,39
redis-65d8857849-9n6lp,23/01/2025 21:07,844,3.174,15.44,20.55,0,0,6
analyzer-79d4c78db5-g626p,23/01/2025 21:07,5962.9,3.63,15.44,23.5,0,0,218
crud-rest-7c7fd547c9-rs5hs,23/01/2025 21:07,4.5,923.5,15.44,5.84,0,0,94
datainjector-98ccb8f89-wr5hg,23/01/2025 21:07,316,1.129,15.44,7.31,0,0,94
postgres-7b7f6d75f9-q5dvq,23/01/2025 21:07,886.4,93.93,15.44,0.59,0,0,39
redis-65d8857849-9n6lp,23/01/2025 21:07,886.9,3.176,15.44,20.56,0,0,6
analyzer-79d4c78db5-g626p,23/01/2025 21:07,5734.9,3.63,15.44,23.5,0,0,217
crud-rest-7c7fd547c9-rs5hs,23/01/2025 21:07,3.8,923.5,15.44,5.84,0,0,94
datainjector-98ccb8f89-wr5hg,23/01/2025 21:07,492.7,1.13,15.44,7.31,0,0,96
postgres-7b7f6d75f9-q5dvq,23/01/2025 21:07,894.3,93.93,15.44,0.59,0,0,39
redis-65d8857849-9n6lp,23/01/2025 21:07,1882.7,3.246,15.44,21.02,0,0,7
analyzer-79d4c78db5-g626p,23/01/2025 21:07,5265.2,3.47,15.44,22.47,0,0,217
crud-rest-7c7fd547c9-rs5hs,23/01/2025 21:07,5.1,923.5,15.44,5.84,0,0,94
datainjector-98ccb8f89-wr5hg,23/01/2025 21:07,72.1,1.13,15.44,7.31,0,0,96
postgres-7b7f6d75f9-q5dvq,23/01/2025 21:07,778.7,93.93,15.44,0.59,0,0,39
redis-65d8857849-9n6lp,23/01/2025 21:07,1854.8,3.274,15.44,21.2,0,0,7
analyzer-79d4c78db5-g626p,23/01/2025 21:07,5042.5,3.47,15.44,22.47,0,0,215
crud-rest-7c7fd547c9-rs5hs,23/01/2025 21:07,7.5,923.5,15.44,5.84,0,0,94
datainjector-98ccb8f89-wr5hg,23/01/2025 21:07,611.3,1.13,15.44,7.31,0,0,96
postgres-7b7f6d75f9-q5dvq,23/01/2025 21:07,768.1,93.93,15.44,0.59,0,0,39
redis-65d8857849-9n6lp,23/01/2025 21:07,1884.5,3.308,15.44,21.42,0,0,7
analyzer-79d4c78db5-g626p,23/01/2025 21:07,5128.3,3.47,15.44,22.47,0,0,215
crud-rest-7c7fd547c9-rs5hs,23/01/2025 21:07,8.7,923.5,15.44,5.84,0,0,94
datainjector-98ccb8f89-wr5hg,23/01/2025 21:07,556.4,1.13,15.44,7.31,0,0,96
postgres-7b7f6d75f9-q5dvq,23/01/2025 21:07,828.8,94.06,15.44,0.59,0,0,39
redis-65d8857849-9n6lp,23/01/2025 21:07,1838.5,3.325,15.44,21.53,0,0,7
analyzer-79d4c78db5-g626p,23/01/2025 21:07,4736.1,3.47,15.44,22.47,0,0,214
crud-rest-7c7fd547c9-rs5hs,23/01/2025 21:07,9.2,923.6,15.44,5.84,0,0,95
datainjector-98ccb8f89-wr5hg,23/01/2025 21:07,620.7,1.13,15.44,7.31,0,0,96
postgres-7b7f6d75f9-q5dvq,23/01/2025 21:07,763.9,93.93,15.44,0.59,0,0,39
redis-65d8857849-9n6lp,23/01/2025 21:07,1752.9,3.348,15.44,21.68,0,0,7
analyzer-79d4c78db5-g626p,23/01/2025 21:07,4852.3,3.47,15.44,22.47,0,0,213
crud-rest-7c7fd547c9-rs5hs,23/01/2025 21:07,4.7,923.6,15.44,5.84,0,0,95
datainjector-98ccb8f89-wr5hg,23/01/2025 21:07,247.3,1.13,15.44,7.31,0,0,96
postgres-7b7f6d75f9-q5dvq,23/01/2025 21:07,771.3,93.93,15.44,0.59,0,0,39
redis-65d8857849-9n6lp,23/01/2025 21:07,1860.6,3.364,15.44,21.78,0,0,7
analyzer-79d4c78db5-g626p,23/01/2025 21:07,5104.9,3.47,15.44,22.47,0,0,212
crud-rest-7c7fd547c9-rs5hs,23/01/2025 21:07,5.2,923.6,15.44,5.84,0,0,95
datainjector-98ccb8f89-wr5hg,23/01/2025 21:07,492.8,1.13,15.44,7.31,0,0,96
postgres-7b7f6d75f9-q5dvq,23/01/2025 21:07,863.2,94.06,15.44,0.59,0,0,39
redis-65d8857849-9n6lp,23/01/2025 21:07,1941,3.389,15.44,21.94,0,0,7
analyzer-79d4c78db5-g626p,23/01/2025 21:07,5322.5,3.325,15.44,21.53,0,0,210
crud-rest-7c7fd547c9-rs5hs,23/01/2025 21:07,4.9,923.6,15.44,5.84,0,0,95
datainjector-98ccb8f89-wr5hg,23/01/2025 21:07,139.6,1.13,15.44,7.31,0,0,95
postgres-7b7f6d75f9-q5dvq,23/01/2025 21:07,787.5,93.93,15.44,0.59,0,0,39
redis-65d8857849-9n6lp,23/01/2025 21:07,1830.5,3.408,15.44,22.06,0,0,7
analyzer-79d4c78db5-g626p,23/01/2025 21:07,5686.2,3.325,15.44,21.53,0,0,210
crud-rest-7c7fd547c9-rs5hs,23/01/2025 21:07,5.1,923.6,15.44,5.84,0,0,95
datainjector-98ccb8f89-wr5hg,23/01/2025 21:07,28.2,1.13,15.44,7.31,0,0,95
postgres-7b7f6d75f9-q5dvq,23/01/2025 21:07,873.3,93.93,15.44,0.59,0,0,39
redis-65d8857849-9n6lp,23/01/2025 21:07,1732.2,3.421,15.44,22.15,0,0,7
analyzer-79d4c78db5-g626p,23/01/2025 21:07,4878.8,3.325,15.44,21.53,0,0,208
crud-rest-7c7fd547c9-rs5hs,23/01/2025 21:07,6.4,923.6,15.44,5.84,0,0,95
datainjector-98ccb8f89-wr5hg,23/01/2025 21:07,601.9,1.13,15.44,7.31,0,0,95
postgres-7b7f6d75f9-q5dvq,23/01/2025 21:07,939,93.93,15.44,0.59,0,0,39
redis-65d8857849-9n6lp,23/01/2025 21:07,1920.7,3.42,15.44,22.15,0,0,7
analyzer-79d4c78db5-g626p,23/01/2025 21:07,5550.4,3.324,15.44,21.52,0,0,207
crud-rest-7c7fd547c9-rs5hs,23/01/2025 21:07,3.9,923.6,15.44,5.84,0,0,95
datainjector-98ccb8f89-wr5hg,23/01/2025 21:07,330.8,1.13,15.44,7.31,0,0,95
postgres-7b7f6d75f9-q5dvq,23/01/2025 21:07,876.4,93.93,15.44,0.59,0,0,39
redis-65d8857849-9n6lp,23/01/2025 21:07,1721.5,3.207,15.44,20.76,0,0,7
analyzer-79d4c78db5-g626p,23/01/2025 21:07,4613.6,3.324,15.44,21.52,0,0,207
crud-rest-7c7fd547c9-rs5hs,23/01/2025 21:07,7.7,923.5,15.44,5.84,0,0,94
datainjector-98ccb8f89-wr5hg,23/01/2025 21:07,60.9,1.13,15.44,7.31,0,0,95
postgres-7b7f6d75f9-q5dvq,23/01/2025 21:07,780.8,93.93,15.44,0.59,0,0,39
redis-65d8857849-9n6lp,23/01/2025 21:08,883.9,3.215,15.44,20.82,0,0,6
analyzer-79d4c78db5-g626p,23/01/2025 21:08,6019.6,3.324,15.44,21.52,0,0,208
crud-rest-7c7fd547c9-rs5hs,23/01/2025 21:08,7,923.5,15.44,5.84,0,0,94
datainjector-98ccb8f89-wr5hg,23/01/2025 21:08,769.1,1.13,15.44,7.31,0,0,95
postgres-7b7f6d75f9-q5dvq,23/01/2025 21:08,760,93.93,15.44,0.59,0,0,39
redis-65d8857849-9n6lp,23/01/2025 21:08,929.5,3.219,15.44,20.84,0,0,6
analyzer-79d4c78db5-g626p,23/01/2025 21:08,6199.3,3.324,15.44,21.52,0,0,206
crud-rest-7c7fd547c9-rs5hs,23/01/2025 21:08,5.1,923.5,15.44,5.84,0,0,94
datainjector-98ccb8f89-wr5hg,23/01/2025 21:08,55.8,1.13,15.44,7.31,0,0,95
postgres-7b7f6d75f9-q5dvq,23/01/2025 21:08,904.4,93.94,15.44,0.59,0,0,39
redis-65d8857849-9n6lp,23/01/2025 21:08,848.7,3.225,15.44,20.88,0,0,6
analyzer-79d4c78db5-g626p,23/01/2025 21:08,6170.4,3.324,15.44,21.52,0,0,207
crud-rest-7c7fd547c9-rs5hs,23/01/2025 21:08,6,923.5,15.44,5.84,0,0,94
datainjector-98ccb8f89-wr5hg,23/01/2025 21:08,17.6,1.13,15.44,7.31,0,0,96
postgres-7b7f6d75f9-q5dvq,23/01/2025 21:08,813.2,93.94,15.44,0.59,0,0,39
redis-65d8857849-9n6lp,23/01/2025 21:08,909.8,3.226,15.44,20.89,0,0,6
analyzer-79d4c78db5-g626p,23/01/2025 21:08,5835.5,3.325,15.44,21.53,0,0,204
crud-rest-7c7fd547c9-rs5hs,23/01/2025 21:08,5.2,923.5,15.44,5.84,0,0,94
datainjector-98ccb8f89-wr5hg,23/01/2025 21:08,526.4,1.13,15.44,7.31,0,0,96
postgres-7b7f6d75f9-q5dvq,23/01/2025 21:08,952.3,94.06,15.44,0.59,0,0,39
redis-65d8857849-9n6lp,23/01/2025 21:08,892.9,3.227,15.44,20.9,0,0,6
analyzer-79d4c78db5-g626p,23/01/2025 21:08,5707.3,3.324,15.44,21.52,0,0,205
crud-rest-7c7fd547c9-rs5hs,23/01/2025 21:08,4.6,923.5,15.44,5.84,0,0,94
datainjector-98ccb8f89-wr5hg,23/01/2025 21:08,328.5,1.13,15.44,7.31,0,0,96
postgres-7b7f6d75f9-q5dvq,23/01/2025 21:08,884.7,93.94,15.44,0.59,0,0,39
redis-65d8857849-9n6lp,23/01/2025 21:08,896.7,3.231,15.44,20.92,0,0,6
analyzer-79d4c78db5-g626p,23/01/2025 21:08,5472.8,3.324,15.44,21.52,0,0,204
crud-rest-7c7fd547c9-rs5hs,23/01/2025 21:08,4.7,923.5,15.44,5.84,0,0,94
datainjector-98ccb8f89-wr5hg,23/01/2025 21:08,580.4,1.13,15.44,7.31,0,0,96
postgres-7b7f6d75f9-q5dvq,23/01/2025 21:08,858.9,93.94,15.44,0.59,0,0,39
redis-65d8857849-9n6lp,23/01/2025 21:08,938.4,3.236,15.44,20.95,0,0,6
analyzer-79d4c78db5-g626p,23/01/2025 21:08,5768.8,3.185,15.44,20.62,0,0,203
crud-rest-7c7fd547c9-rs5hs,23/01/2025 21:08,7.3,923.5,15.44,5.84,0,0,94
datainjector-98ccb8f89-wr5hg,23/01/2025 21:08,596.4,1.13,15.44,7.31,0,0,96
postgres-7b7f6d75f9-q5dvq,23/01/2025 21:08,973.5,93.94,15.44,0.59,0,0,39
redis-65d8857849-9n6lp,23/01/2025 21:08,776,3.235,15.44,20.94,0,0,6
analyzer-79d4c78db5-g626p,23/01/2025 21:08,5801.8,3.185,15.44,20.62,0,0,203
crud-rest-7c7fd547c9-rs5hs,23/01/2025 21:08,15.4,923.5,15.44,5.84,0,0,94
datainjector-98ccb8f89-wr5hg,23/01/2025 21:08,231.9,1.144,15.44,7.41,0,0,96
postgres-7b7f6d75f9-q5dvq,23/01/2025 21:08,824.5,93.94,15.44,0.59,0,0,39
redis-65d8857849-9n6lp,23/01/2025 21:08,933.3,3.231,15.44,20.92,0,0,6
analyzer-79d4c78db5-g626p,23/01/2025 21:08,5357.2,3.185,15.44,20.62,0,0,202
crud-rest-7c7fd547c9-rs5hs,23/01/2025 21:08,4.9,923.5,15.44,5.84,0,0,94
datainjector-98ccb8f89-wr5hg,23/01/2025 21:08,610.4,1.152,15.44,7.46,0,0,96
postgres-7b7f6d75f9-q5dvq,23/01/2025 21:08,907.9,93.94,15.44,0.59,0,0,39
redis-65d8857849-9n6lp,23/01/2025 21:08,838.1,3.231,15.44,20.92,0,0,6
analyzer-79d4c78db5-g626p,23/01/2025 21:08,5718.6,3.185,15.44,20.62,0,0,201
crud-rest-7c7fd547c9-rs5hs,23/01/2025 21:08,5.4,923.5,15.44,5.84,0,0,94
datainjector-98ccb8f89-wr5hg,23/01/2025 21:08,105.2,1.156,15.44,7.48,0,0,95
postgres-7b7f6d75f9-q5dvq,23/01/2025 21:08,820.5,93.95,15.44,0.59,0,0,39
redis-65d8857849-9n6lp,23/01/2025 21:08,826.1,3.219,15.44,20.84,0,0,6
analyzer-79d4c78db5-g626p,23/01/2025 21:08,5506.8,3.185,15.44,20.62,0,0,200
crud-rest-7c7fd547c9-rs5hs,23/01/2025 21:08,6.5,923.5,15.44,5.84,0,0,94
datainjector-98ccb8f89-wr5hg,23/01/2025 21:08,517.9,1.16,15.44,7.51,0,0,95
postgres-7b7f6d75f9-q5dvq,23/01/2025 21:08,891.3,94.03,15.44,0.59,0,0,39
redis-65d8857849-9n6lp,23/01/2025 21:08,880.7,3.219,15.44,20.84,0,0,6
analyzer-79d4c78db5-g626p,23/01/2025 21:08,5808.9,3.185,15.44,20.62,0,0,200
crud-rest-7c7fd547c9-rs5hs,23/01/2025 21:08,3.8,923.5,15.44,5.84,0,0,94
datainjector-98ccb8f89-wr5hg,23/01/2025 21:08,490.2,1.16,15.44,7.51,0,0,95
postgres-7b7f6d75f9-q5dvq,23/01/2025 21:08,941.9,94.03,15.44,0.59,0,0,39
redis-65d8857849-9n6lp,23/01/2025 21:08,776.5,3.21,15.44,20.79,0,0,6
analyzer-79d4c78db5-g626p,23/01/2025 21:08,6257.1,3.059,15.44,19.81,0,0,195
crud-rest-7c7fd547c9-rs5hs,23/01/2025 21:08,4.5,923.5,15.44,5.84,0,0,94
datainjector-98ccb8f89-wr5hg,23/01/2025 21:08,543.6,1.164,15.44,7.53,0,0,95
postgres-7b7f6d75f9-q5dvq,23/01/2025 21:08,807.7,94.03,15.44,0.59,0,0,39
redis-65d8857849-9n6lp,23/01/2025 21:08,871,3.205,15.44,20.75,0,0,6
analyzer-79d4c78db5-g626p,23/01/2025 21:08,5763.4,3.059,15.44,19.81,0,0,197
crud-rest-7c7fd547c9-rs5hs,23/01/2025 21:08,10.3,923.4,15.44,5.84,0,0,93
datainjector-98ccb8f89-wr5hg,23/01/2025 21:08,52.8,1.163,15.44,7.53,0,0,95
postgres-7b7f6d75f9-q5dvq,23/01/2025 21:08,844.7,94.03,15.44,0.59,0,0,39
redis-65d8857849-9n6lp,23/01/2025 21:09,1774.2,3.293,15.44,21.32,0,0,7
analyzer-79d4c78db5-g626p,23/01/2025 21:09,5265.3,3.059,15.44,19.81,0,0,197
crud-rest-7c7fd547c9-rs5hs,23/01/2025 21:09,30.9,923.4,15.44,5.84,0,0,93
datainjector-98ccb8f89-wr5hg,23/01/2025 21:09,317.5,1.167,15.44,7.56,0,0,95
postgres-7b7f6d75f9-q5dvq,23/01/2025 21:09,764.2,94.03,15.44,0.59,0,0,39
redis-65d8857849-9n6lp,23/01/2025 21:09,1830,3.336,15.44,21.6,0,0,7
analyzer-79d4c78db5-g626p,23/01/2025 21:09,5179.7,3.059,15.44,19.81,0,0,195
crud-rest-7c7fd547c9-rs5hs,23/01/2025 21:09,6.1,923.4,15.44,5.84,0,0,93
datainjector-98ccb8f89-wr5hg,23/01/2025 21:09,560.4,1.167,15.44,7.56,0,0,95
postgres-7b7f6d75f9-q5dvq,23/01/2025 21:09,832.9,94.03,15.44,0.59,0,0,39
redis-65d8857849-9n6lp,23/01/2025 21:09,1846,3.364,15.44,21.78,0,0,7
analyzer-79d4c78db5-g626p,23/01/2025 21:09,4310.4,3.059,15.44,19.81,0,0,195
crud-rest-7c7fd547c9-rs5hs,23/01/2025 21:09,6.4,923.4,15.44,5.84,0,0,93
datainjector-98ccb8f89-wr5hg,23/01/2025 21:09,592.6,1.167,15.44,7.56,0,0,95
postgres-7b7f6d75f9-q5dvq,23/01/2025 21:09,706.4,94.03,15.44,0.59,0,0,39
redis-65d8857849-9n6lp,23/01/2025 21:09,1755,3.387,15.44,21.93,0,0,7
analyzer-79d4c78db5-g626p,23/01/2025 21:09,5089.5,3.011,15.44,19.5,0,0,194
crud-rest-7c7fd547c9-rs5hs,23/01/2025 21:09,4.5,923.4,15.44,5.84,0,0,93
datainjector-98ccb8f89-wr5hg,23/01/2025 21:09,598.9,1.167,15.44,7.56,0,0,95
postgres-7b7f6d75f9-q5dvq,23/01/2025 21:09,689.1,94.03,15.44,0.59,0,0,39
redis-65d8857849-9n6lp,23/01/2025 21:09,1883,3.411,15.44,22.09,0,0,7
analyzer-79d4c78db5-g626p,23/01/2025 21:09,4881.3,3.011,15.44,19.5,0,0,191
crud-rest-7c7fd547c9-rs5hs,23/01/2025 21:09,4.4,923.4,15.44,5.84,0,0,93
datainjector-98ccb8f89-wr5hg,23/01/2025 21:09,607.5,1.167,15.44,7.56,0,0,95
postgres-7b7f6d75f9-q5dvq,23/01/2025 21:09,781.3,94.03,15.44,0.59,0,0,39
redis-65d8857849-9n6lp,23/01/2025 21:09,1871.6,3.434,15.44,22.24,0,0,7
analyzer-79d4c78db5-g626p,23/01/2025 21:09,5109.2,3.011,15.44,19.5,0,0,190
crud-rest-7c7fd547c9-rs5hs,23/01/2025 21:09,9.1,923.6,15.44,5.84,0,0,95
datainjector-98ccb8f89-wr5hg,23/01/2025 21:09,480,1.167,15.44,7.56,0,0,95
postgres-7b7f6d75f9-q5dvq,23/01/2025 21:09,762.3,94.03,15.44,0.59,0,0,39
redis-65d8857849-9n6lp,23/01/2025 21:09,1863.1,3.459,15.44,22.39,0,0,7
analyzer-79d4c78db5-g626p,23/01/2025 21:09,5447.6,3.011,15.44,19.5,0,0,190
crud-rest-7c7fd547c9-rs5hs,23/01/2025 21:09,3.8,923.6,15.44,5.84,0,0,95
datainjector-98ccb8f89-wr5hg,23/01/2025 21:09,179.7,1.167,15.44,7.56,0,0,95
postgres-7b7f6d75f9-q5dvq,23/01/2025 21:09,819.1,94.03,15.44,0.59,0,0,39
redis-65d8857849-9n6lp,23/01/2025 21:09,1867,3.485,15.44,22.56,0,0,7
analyzer-79d4c78db5-g626p,23/01/2025 21:09,5675.8,3.011,15.44,19.5,0,0,191
crud-rest-7c7fd547c9-rs5hs,23/01/2025 21:09,35.5,923.6,15.44,5.84,0,0,95
datainjector-98ccb8f89-wr5hg,23/01/2025 21:09,40,1.169,15.44,7.57,0,0,95
postgres-7b7f6d75f9-q5dvq,23/01/2025 21:09,854.4,94.03,15.44,0.59,0,0,39
redis-65d8857849-9n6lp,23/01/2025 21:09,1727.7,3.512,15.44,22.74,0,0,7
analyzer-79d4c78db5-g626p,23/01/2025 21:09,5583.6,2.919,15.44,18.9,0,0,189
crud-rest-7c7fd547c9-rs5hs,23/01/2025 21:09,5.6,923.6,15.44,5.84,0,0,95
datainjector-98ccb8f89-wr5hg,23/01/2025 21:09,347.8,1.168,15.44,7.57,0,0,95
postgres-7b7f6d75f9-q5dvq,23/01/2025 21:09,735.5,94.03,15.44,0.59,0,0,39
redis-65d8857849-9n6lp,23/01/2025 21:09,1789.8,3.501,15.44,22.67,0,0,7
analyzer-79d4c78db5-g626p,23/01/2025 21:09,4588.3,2.919,15.44,18.9,0,0,188
crud-rest-7c7fd547c9-rs5hs,23/01/2025 21:09,4.1,923.6,15.44,5.84,0,0,95
datainjector-98ccb8f89-wr5hg,23/01/2025 21:09,645.5,1.168,15.44,7.56,0,0,94
postgres-7b7f6d75f9-q5dvq,23/01/2025 21:09,752.2,94.03,15.44,0.59,0,0,39
redis-65d8857849-9n6lp,23/01/2025 21:09,844.5,3.133,15.44,20.28,0,0,6
analyzer-79d4c78db5-g626p,23/01/2025 21:09,5658.8,2.919,15.44,18.9,0,0,188
crud-rest-7c7fd547c9-rs5hs,23/01/2025 21:09,8,923.6,15.44,5.84,0,0,95
datainjector-98ccb8f89-wr5hg,23/01/2025 21:09,7.6,1.168,15.44,7.56,0,0,94
postgres-7b7f6d75f9-q5dvq,23/01/2025 21:09,749.2,94.03,15.44,0.59,0,0,39
redis-65d8857849-9n6lp,23/01/2025 21:09,846,3.131,15.44,20.27,0,0,6
analyzer-79d4c78db5-g626p,23/01/2025 21:09,6292,2.919,15.44,18.9,0,0,186
crud-rest-7c7fd547c9-rs5hs,23/01/2025 21:09,6.6,923.6,15.44,5.84,0,0,95
datainjector-98ccb8f89-wr5hg,23/01/2025 21:09,602.6,1.168,15.44,7.56,0,0,94
postgres-7b7f6d75f9-q5dvq,23/01/2025 21:09,811.6,94.03,15.44,0.59,0,0,39
redis-65d8857849-9n6lp,23/01/2025 21:09,772.5,3.128,15.44,20.25,0,0,6
analyzer-79d4c78db5-g626p,23/01/2025 21:09,5895.3,2.919,15.44,18.9,0,0,185
crud-rest-7c7fd547c9-rs5hs,23/01/2025 21:09,7,923.6,15.44,5.84,0,0,94
datainjector-98ccb8f89-wr5hg,23/01/2025 21:09,310,1.168,15.44,7.57,0,0,94
postgres-7b7f6d75f9-q5dvq,23/01/2025 21:09,934.1,94.03,15.44,0.59,0,0,39
redis-65d8857849-9n6lp,23/01/2025 21:09,797.9,3.134,15.44,20.29,0,0,6
analyzer-79d4c78db5-g626p,23/01/2025 21:09,5104.8,2.826,15.44,18.3,0,0,183
crud-rest-7c7fd547c9-rs5hs,23/01/2025 21:09,6.4,923.6,15.44,5.84,0,0,94
datainjector-98ccb8f89-wr5hg,23/01/2025 21:09,160.5,1.168,15.44,7.56,0,0,94
postgres-7b7f6d75f9-q5dvq,23/01/2025 21:09,866.3,94.03,15.44,0.59,0,0,39
redis-65d8857849-9n6lp,23/01/2025 21:10,876.9,3.139,15.44,20.33,0,0,6
analyzer-79d4c78db5-g626p,23/01/2025 21:10,5473.1,2.826,15.44,18.3,0,0,183
crud-rest-7c7fd547c9-rs5hs,23/01/2025 21:10,6.2,923.6,15.44,5.84,0,0,94
datainjector-98ccb8f89-wr5hg,23/01/2025 21:10,460.5,1.168,15.44,7.56,0,0,94
postgres-7b7f6d75f9-q5dvq,23/01/2025 21:10,862.6,94.03,15.44,0.59,0,0,39
redis-65d8857849-9n6lp,23/01/2025 21:10,856.4,3.136,15.44,20.3,0,0,6
analyzer-79d4c78db5-g626p,23/01/2025 21:10,5776.5,2.826,15.44,18.29,0,0,182
crud-rest-7c7fd547c9-rs5hs,23/01/2025 21:10,5.2,923.6,15.44,5.84,0,0,94
datainjector-98ccb8f89-wr5hg,23/01/2025 21:10,252.9,1.169,15.44,7.57,0,0,96
postgres-7b7f6d75f9-q5dvq,23/01/2025 21:10,919.4,94.03,15.44,0.59,0,0,39
redis-65d8857849-9n6lp,23/01/2025 21:10,864.7,3.124,15.44,20.23,0,0,6
analyzer-79d4c78db5-g626p,23/01/2025 21:10,5800.6,2.826,15.44,18.29,0,0,181
crud-rest-7c7fd547c9-rs5hs,23/01/2025 21:10,4.6,923.6,15.44,5.84,0,0,94
datainjector-98ccb8f89-wr5hg,23/01/2025 21:10,480.8,1.169,15.44,7.57,0,0,96
postgres-7b7f6d75f9-q5dvq,23/01/2025 21:10,946.5,94.03,15.44,0.59,0,0,39
redis-65d8857849-9n6lp,23/01/2025 21:10,918.4,3.137,15.44,20.31,0,0,6
analyzer-79d4c78db5-g626p,23/01/2025 21:10,6229.1,2.825,15.44,18.29,0,0,179
crud-rest-7c7fd547c9-rs5hs,23/01/2025 21:10,7.3,923.6,15.44,5.84,0,0,94
datainjector-98ccb8f89-wr5hg,23/01/2025 21:10,258,1.169,15.44,7.57,0,0,96
postgres-7b7f6d75f9-q5dvq,23/01/2025 21:10,954.9,94.03,15.44,0.59,0,0,39
redis-65d8857849-9n6lp,23/01/2025 21:10,848.2,3.14,15.44,20.33,0,0,6
analyzer-79d4c78db5-g626p,23/01/2025 21:10,5788.4,2.706,15.44,17.52,0,0,178
crud-rest-7c7fd547c9-rs5hs,23/01/2025 21:10,5.8,923.6,15.44,5.84,0,0,94
datainjector-98ccb8f89-wr5hg,23/01/2025 21:10,290.2,1.169,15.44,7.57,0,0,96
postgres-7b7f6d75f9-q5dvq,23/01/2025 21:10,736,94.03,15.44,0.59,0,0,39
redis-65d8857849-9n6lp,23/01/2025 21:10,839.2,3.132,15.44,20.28,0,0,6
analyzer-79d4c78db5-g626p,23/01/2025 21:10,5104.7,2.706,15.44,17.52,0,0,176
crud-rest-7c7fd547c9-rs5hs,23/01/2025 21:10,12.7,923.6,15.44,5.84,0,0,95
datainjector-98ccb8f89-wr5hg,23/01/2025 21:10,623.9,1.169,15.44,7.57,0,0,96
postgres-7b7f6d75f9-q5dvq,23/01/2025 21:10,786.5,94.03,15.44,0.59,0,0,39
redis-65d8857849-9n6lp,23/01/2025 21:10,840.6,3.145,15.44,20.36,0,0,6
analyzer-79d4c78db5-g626p,23/01/2025 21:10,5724.7,2.706,15.44,17.52,0,0,175
crud-rest-7c7fd547c9-rs5hs,23/01/2025 21:10,5.3,923.6,15.44,5.84,0,0,95
datainjector-98ccb8f89-wr5hg,23/01/2025 21:10,35.1,1.169,15.44,7.57,0,0,96
postgres-7b7f6d75f9-q5dvq,23/01/2025 21:10,831.4,94.03,15.44,0.59,0,0,39
redis-65d8857849-9n6lp,23/01/2025 21:10,836.5,3.139,15.44,20.32,0,0,6
analyzer-79d4c78db5-g626p,23/01/2025 21:10,5554.7,2.706,15.44,17.52,0,0,173
crud-rest-7c7fd547c9-rs5hs,23/01/2025 21:10,5.3,923.6,15.44,5.84,0,0,95
datainjector-98ccb8f89-wr5hg,23/01/2025 21:10,444.5,1.169,15.44,7.57,0,0,96
postgres-7b7f6d75f9-q5dvq,23/01/2025 21:10,832.1,94.03,15.44,0.59,0,0,39
redis-65d8857849-9n6lp,23/01/2025 21:10,865.6,3.147,15.44,20.38,0,0,6
analyzer-79d4c78db5-g626p,23/01/2025 21:10,5518.4,2.626,15.44,17,0,0,172
crud-rest-7c7fd547c9-rs5hs,23/01/2025 21:10,5.2,923.6,15.44,5.84,0,0,95
datainjector-98ccb8f89-wr5hg,23/01/2025 21:10,502.7,1.168,15.44,7.57,0,0,95
postgres-7b7f6d75f9-q5dvq,23/01/2025 21:10,871.1,94.03,15.44,0.59,0,0,39
redis-65d8857849-9n6lp,23/01/2025 21:10,1693,3.179,15.44,20.58,0,0,7
analyzer-79d4c78db5-g626p,23/01/2025 21:10,4584.5,2.626,15.44,17,0,0,171
crud-rest-7c7fd547c9-rs5hs,23/01/2025 21:10,5.7,923.6,15.44,5.84,0,0,95
datainjector-98ccb8f89-wr5hg,23/01/2025 21:10,177.8,1.168,15.44,7.57,0,0,95
postgres-7b7f6d75f9-q5dvq,23/01/2025 21:10,587.6,94.03,15.44,0.59,0,0,39
redis-65d8857849-9n6lp,23/01/2025 21:10,1828.4,3.23,15.44,20.91,0,0,7
analyzer-79d4c78db5-g626p,23/01/2025 21:10,4057.9,2.626,15.44,17,0,0,170
crud-rest-7c7fd547c9-rs5hs,23/01/2025 21:10,6.6,923.6,15.44,5.84,0,0,95
datainjector-98ccb8f89-wr5hg,23/01/2025 21:10,689.9,1.168,15.44,7.57,0,0,95
postgres-7b7f6d75f9-q5dvq,23/01/2025 21:10,600.6,94.03,15.44,0.59,0,0,39
redis-65d8857849-9n6lp,23/01/2025 21:10,1788.2,3.301,15.44,21.38,0,0,7
analyzer-79d4c78db5-g626p,23/01/2025 21:10,5386.1,2.626,15.44,17,0,0,170
crud-rest-7c7fd547c9-rs5hs,23/01/2025 21:10,4.3,923.6,15.44,5.84,0,0,95
datainjector-98ccb8f89-wr5hg,23/01/2025 21:10,8.6,1.168,15.44,7.57,0,0,95
postgres-7b7f6d75f9-q5dvq,23/01/2025 21:10,697.2,94.03,15.44,0.59,0,0,39
redis-65d8857849-9n6lp,23/01/2025 21:10,1840.6,3.351,15.44,21.7,0,0,7
analyzer-79d4c78db5-g626p,23/01/2025 21:10,5142.1,2.626,15.44,17,0,0,170
crud-rest-7c7fd547c9-rs5hs,23/01/2025 21:10,10.3,923.6,15.44,5.84,0,0,94
datainjector-98ccb8f89-wr5hg,23/01/2025 21:10,169.9,1.168,15.44,7.57,0,0,95
postgres-7b7f6d75f9-q5dvq,23/01/2025 21:10,704.7,94.03,15.44,0.59,0,0,39
redis-65d8857849-9n6lp,23/01/2025 21:11,1687,3.406,15.44,22.05,0,0,7
analyzer-79d4c78db5-g626p,23/01/2025 21:11,4807.6,2.526,15.44,16.36,0,0,168
crud-rest-7c7fd547c9-rs5hs,23/01/2025 21:11,4,923.6,15.44,5.84,0,0,94
datainjector-98ccb8f89-wr5hg,23/01/2025 21:11,531.9,1.169,15.44,7.57,0,0,95
postgres-7b7f6d75f9-q5dvq,23/01/2025 21:11,771.6,94.03,15.44,0.59,0,0,39
redis-65d8857849-9n6lp,23/01/2025 21:11,1824.7,3.447,15.44,22.32,0,0,7
analyzer-79d4c78db5-g626p,23/01/2025 21:11,4262.7,2.526,15.44,16.36,0,0,167
crud-rest-7c7fd547c9-rs5hs,23/01/2025 21:11,6.1,923.6,15.44,5.84,0,0,94
datainjector-98ccb8f89-wr5hg,23/01/2025 21:11,781.7,1.169,15.44,7.57,0,0,95
postgres-7b7f6d75f9-q5dvq,23/01/2025 21:11,665.1,94.03,15.44,0.59,0,0,39
redis-65d8857849-9n6lp,23/01/2025 21:11,1691.3,3.477,15.44,22.51,0,0,7
analyzer-79d4c78db5-g626p,23/01/2025 21:11,4663.7,2.526,15.44,16.36,0,0,168
crud-rest-7c7fd547c9-rs5hs,23/01/2025 21:11,14.1,923.6,15.44,5.84,0,0,94
datainjector-98ccb8f89-wr5hg,23/01/2025 21:11,284.4,1.169,15.44,7.57,0,0,96
postgres-7b7f6d75f9-q5dvq,23/01/2025 21:11,635.6,94.03,15.44,0.59,0,0,39
redis-65d8857849-9n6lp,23/01/2025 21:11,1845.9,3.504,15.44,22.69,0,0,7
analyzer-79d4c78db5-g626p,23/01/2025 21:11,5189.7,2.526,15.44,16.36,0,0,168
crud-rest-7c7fd547c9-rs5hs,23/01/2025 21:11,5.2,923.6,15.44,5.84,0,0,94
datainjector-98ccb8f89-wr5hg,23/01/2025 21:11,84.4,1.169,15.44,7.57,0,0,96
postgres-7b7f6d75f9-q5dvq,23/01/2025 21:11,727.8,94.03,15.44,0.59,0,0,39
redis-65d8857849-9n6lp,23/01/2025 21:11,1830.8,3.53,15.44,22.85,0,0,7
analyzer-79d4c78db5-g626p,23/01/2025 21:11,5165.6,2.452,15.44,15.88,0,0,168
crud-rest-7c7fd547c9-rs5hs,23/01/2025 21:11,4.4,923.6,15.44,5.84,0,0,94
datainjector-98ccb8f89-wr5hg,23/01/2025 21:11,287.1,1.169,15.44,7.57,0,0,96
postgres-7b7f6d75f9-q5dvq,23/01/2025 21:11,798.3,94.03,15.44,0.59,0,0,39
redis-65d8857849-9n6lp,23/01/2025 21:11,1876.2,3.547,15.44,22.96,0,0,7
analyzer-79d4c78db5-g626p,23/01/2025 21:11,5130.2,2.452,15.44,15.88,0,0,168
crud-rest-7c7fd547c9-rs5hs,23/01/2025 21:11,9.6,923.7,15.44,5.84,0,0,95
datainjector-98ccb8f89-wr5hg,23/01/2025 21:11,547.4,1.169,15.44,7.57,0,0,96
postgres-7b7f6d75f9-q5dvq,23/01/2025 21:11,770.7,94.03,15.44,0.59,0,0,39
redis-65d8857849-9n6lp,23/01/2025 21:11,1770.5,3.579,15.44,23.17,0,0,7
analyzer-79d4c78db5-g626p,23/01/2025 21:11,5266.7,2.452,15.44,15.88,0,0,168
crud-rest-7c7fd547c9-rs5hs,23/01/2025 21:11,4.3,923.7,15.44,5.84,0,0,95
datainjector-98ccb8f89-wr5hg,23/01/2025 21:11,310.8,1.169,15.44,7.57,0,0,96
postgres-7b7f6d75f9-q5dvq,23/01/2025 21:11,808.2,94.03,15.44,0.59,0,0,39
redis-65d8857849-9n6lp,23/01/2025 21:11,1657.7,3.592,15.44,23.26,0,0,7
analyzer-79d4c78db5-g626p,23/01/2025 21:11,5810.2,2.452,15.44,15.88,0,0,168
crud-rest-7c7fd547c9-rs5hs,23/01/2025 21:11,5.2,923.7,15.44,5.84,0,0,95
datainjector-98ccb8f89-wr5hg,23/01/2025 21:11,4.1,1.169,15.44,7.57,0,0,96
postgres-7b7f6d75f9-q5dvq,23/01/2025 21:11,636.1,94.03,15.44,0.59,0,0,39
redis-65d8857849-9n6lp,23/01/2025 21:11,832.3,3.153,15.44,20.42,0,0,6
analyzer-79d4c78db5-g626p,23/01/2025 21:11,5734.2,2.452,15.44,15.88,0,0,168
crud-rest-7c7fd547c9-rs5hs,23/01/2025 21:11,9.6,923.7,15.44,5.84,0,0,95
datainjector-98ccb8f89-wr5hg,23/01/2025 21:11,498.2,1.169,15.44,7.57,0,0,96
postgres-7b7f6d75f9-q5dvq,23/01/2025 21:11,925.6,94.04,15.44,0.59,0,0,39
redis-65d8857849-9n6lp,23/01/2025 21:11,865,3.152,15.44,20.41,0,0,6
analyzer-79d4c78db5-g626p,23/01/2025 21:11,5249.6,2.452,15.44,15.88,0,0,167
crud-rest-7c7fd547c9-rs5hs,23/01/2025 21:11,4.3,923.7,15.44,5.84,0,0,95
datainjector-98ccb8f89-wr5hg,23/01/2025 21:11,643.9,1.169,15.44,7.57,0,0,95
postgres-7b7f6d75f9-q5dvq,23/01/2025 21:11,818.8,94.04,15.44,0.59,0,0,39
redis-65d8857849-9n6lp,23/01/2025 21:11,925.9,3.15,15.44,20.4,0,0,6
analyzer-79d4c78db5-g626p,23/01/2025 21:11,5145.1,2.452,15.44,15.88,0,0,167
crud-rest-7c7fd547c9-rs5hs,23/01/2025 21:11,9,923.7,15.44,5.84,0,0,95
datainjector-98ccb8f89-wr5hg,23/01/2025 21:11,467.8,1.168,15.44,7.57,0,0,95
postgres-7b7f6d75f9-q5dvq,23/01/2025 21:11,743.9,94.04,15.44,0.59,0,0,39
redis-65d8857849-9n6lp,23/01/2025 21:11,838.6,3.156,15.44,20.43,0,0,6
analyzer-79d4c78db5-g626p,23/01/2025 21:11,5849.9,2.452,15.44,15.88,0,0,166
crud-rest-7c7fd547c9-rs5hs,23/01/2025 21:11,4.6,923.7,15.44,5.84,0,0,95
datainjector-98ccb8f89-wr5hg,23/01/2025 21:11,35.4,1.169,15.44,7.57,0,0,95
postgres-7b7f6d75f9-q5dvq,23/01/2025 21:11,863.4,94.04,15.44,0.59,0,0,39
redis-65d8857849-9n6lp,23/01/2025 21:11,856,3.145,15.44,20.36,0,0,6
analyzer-79d4c78db5-g626p,23/01/2025 21:11,5398.9,2.452,15.44,15.88,0,0,164
crud-rest-7c7fd547c9-rs5hs,23/01/2025 21:11,5.2,923.6,15.44,5.84,0,0,94
datainjector-98ccb8f89-wr5hg,23/01/2025 21:11,594.8,1.171,15.44,7.58,0,0,95
postgres-7b7f6d75f9-q5dvq,23/01/2025 21:11,847.6,94.05,15.44,0.59,0,0,39
redis-65d8857849-9n6lp,23/01/2025 21:11,789.9,3.157,15.44,20.44,0,0,6
analyzer-79d4c78db5-g626p,23/01/2025 21:11,6119.5,2.452,15.44,15.88,0,0,164
crud-rest-7c7fd547c9-rs5hs,23/01/2025 21:11,4.2,923.6,15.44,5.84,0,0,94
datainjector-98ccb8f89-wr5hg,23/01/2025 21:11,882.3,1.171,15.44,7.58,0,0,95
postgres-7b7f6d75f9-q5dvq,23/01/2025 21:11,851.4,94.05,15.44,0.59,0,0,39
redis-65d8857849-9n6lp,23/01/2025 21:12,825.7,3.156,15.44,20.44,0,0,6
analyzer-79d4c78db5-g626p,23/01/2025 21:12,5440.3,2.452,15.44,15.88,0,0,165
crud-rest-7c7fd547c9-rs5hs,23/01/2025 21:12,4.7,923.6,15.44,5.84,0,0,94
datainjector-98ccb8f89-wr5hg,23/01/2025 21:12,728,1.171,15.44,7.58,0,0,95
postgres-7b7f6d75f9-q5dvq,23/01/2025 21:12,826.5,94.05,15.44,0.59,0,0,39
redis-65d8857849-9n6lp,23/01/2025 21:12,818.3,3.161,15.44,20.47,0,0,6
analyzer-79d4c78db5-g626p,23/01/2025 21:12,6325.7,2.44,15.44,15.8,0,0,164
crud-rest-7c7fd547c9-rs5hs,23/01/2025 21:12,4.5,923.6,15.44,5.84,0,0,94
datainjector-98ccb8f89-wr5hg,23/01/2025 21:12,74.9,1.171,15.44,7.58,0,0,96
postgres-7b7f6d75f9-q5dvq,23/01/2025 21:12,872.7,94.05,15.44,0.59,0,0,39
redis-65d8857849-9n6lp,23/01/2025 21:12,839.5,3.156,15.44,20.43,0,0,6
analyzer-79d4c78db5-g626p,23/01/2025 21:12,5211,2.44,15.44,15.8,0,0,161
crud-rest-7c7fd547c9-rs5hs,23/01/2025 21:12,4.4,923.6,15.44,5.84,0,0,94
datainjector-98ccb8f89-wr5hg,23/01/2025 21:12,526.6,1.171,15.44,7.58,0,0,96
postgres-7b7f6d75f9-q5dvq,23/01/2025 21:12,801.4,94.05,15.44,0.59,0,0,39
redis-65d8857849-9n6lp,23/01/2025 21:12,915.4,3.163,15.44,20.48,0,0,6
analyzer-79d4c78db5-g626p,23/01/2025 21:12,5515.2,2.44,15.44,15.8,0,0,159
crud-rest-7c7fd547c9-rs5hs,23/01/2025 21:12,5.2,923.6,15.44,5.84,0,0,94
datainjector-98ccb8f89-wr5hg,23/01/2025 21:12,576.5,1.171,15.44,7.58,0,0,96
postgres-7b7f6d75f9-q5dvq,23/01/2025 21:12,865.3,94.05,15.44,0.59,0,0,39
redis-65d8857849-9n6lp,23/01/2025 21:12,861.8,3.171,15.44,20.53,0,0,6
analyzer-79d4c78db5-g626p,23/01/2025 21:12,5701.2,2.332,15.44,15.1,0,0,159
crud-rest-7c7fd547c9-rs5hs,23/01/2025 21:12,7.5,923.6,15.44,5.84,0,0,94
datainjector-98ccb8f89-wr5hg,23/01/2025 21:12,83.6,1.171,15.44,7.58,0,0,96
postgres-7b7f6d75f9-q5dvq,23/01/2025 21:12,763.8,94.05,15.44,0.59,0,0,39
redis-65d8857849-9n6lp,23/01/2025 21:12,879.8,3.163,15.44,20.48,0,0,6
analyzer-79d4c78db5-g626p,23/01/2025 21:12,5263.4,2.332,15.44,15.1,0,0,159
crud-rest-7c7fd547c9-rs5hs,23/01/2025 21:12,9.6,923.7,15.44,5.84,0,0,95
datainjector-98ccb8f89-wr5hg,23/01/2025 21:12,548.7,1.171,15.44,7.58,0,0,96
postgres-7b7f6d75f9-q5dvq,23/01/2025 21:12,778.3,94.05,15.44,0.59,0,0,39
redis-65d8857849-9n6lp,23/01/2025 21:12,876.9,3.151,15.44,20.4,0,0,6
analyzer-79d4c78db5-g626p,23/01/2025 21:12,5338.2,2.332,15.44,15.1,0,0,157
crud-rest-7c7fd547c9-rs5hs,23/01/2025 21:12,5.7,923.7,15.44,5.84,0,0,95
datainjector-98ccb8f89-wr5hg,23/01/2025 21:12,472.5,1.171,15.44,7.58,0,0,96
postgres-7b7f6d75f9-q5dvq,23/01/2025 21:12,809.5,94.05,15.44,0.59,0,0,39
redis-65d8857849-9n6lp,23/01/2025 21:12,1723,3.211,15.44,20.79,0,0,7
analyzer-79d4c78db5-g626p,23/01/2025 21:12,4377.5,2.267,15.44,14.68,0,0,159
crud-rest-7c7fd547c9-rs5hs,23/01/2025 21:12,4.8,923.7,15.44,5.84,0,0,95
datainjector-98ccb8f89-wr5hg,23/01/2025 21:12,124.2,1.171,15.44,7.58,0,0,96
postgres-7b7f6d75f9-q5dvq,23/01/2025 21:12,591.4,94.05,15.44,0.59,0,0,39
redis-65d8857849-9n6lp,23/01/2025 21:12,1874.1,3.303,15.44,21.39,0,0,7
analyzer-79d4c78db5-g626p,23/01/2025 21:12,4812.7,2.267,15.44,14.68,0,0,159
crud-rest-7c7fd547c9-rs5hs,23/01/2025 21:12,4.1,923.7,15.44,5.84,0,0,95
datainjector-98ccb8f89-wr5hg,23/01/2025 21:12,234.2,1.171,15.44,7.58,0,0,95
postgres-7b7f6d75f9-q5dvq,23/01/2025 21:12,675.6,94.05,15.44,0.59,0,0,39
redis-65d8857849-9n6lp,23/01/2025 21:12,1845.6,3.362,15.44,21.77,0,0,7
analyzer-79d4c78db5-g626p,23/01/2025 21:12,5813.2,2.267,15.44,14.68,0,0,159
crud-rest-7c7fd547c9-rs5hs,23/01/2025 21:12,4,923.7,15.44,5.84,0,0,95
datainjector-98ccb8f89-wr5hg,23/01/2025 21:12,85.5,1.171,15.44,7.58,0,0,95
postgres-7b7f6d75f9-q5dvq,23/01/2025 21:12,763.9,94.05,15.44,0.59,0,0,39
redis-65d8857849-9n6lp,23/01/2025 21:12,1557.6,3.422,15.44,22.16,0,0,7
analyzer-79d4c78db5-g626p,23/01/2025 21:12,7364.1,2.232,15.44,14.45,0,0,159
crud-rest-7c7fd547c9-rs5hs,23/01/2025 21:12,3.9,923.7,15.44,5.84,0,0,95
datainjector-98ccb8f89-wr5hg,23/01/2025 21:12,302.8,1.171,15.44,7.58,0,0,95
postgres-7b7f6d75f9-q5dvq,23/01/2025 21:12,531.4,94.05,15.44,0.59,0,0,39
redis-65d8857849-9n6lp,23/01/2025 21:12,1884,3.464,15.44,22.43,0,0,7
analyzer-79d4c78db5-g626p,23/01/2025 21:12,4259.5,2.232,15.44,14.45,0,0,157
crud-rest-7c7fd547c9-rs5hs,23/01/2025 21:12,4,923.7,15.44,5.84,0,0,95
datainjector-98ccb8f89-wr5hg,23/01/2025 21:12,87,1.171,15.44,7.58,0,0,95
postgres-7b7f6d75f9-q5dvq,23/01/2025 21:12,777.6,94.05,15.44,0.59,0,0,39
redis-65d8857849-9n6lp,23/01/2025 21:12,1825.3,3.498,15.44,22.65,0,0,7
analyzer-79d4c78db5-g626p,23/01/2025 21:12,4870.1,2.232,15.44,14.45,0,0,158
crud-rest-7c7fd547c9-rs5hs,23/01/2025 21:12,9,923.6,15.44,5.84,0,0,94
datainjector-98ccb8f89-wr5hg,23/01/2025 21:12,424.1,1.171,15.44,7.58,0,0,95
postgres-7b7f6d75f9-q5dvq,23/01/2025 21:12,687.6,94.05,15.44,0.59,0,0,39
redis-65d8857849-9n6lp,23/01/2025 21:13,1851.8,3.52,15.44,22.79,0,0,7
analyzer-79d4c78db5-g626p,23/01/2025 21:13,4298,2.232,15.44,14.45,0,0,158
crud-rest-7c7fd547c9-rs5hs,23/01/2025 21:13,6.8,923.6,15.44,5.84,0,0,94
datainjector-98ccb8f89-wr5hg,23/01/2025 21:13,547,1.171,15.44,7.58,0,0,95
postgres-7b7f6d75f9-q5dvq,23/01/2025 21:13,657.8,94.05,15.44,0.59,0,0,39
redis-65d8857849-9n6lp,23/01/2025 21:13,1844.7,3.551,15.44,22.99,0,0,7
analyzer-79d4c78db5-g626p,23/01/2025 21:13,4476.6,2.234,15.44,14.47,0,0,158
crud-rest-7c7fd547c9-rs5hs,23/01/2025 21:13,16.5,923.7,15.44,5.84,0,0,94
datainjector-98ccb8f89-wr5hg,23/01/2025 21:13,634.3,1.173,15.44,7.59,0,0,95
postgres-7b7f6d75f9-q5dvq,23/01/2025 21:13,652.7,94.06,15.44,0.59,0,0,39
redis-65d8857849-9n6lp,23/01/2025 21:13,1879,3.575,15.44,23.15,0,0,7
analyzer-79d4c78db5-g626p,23/01/2025 21:13,5310.6,2.234,15.44,14.47,0,0,159
crud-rest-7c7fd547c9-rs5hs,23/01/2025 21:13,4.2,923.6,15.44,5.84,0,0,94
datainjector-98ccb8f89-wr5hg,23/01/2025 21:13,170.7,1.173,15.44,7.59,0,0,95
postgres-7b7f6d75f9-q5dvq,23/01/2025 21:13,750.4,94.06,15.44,0.59,0,0,39
redis-65d8857849-9n6lp,23/01/2025 21:13,1812.9,3.592,15.44,23.26,0,0,7
analyzer-79d4c78db5-g626p,23/01/2025 21:13,5428.2,2.234,15.44,14.47,0,0,160
crud-rest-7c7fd547c9-rs5hs,23/01/2025 21:13,9.5,923.6,15.44,5.84,0,0,94
datainjector-98ccb8f89-wr5hg,23/01/2025 21:13,34.2,1.173,15.44,7.59,0,0,95
postgres-7b7f6d75f9-q5dvq,23/01/2025 21:13,731.5,94.06,15.44,0.59,0,0,39
redis-65d8857849-9n6lp,23/01/2025 21:13,844.3,3.168,15.44,20.51,0,0,6
analyzer-79d4c78db5-g626p,23/01/2025 21:13,5555.7,2.234,15.44,14.47,0,0,160
crud-rest-7c7fd547c9-rs5hs,23/01/2025 21:13,4.6,923.6,15.44,5.84,0,0,94
datainjector-98ccb8f89-wr5hg,23/01/2025 21:13,331.2,1.173,15.44,7.59,0,0,95
postgres-7b7f6d75f9-q5dvq,23/01/2025 21:13,798.9,94.06,15.44,0.59,0,0,39
redis-65d8857849-9n6lp,23/01/2025 21:13,824.9,3.177,15.44,20.57,0,0,6
analyzer-79d4c78db5-g626p,23/01/2025 21:13,5875.1,2.234,15.44,14.47,0,0,161
crud-rest-7c7fd547c9-rs5hs,23/01/2025 21:13,6.1,923.7,15.44,5.84,0,0,95
datainjector-98ccb8f89-wr5hg,23/01/2025 21:13,42.9,1.173,15.44,7.59,0,0,95
postgres-7b7f6d75f9-q5dvq,23/01/2025 21:13,794.2,94.06,15.44,0.59,0,0,39
redis-65d8857849-9n6lp,23/01/2025 21:13,877.2,3.185,15.44,20.62,0,0,6
analyzer-79d4c78db5-g626p,23/01/2025 21:13,5420.8,2.234,15.44,14.47,0,0,161
crud-rest-7c7fd547c9-rs5hs,23/01/2025 21:13,10.3,923.7,15.44,5.84,0,0,95
datainjector-98ccb8f89-wr5hg,23/01/2025 21:13,135.2,1.173,15.44,7.59,0,0,95
postgres-7b7f6d75f9-q5dvq,23/01/2025 21:13,874.5,94.06,15.44,0.59,0,0,39
redis-65d8857849-9n6lp,23/01/2025 21:13,906.9,3.18,15.44,20.59,0,0,6
analyzer-79d4c78db5-g626p,23/01/2025 21:13,5521.3,2.234,15.44,14.47,0,0,161
crud-rest-7c7fd547c9-rs5hs,23/01/2025 21:13,5.1,923.7,15.44,5.84,0,0,95
datainjector-98ccb8f89-wr5hg,23/01/2025 21:13,526.8,1.173,15.44,7.59,0,0,95
postgres-7b7f6d75f9-q5dvq,23/01/2025 21:13,853.7,94.06,15.44,0.59,0,0,39
redis-65d8857849-9n6lp,23/01/2025 21:13,919,3.175,15.44,20.56,0,0,6
analyzer-79d4c78db5-g626p,23/01/2025 21:13,5779.7,2.234,15.44,14.47,0,0,160
crud-rest-7c7fd547c9-rs5hs,23/01/2025 21:13,21.1,923.7,15.44,5.84,0,0,95
datainjector-98ccb8f89-wr5hg,23/01/2025 21:13,388.9,1.173,15.44,7.59,0,0,95
postgres-7b7f6d75f9-q5dvq,23/01/2025 21:13,862.8,94.06,15.44,0.59,0,0,39
redis-65d8857849-9n6lp,23/01/2025 21:13,815.9,3.169,15.44,20.52,0,0,6
analyzer-79d4c78db5-g626p,23/01/2025 21:13,5249,2.224,15.44,14.4,0,0,159
crud-rest-7c7fd547c9-rs5hs,23/01/2025 21:13,4,923.7,15.44,5.84,0,0,95
datainjector-98ccb8f89-wr5hg,23/01/2025 21:13,339.2,1.173,15.44,7.59,0,0,94
postgres-7b7f6d75f9-q5dvq,23/01/2025 21:13,734.9,94.06,15.44,0.59,0,0,39
redis-65d8857849-9n6lp,23/01/2025 21:13,873.7,3.181,15.44,20.6,0,0,6
analyzer-79d4c78db5-g626p,23/01/2025 21:13,5770.5,2.225,15.44,14.41,0,0,158
crud-rest-7c7fd547c9-rs5hs,23/01/2025 21:13,5.2,923.7,15.44,5.84,0,0,95
datainjector-98ccb8f89-wr5hg,23/01/2025 21:13,630,1.173,15.44,7.59,0,0,94
postgres-7b7f6d75f9-q5dvq,23/01/2025 21:13,787,94.06,15.44,0.59,0,0,39
redis-65d8857849-9n6lp,23/01/2025 21:13,874.8,3.187,15.44,20.64,0,0,6
analyzer-79d4c78db5-g626p,23/01/2025 21:13,6048,2.225,15.44,14.41,0,0,156
crud-rest-7c7fd547c9-rs5hs,23/01/2025 21:13,4.4,923.7,15.44,5.84,0,0,95
datainjector-98ccb8f89-wr5hg,23/01/2025 21:13,431.7,1.173,15.44,7.59,0,0,94
postgres-7b7f6d75f9-q5dvq,23/01/2025 21:13,808.7,94.06,15.44,0.59,0,0,39
redis-65d8857849-9n6lp,23/01/2025 21:13,782.7,3.181,15.44,20.59,0,0,6
analyzer-79d4c78db5-g626p,23/01/2025 21:13,6448.4,2.225,15.44,14.41,0,0,156
crud-rest-7c7fd547c9-rs5hs,23/01/2025 21:13,4.5,923.6,15.44,5.84,0,0,94
datainjector-98ccb8f89-wr5hg,23/01/2025 21:13,144.8,1.173,15.44,7.59,0,0,94
postgres-7b7f6d75f9-q5dvq,23/01/2025 21:13,804.2,94.06,15.44,0.59,0,0,39
redis-65d8857849-9n6lp,23/01/2025 21:13,920.2,3.179,15.44,20.59,0,0,6
analyzer-79d4c78db5-g626p,23/01/2025 21:13,5377.7,2.225,15.44,14.41,0,0,155
crud-rest-7c7fd547c9-rs5hs,23/01/2025 21:13,3.8,923.6,15.44,5.84,0,0,94
datainjector-98ccb8f89-wr5hg,23/01/2025 21:13,543.3,1.173,15.44,7.59,0,0,94
postgres-7b7f6d75f9-q5dvq,23/01/2025 21:13,794.5,94.06,15.44,0.59,0,0,39
redis-65d8857849-9n6lp,23/01/2025 21:14,824.9,3.185,15.44,20.62,0,0,6
analyzer-79d4c78db5-g626p,23/01/2025 21:14,4997.8,2.225,15.44,14.41,0,0,154
crud-rest-7c7fd547c9-rs5hs,23/01/2025 21:14,5.4,923.6,15.44,5.84,0,0,94
datainjector-98ccb8f89-wr5hg,23/01/2025 21:14,462.7,1.173,15.44,7.59,0,0,94
postgres-7b7f6d75f9-q5dvq,23/01/2025 21:14,791.1,94.06,15.44,0.59,0,0,39
redis-65d8857849-9n6lp,23/01/2025 21:14,877.2,3.181,15.44,20.6,0,0,6
analyzer-79d4c78db5-g626p,23/01/2025 21:14,5119.9,2.225,15.44,14.41,0,0,154
crud-rest-7c7fd547c9-rs5hs,23/01/2025 21:14,13,923.6,15.44,5.84,0,0,94
datainjector-98ccb8f89-wr5hg,23/01/2025 21:14,684.2,1.173,15.44,7.59,0,0,94
postgres-7b7f6d75f9-q5dvq,23/01/2025 21:14,741.5,94.06,15.44,0.59,0,0,39
redis-65d8857849-9n6lp,23/01/2025 21:14,909,3.182,15.44,20.6,0,0,6
analyzer-79d4c78db5-g626p,23/01/2025 21:14,5115.2,2.225,15.44,14.4,0,0,153
crud-rest-7c7fd547c9-rs5hs,23/01/2025 21:14,5.2,923.6,15.44,5.84,0,0,94
datainjector-98ccb8f89-wr5hg,23/01/2025 21:14,238,1.173,15.44,7.59,0,0,96
postgres-7b7f6d75f9-q5dvq,23/01/2025 21:14,865.6,94.06,15.44,0.59,0,0,39
redis-65d8857849-9n6lp,23/01/2025 21:14,874.8,3.185,15.44,20.62,0,0,6
analyzer-79d4c78db5-g626p,23/01/2025 21:14,5458.5,2.151,15.44,13.93,0,0,154
crud-rest-7c7fd547c9-rs5hs,23/01/2025 21:14,5.2,923.6,15.44,5.84,0,0,94
datainjector-98ccb8f89-wr5hg,23/01/2025 21:14,407.8,1.173,15.44,7.59,0,0,96
postgres-7b7f6d75f9-q5dvq,23/01/2025 21:14,789.1,94.06,15.44,0.59,0,0,39
redis-65d8857849-9n6lp,23/01/2025 21:14,1880,3.264,15.44,21.13,0,0,7
analyzer-79d4c78db5-g626p,23/01/2025 21:14,4532.9,2.151,15.44,13.93,0,0,152
crud-rest-7c7fd547c9-rs5hs,23/01/2025 21:14,5.1,923.6,15.44,5.84,0,0,94
datainjector-98ccb8f89-wr5hg,23/01/2025 21:14,366.1,1.173,15.44,7.59,0,0,96
postgres-7b7f6d75f9-q5dvq,23/01/2025 21:14,640.1,94.06,15.44,0.59,0,0,39
redis-65d8857849-9n6lp,23/01/2025 21:14,1829.2,3.335,15.44,21.59,0,0,7
analyzer-79d4c78db5-g626p,23/01/2025 21:14,4751.3,2.151,15.44,13.93,0,0,153
crud-rest-7c7fd547c9-rs5hs,23/01/2025 21:14,6.5,923.6,15.44,5.84,0,0,94
datainjector-98ccb8f89-wr5hg,23/01/2025 21:14,170.5,1.175,15.44,7.61,0,0,96
postgres-7b7f6d75f9-q5dvq,23/01/2025 21:14,640.5,94.06,15.44,0.59,0,0,39
redis-65d8857849-9n6lp,23/01/2025 21:14,1861.9,3.39,15.44,21.95,0,0,7
analyzer-79d4c78db5-g626p,23/01/2025 21:14,5203.5,2.151,15.44,13.93,0,0,154
crud-rest-7c7fd547c9-rs5hs,23/01/2025 21:14,4.3,923.6,15.44,5.84,0,0,94
datainjector-98ccb8f89-wr5hg,23/01/2025 21:14,251.3,1.175,15.44,7.61,0,0,96
postgres-7b7f6d75f9-q5dvq,23/01/2025 21:14,695.3,94.06,15.44,0.59,0,0,39
redis-65d8857849-9n6lp,23/01/2025 21:14,1817.2,3.43,15.44,22.21,0,0,7
analyzer-79d4c78db5-g626p,23/01/2025 21:14,4857.8,2.151,15.44,13.93,0,0,155
crud-rest-7c7fd547c9-rs5hs,23/01/2025 21:14,3.9,923.6,15.44,5.84,0,0,94
datainjector-98ccb8f89-wr5hg,23/01/2025 21:14,497.8,1.175,15.44,7.61,0,0,96
postgres-7b7f6d75f9-q5dvq,23/01/2025 21:14,729.6,94.06,15.44,0.59,0,0,39
redis-65d8857849-9n6lp,23/01/2025 21:14,1941.5,3.476,15.44,22.51,0,0,7
analyzer-79d4c78db5-g626p,23/01/2025 21:14,4961.7,2.151,15.44,13.93,0,0,154
crud-rest-7c7fd547c9-rs5hs,23/01/2025 21:14,25.3,923.6,15.44,5.84,0,0,94
datainjector-98ccb8f89-wr5hg,23/01/2025 21:14,585.7,1.175,15.44,7.61,0,0,95
postgres-7b7f6d75f9-q5dvq,23/01/2025 21:14,753.8,94.06,15.44,0.59,0,0,39
redis-65d8857849-9n6lp,23/01/2025 21:14,1865.2,3.51,15.44,22.73,0,0,7
analyzer-79d4c78db5-g626p,23/01/2025 21:14,5582.7,2.151,15.44,13.93,0,0,156
crud-rest-7c7fd547c9-rs5hs,23/01/2025 21:14,4.2,923.6,15.44,5.84,0,0,94
datainjector-98ccb8f89-wr5hg,23/01/2025 21:14,64,1.175,15.44,7.61,0,0,95
postgres-7b7f6d75f9-q5dvq,23/01/2025 21:14,739.8,94.06,15.44,0.59,0,0,39
redis-65d8857849-9n6lp,23/01/2025 21:14,1723.5,3.531,15.44,22.86,0,0,7
analyzer-79d4c78db5-g626p,23/01/2025 21:14,4682,2.151,15.44,13.93,0,0,156
crud-rest-7c7fd547c9-rs5hs,23/01/2025 21:14,5.7,923.6,15.44,5.84,0,0,94
datainjector-98ccb8f89-wr5hg,23/01/2025 21:14,608.3,1.175,15.44,7.61,0,0,95
postgres-7b7f6d75f9-q5dvq,23/01/2025 21:14,707.6,94.06,15.44,0.59,0,0,39
redis-65d8857849-9n6lp,23/01/2025 21:14,1848,3.56,15.44,23.05,0,0,7
analyzer-79d4c78db5-g626p,23/01/2025 21:14,4849.9,2.151,15.44,13.93,0,0,155
crud-rest-7c7fd547c9-rs5hs,23/01/2025 21:14,6.2,923.6,15.44,5.84,0,0,94
datainjector-98ccb8f89-wr5hg,23/01/2025 21:14,346.6,1.175,15.44,7.61,0,0,95
postgres-7b7f6d75f9-q5dvq,23/01/2025 21:14,681.8,94.06,15.44,0.59,0,0,39
redis-65d8857849-9n6lp,23/01/2025 21:14,1883.9,3.58,15.44,23.18,0,0,7
analyzer-79d4c78db5-g626p,23/01/2025 21:14,5495.3,2.145,15.44,13.89,0,0,157
crud-rest-7c7fd547c9-rs5hs,23/01/2025 21:14,6.4,923.5,15.44,5.84,0,0,93
datainjector-98ccb8f89-wr5hg,23/01/2025 21:14,5.6,1.175,15.44,7.61,0,0,95
postgres-7b7f6d75f9-q5dvq,23/01/2025 21:14,725.5,94.06,15.44,0.59,0,0,39
redis-65d8857849-9n6lp,23/01/2025 21:15,1882.3,3.597,15.44,23.29,0,0,7
analyzer-79d4c78db5-g626p,23/01/2025 21:15,4985.4,2.145,15.44,13.89,0,0,159
crud-rest-7c7fd547c9-rs5hs,23/01/2025 21:15,5.8,923.5,15.44,5.84,0,0,93
datainjector-98ccb8f89-wr5hg,23/01/2025 21:15,282.1,1.175,15.44,7.61,0,0,95
postgres-7b7f6d75f9-q5dvq,23/01/2025 21:15,724.4,94.06,15.44,0.59,0,0,39
redis-65d8857849-9n6lp,23/01/2025 21:15,856.1,3.202,15.44,20.73,0,0,6
analyzer-79d4c78db5-g626p,23/01/2025 21:15,5183.6,2.145,15.44,13.89,0,0,158
crud-rest-7c7fd547c9-rs5hs,23/01/2025 21:15,3.8,923.5,15.44,5.84,0,0,93
datainjector-98ccb8f89-wr5hg,23/01/2025 21:15,580.7,1.175,15.44,7.61,0,0,95
postgres-7b7f6d75f9-q5dvq,23/01/2025 21:15,775,94.06,15.44,0.59,0,0,39
redis-65d8857849-9n6lp,23/01/2025 21:15,882.8,3.196,15.44,20.7,0,0,6
analyzer-79d4c78db5-g626p,23/01/2025 21:15,5728.3,2.146,15.44,13.89,0,0,158
crud-rest-7c7fd547c9-rs5hs,23/01/2025 21:15,14.7,923.5,15.44,5.84,0,0,93
datainjector-98ccb8f89-wr5hg,23/01/2025 21:15,332.2,1.175,15.44,7.61,0,0,96
postgres-7b7f6d75f9-q5dvq,23/01/2025 21:15,872.4,94.06,15.44,0.59,0,0,39
redis-65d8857849-9n6lp,23/01/2025 21:15,854.9,3.185,15.44,20.62,0,0,6
analyzer-79d4c78db5-g626p,23/01/2025 21:15,5668.3,2.145,15.44,13.89,0,0,158
crud-rest-7c7fd547c9-rs5hs,23/01/2025 21:15,6.1,923.5,15.44,5.84,0,0,93
datainjector-98ccb8f89-wr5hg,23/01/2025 21:15,443.6,1.175,15.44,7.61,0,0,96
postgres-7b7f6d75f9-q5dvq,23/01/2025 21:15,821.3,94.06,15.44,0.59,0,0,39
redis-65d8857849-9n6lp,23/01/2025 21:15,885,3.2,15.44,20.72,0,0,6
analyzer-79d4c78db5-g626p,23/01/2025 21:15,6082.7,2.145,15.44,13.89,0,0,157
crud-rest-7c7fd547c9-rs5hs,23/01/2025 21:15,4.5,923.5,15.44,5.84,0,0,93
datainjector-98ccb8f89-wr5hg,23/01/2025 21:15,590.7,1.178,15.44,7.63,0,0,96
postgres-7b7f6d75f9-q5dvq,23/01/2025 21:15,796,94.06,15.44,0.59,0,0,39
redis-65d8857849-9n6lp,23/01/2025 21:15,856,3.201,15.44,20.73,0,0,6
analyzer-79d4c78db5-g626p,23/01/2025 21:15,6870.2,2.145,15.44,13.89,0,0,159
crud-rest-7c7fd547c9-rs5hs,23/01/2025 21:15,3.9,923.5,15.44,5.84,0,0,93
datainjector-98ccb8f89-wr5hg,23/01/2025 21:15,184.8,1.178,15.44,7.63,0,0,96
postgres-7b7f6d75f9-q5dvq,23/01/2025 21:15,927.5,94.06,15.44,0.59,0,0,39
redis-65d8857849-9n6lp,23/01/2025 21:15,888.6,3.202,15.44,20.73,0,0,6
analyzer-79d4c78db5-g626p,23/01/2025 21:15,5655.4,2.145,15.44,13.89,0,0,156
crud-rest-7c7fd547c9-rs5hs,23/01/2025 21:15,9.8,923.7,15.44,5.84,0,0,95
datainjector-98ccb8f89-wr5hg,23/01/2025 21:15,494.2,1.178,15.44,7.63,0,0,96
postgres-7b7f6d75f9-q5dvq,23/01/2025 21:15,851.1,94.06,15.44,0.59,0,0,39
redis-65d8857849-9n6lp,23/01/2025 21:15,855.9,3.196,15.44,20.69,0,0,6
analyzer-79d4c78db5-g626p,23/01/2025 21:15,5346.5,2.145,15.44,13.89,0,0,155
crud-rest-7c7fd547c9-rs5hs,23/01/2025 21:15,4,923.7,15.44,5.84,0,0,95
datainjector-98ccb8f89-wr5hg,23/01/2025 21:15,672,1.178,15.44,7.63,0,0,96
postgres-7b7f6d75f9-q5dvq,23/01/2025 21:15,798.8,94.06,15.44,0.59,0,0,39
redis-65d8857849-9n6lp,23/01/2025 21:15,794.1,3.204,15.44,20.74,0,0,6
analyzer-79d4c78db5-g626p,23/01/2025 21:15,5567.7,2.145,15.44,13.89,0,0,156
crud-rest-7c7fd547c9-rs5hs,23/01/2025 21:15,4.6,923.7,15.44,5.84,0,0,95
datainjector-98ccb8f89-wr5hg,23/01/2025 21:15,27.5,1.178,15.44,7.63,0,0,96
postgres-7b7f6d75f9-q5dvq,23/01/2025 21:15,730.4,94.06,15.44,0.59,0,0,39
redis-65d8857849-9n6lp,23/01/2025 21:15,899.4,3.197,15.44,20.7,0,0,6
analyzer-79d4c78db5-g626p,23/01/2025 21:15,5684.4,2.145,15.44,13.89,0,0,153
crud-rest-7c7fd547c9-rs5hs,23/01/2025 21:15,3.9,923.7,15.44,5.84,0,0,95
datainjector-98ccb8f89-wr5hg,23/01/2025 21:15,490.9,1.178,15.44,7.63,0,0,95
postgres-7b7f6d75f9-q5dvq,23/01/2025 21:15,836.7,94.07,15.44,0.59,0,0,39
redis-65d8857849-9n6lp,23/01/2025 21:15,856.4,3.196,15.44,20.69,0,0,6
analyzer-79d4c78db5-g626p,23/01/2025 21:15,6469.2,2.145,15.44,13.89,0,0,152
crud-rest-7c7fd547c9-rs5hs,23/01/2025 21:15,4.7,923.7,15.44,5.84,0,0,95
datainjector-98ccb8f89-wr5hg,23/01/2025 21:15,260.6,1.178,15.44,7.63,0,0,95
postgres-7b7f6d75f9-q5dvq,23/01/2025 21:15,803.9,94.06,15.44,0.59,0,0,39
redis-65d8857849-9n6lp,23/01/2025 21:15,855.8,3.203,15.44,20.74,0,0,6
analyzer-79d4c78db5-g626p,23/01/2025 21:15,5984.6,2.145,15.44,13.89,0,0,152
crud-rest-7c7fd547c9-rs5hs,23/01/2025 21:15,4.2,923.7,15.44,5.84,0,0,95
datainjector-98ccb8f89-wr5hg,23/01/2025 21:15,359,1.178,15.44,7.63,0,0,95
postgres-7b7f6d75f9-q5dvq,23/01/2025 21:15,794.8,94.06,15.44,0.59,0,0,39
redis-65d8857849-9n6lp,23/01/2025 21:15,799.6,3.209,15.44,20.78,0,0,6
analyzer-79d4c78db5-g626p,23/01/2025 21:15,5469.8,2.145,15.44,13.89,0,0,150
crud-rest-7c7fd547c9-rs5hs,23/01/2025 21:15,7,923.7,15.44,5.84,0,0,95
datainjector-98ccb8f89-wr5hg,23/01/2025 21:15,447.5,1.178,15.44,7.63,0,0,95
postgres-7b7f6d75f9-q5dvq,23/01/2025 21:15,731.8,94.06,15.44,0.59,0,0,39
redis-65d8857849-9n6lp,23/01/2025 21:15,888.8,3.211,15.44,20.79,0,0,6
analyzer-79d4c78db5-g626p,23/01/2025 21:15,5260.8,2.145,15.44,13.89,0,0,149
crud-rest-7c7fd547c9-rs5hs,23/01/2025 21:15,10.2,923.6,15.44,5.84,0,0,94
datainjector-98ccb8f89-wr5hg,23/01/2025 21:15,648.9,1.179,15.44,7.63,0,0,95
postgres-7b7f6d75f9-q5dvq,23/01/2025 21:15,756.3,94.06,15.44,0.59,0,0,39
redis-65d8857849-9n6lp,23/01/2025 21:16,785.6,3.214,15.44,20.81,0,0,6
analyzer-79d4c78db5-g626p,23/01/2025 21:16,6408.8,2.105,15.44,13.63,0,0,149
crud-rest-7c7fd547c9-rs5hs,23/01/2025 21:16,6,923.6,15.44,5.84,0,0,94
datainjector-98ccb8f89-wr5hg,23/01/2025 21:16,82.5,1.179,15.44,7.63,0,0,95
postgres-7b7f6d75f9-q5dvq,23/01/2025 21:16,670.9,94.18,15.44,0.6,0,0,39
redis-65d8857849-9n6lp,23/01/2025 21:16,1831.4,3.277,15.44,21.22,0,0,7
analyzer-79d4c78db5-g626p,23/01/2025 21:16,5125.7,2.105,15.44,13.63,0,0,150
crud-rest-7c7fd547c9-rs5hs,23/01/2025 21:16,6.3,923.6,15.44,5.84,0,0,94
datainjector-98ccb8f89-wr5hg,23/01/2025 21:16,18.1,1.179,15.44,7.63,0,0,95
postgres-7b7f6d75f9-q5dvq,23/01/2025 21:16,576.8,94.05,15.44,0.59,0,0,39
redis-65d8857849-9n6lp,23/01/2025 21:16,1927.1,3.341,15.44,21.63,0,0,7
analyzer-79d4c78db5-g626p,23/01/2025 21:16,5150,2.105,15.44,13.63,0,0,150
crud-rest-7c7fd547c9-rs5hs,23/01/2025 21:16,15.5,923.6,15.44,5.84,0,0,94
datainjector-98ccb8f89-wr5hg,23/01/2025 21:16,130.6,1.179,15.44,7.63,0,0,96
postgres-7b7f6d75f9-q5dvq,23/01/2025 21:16,652.4,94.05,15.44,0.59,0,0,39
redis-65d8857849-9n6lp,23/01/2025 21:16,1662.8,3.394,15.44,21.98,0,0,7
analyzer-79d4c78db5-g626p,23/01/2025 21:16,5288.5,2.105,15.44,13.63,0,0,151
crud-rest-7c7fd547c9-rs5hs,23/01/2025 21:16,4.4,923.6,15.44,5.84,0,0,94
datainjector-98ccb8f89-wr5hg,23/01/2025 21:16,91.5,1.179,15.44,7.63,0,0,96
postgres-7b7f6d75f9-q5dvq,23/01/2025 21:16,578.2,94.05,15.44,0.59,0,0,39
redis-65d8857849-9n6lp,23/01/2025 21:16,1874.3,3.442,15.44,22.29,0,0,7
analyzer-79d4c78db5-g626p,23/01/2025 21:16,4698.2,2.105,15.44,13.63,0,0,152
crud-rest-7c7fd547c9-rs5hs,23/01/2025 21:16,4.4,923.6,15.44,5.84,0,0,94
datainjector-98ccb8f89-wr5hg,23/01/2025 21:16,642.3,1.179,15.44,7.63,0,0,96
postgres-7b7f6d75f9-q5dvq,23/01/2025 21:16,691.9,94.05,15.44,0.59,0,0,39
redis-65d8857849-9n6lp,23/01/2025 21:16,1904,3.468,15.44,22.45,0,0,7
analyzer-79d4c78db5-g626p,23/01/2025 21:16,5199.9,2.105,15.44,13.63,0,0,152
crud-rest-7c7fd547c9-rs5hs,23/01/2025 21:16,35.7,923.8,15.44,5.84,0,0,96
datainjector-98ccb8f89-wr5hg,23/01/2025 21:16,346.5,1.179,15.44,7.63,0,0,96
postgres-7b7f6d75f9-q5dvq,23/01/2025 21:16,734.4,94.06,15.44,0.59,0,0,39
redis-65d8857849-9n6lp,23/01/2025 21:16,1896.2,3.496,15.44,22.63,0,0,7
analyzer-79d4c78db5-g626p,23/01/2025 21:16,5169.3,2.105,15.44,13.63,0,0,152
crud-rest-7c7fd547c9-rs5hs,23/01/2025 21:16,10.7,923.9,15.44,5.84,0,0,97
datainjector-98ccb8f89-wr5hg,23/01/2025 21:16,582.6,1.179,15.44,7.63,0,0,96
postgres-7b7f6d75f9-q5dvq,23/01/2025 21:16,688.7,94.06,15.44,0.59,0,0,39
redis-65d8857849-9n6lp,23/01/2025 21:16,1862,3.524,15.44,22.82,0,0,7
analyzer-79d4c78db5-g626p,23/01/2025 21:16,4709.8,2.105,15.44,13.63,0,0,152
crud-rest-7c7fd547c9-rs5hs,23/01/2025 21:16,15.6,923.7,15.44,5.84,0,0,95
datainjector-98ccb8f89-wr5hg,23/01/2025 21:16,492.1,1.179,15.44,7.63,0,0,96
postgres-7b7f6d75f9-q5dvq,23/01/2025 21:16,602.5,94.06,15.44,0.59,0,0,39
redis-65d8857849-9n6lp,23/01/2025 21:16,1792.6,3.539,15.44,22.92,0,0,7
analyzer-79d4c78db5-g626p,23/01/2025 21:16,5564.6,2.113,15.44,13.68,0,0,153
crud-rest-7c7fd547c9-rs5hs,23/01/2025 21:16,4,923.7,15.44,5.84,0,0,95
datainjector-98ccb8f89-wr5hg,23/01/2025 21:16,238.7,1.181,15.44,7.64,0,0,96
postgres-7b7f6d75f9-q5dvq,23/01/2025 21:16,747,94.06,15.44,0.59,0,0,39
redis-65d8857849-9n6lp,23/01/2025 21:16,1840.6,3.564,15.44,23.08,0,0,7
analyzer-79d4c78db5-g626p,23/01/2025 21:16,5398.3,2.113,15.44,13.68,0,0,153
crud-rest-7c7fd547c9-rs5hs,23/01/2025 21:16,12.8,923.7,15.44,5.84,0,0,95
datainjector-98ccb8f89-wr5hg,23/01/2025 21:16,91,1.18,15.44,7.64,0,0,95
postgres-7b7f6d75f9-q5dvq,23/01/2025 21:16,749.8,94.06,15.44,0.59,0,0,39
redis-65d8857849-9n6lp,23/01/2025 21:16,1857.1,3.576,15.44,23.15,0,0,7
analyzer-79d4c78db5-g626p,23/01/2025 21:16,5332.8,2.113,15.44,13.68,0,0,155
crud-rest-7c7fd547c9-rs5hs,23/01/2025 21:16,4.9,923.7,15.44,5.84,0,0,95
datainjector-98ccb8f89-wr5hg,23/01/2025 21:16,113.2,1.181,15.44,7.64,0,0,95
postgres-7b7f6d75f9-q5dvq,23/01/2025 21:16,722.5,94.06,15.44,0.59,0,0,39
redis-65d8857849-9n6lp,23/01/2025 21:16,1812.3,3.59,15.44,23.25,0,0,7
analyzer-79d4c78db5-g626p,23/01/2025 21:16,4700.9,2.113,15.44,13.68,0,0,154
crud-rest-7c7fd547c9-rs5hs,23/01/2025 21:16,4.4,923.7,15.44,5.84,0,0,95
datainjector-98ccb8f89-wr5hg,23/01/2025 21:16,285.4,1.18,15.44,7.64,0,0,95
postgres-7b7f6d75f9-q5dvq,23/01/2025 21:16,750.7,94.06,15.44,0.59,0,0,39
redis-65d8857849-9n6lp,23/01/2025 21:16,886,3.212,15.44,20.8,0,0,6
analyzer-79d4c78db5-g626p,23/01/2025 21:16,5692.8,2.113,15.44,13.68,0,0,153
crud-rest-7c7fd547c9-rs5hs,23/01/2025 21:16,4.7,923.7,15.44,5.84,0,0,95
datainjector-98ccb8f89-wr5hg,23/01/2025 21:16,468.4,1.18,15.44,7.64,0,0,95
postgres-7b7f6d75f9-q5dvq,23/01/2025 21:16,822.9,94.06,15.44,0.59,0,0,39
redis-65d8857849-9n6lp,23/01/2025 21:16,797.5,3.208,15.44,20.77,0,0,6
analyzer-79d4c78db5-g626p,23/01/2025 21:16,6480.5,2.113,15.44,13.68,0,0,157
crud-rest-7c7fd547c9-rs5hs,23/01/2025 21:16,5.5,923.6,15.44,5.84,0,0,94
datainjector-98ccb8f89-wr5hg,23/01/2025 21:16,13.1,1.18,15.44,7.64,0,0,95
postgres-7b7f6d75f9-q5dvq,23/01/2025 21:16,761.7,94.06,15.44,0.59,0,0,39
redis-65d8857849-9n6lp,23/01/2025 21:17,905,3.213,15.44,20.81,0,0,6
analyzer-79d4c78db5-g626p,23/01/2025 21:17,5817.8,2.113,15.44,13.68,0,0,157
crud-rest-7c7fd547c9-rs5hs,23/01/2025 21:17,3.8,923.6,15.44,5.84,0,0,94
datainjector-98ccb8f89-wr5hg,23/01/2025 21:17,422.2,1.18,15.44,7.64,0,0,95
postgres-7b7f6d75f9-q5dvq,23/01/2025 21:17,873.5,94.06,15.44,0.59,0,0,39
redis-65d8857849-9n6lp,23/01/2025 21:17,901.7,3.224,15.44,20.88,0,0,6
analyzer-79d4c78db5-g626p,23/01/2025 21:17,5695.9,2.113,15.44,13.68,0,0,155
crud-rest-7c7fd547c9-rs5hs,23/01/2025 21:17,5.5,923.6,15.44,5.84,0,0,94
datainjector-98ccb8f89-wr5hg,23/01/2025 21:17,526.6,1.18,15.44,7.64,0,0,95
postgres-7b7f6d75f9-q5dvq,23/01/2025 21:17,848.7,94.06,15.44,0.59,0,0,39
redis-65d8857849-9n6lp,23/01/2025 21:17,870.6,3.211,15.44,20.79,0,0,6
analyzer-79d4c78db5-g626p,23/01/2025 21:17,6094.6,2.113,15.44,13.68,0,0,156
crud-rest-7c7fd547c9-rs5hs,23/01/2025 21:17,5.4,923.6,15.44,5.84,0,0,94
datainjector-98ccb8f89-wr5hg,23/01/2025 21:17,108.4,1.181,15.44,7.64,0,0,96
postgres-7b7f6d75f9-q5dvq,23/01/2025 21:17,806.1,94.06,15.44,0.59,0,0,39
redis-65d8857849-9n6lp,23/01/2025 21:17,877.4,3.221,15.44,20.86,0,0,6
analyzer-79d4c78db5-g626p,23/01/2025 21:17,5714.4,2.113,15.44,13.68,0,0,155
crud-rest-7c7fd547c9-rs5hs,23/01/2025 21:17,4.9,923.6,15.44,5.84,0,0,94
datainjector-98ccb8f89-wr5hg,23/01/2025 21:17,518,1.181,15.44,7.64,0,0,96
postgres-7b7f6d75f9-q5dvq,23/01/2025 21:17,842.9,94.06,15.44,0.59,0,0,39
redis-65d8857849-9n6lp,23/01/2025 21:17,937.4,3.229,15.44,20.91,0,0,6
analyzer-79d4c78db5-g626p,23/01/2025 21:17,5775.9,2.113,15.44,13.68,0,0,154
crud-rest-7c7fd547c9-rs5hs,23/01/2025 21:17,4.5,923.6,15.44,5.84,0,0,94
datainjector-98ccb8f89-wr5hg,23/01/2025 21:17,437.3,1.181,15.44,7.64,0,0,96
postgres-7b7f6d75f9-q5dvq,23/01/2025 21:17,826.8,94.06,15.44,0.59,0,0,39
redis-65d8857849-9n6lp,23/01/2025 21:17,889.9,3.213,15.44,20.81,0,0,6
analyzer-79d4c78db5-g626p,23/01/2025 21:17,6220.8,2.113,15.44,13.68,0,0,154
crud-rest-7c7fd547c9-rs5hs,23/01/2025 21:17,6.3,923.6,15.44,5.84,0,0,94
datainjector-98ccb8f89-wr5hg,23/01/2025 21:17,116.1,1.181,15.44,7.64,0,0,96
postgres-7b7f6d75f9-q5dvq,23/01/2025 21:17,802.4,94.06,15.44,0.59,0,0,39
redis-65d8857849-9n6lp,23/01/2025 21:17,877.9,3.222,15.44,20.86,0,0,6
analyzer-79d4c78db5-g626p,23/01/2025 21:17,5944.2,2.113,15.44,13.68,0,0,154
crud-rest-7c7fd547c9-rs5hs,23/01/2025 21:17,4.7,923.6,15.44,5.84,0,0,94
datainjector-98ccb8f89-wr5hg,23/01/2025 21:17,590,1.181,15.44,7.64,0,0,96
postgres-7b7f6d75f9-q5dvq,23/01/2025 21:17,828.8,94.06,15.44,0.59,0,0,39
redis-65d8857849-9n6lp,23/01/2025 21:17,775.6,3.224,15.44,20.88,0,0,6
analyzer-79d4c78db5-g626p,23/01/2025 21:17,5712.1,2.113,15.44,13.68,0,0,153
crud-rest-7c7fd547c9-rs5hs,23/01/2025 21:17,3.6,923.6,15.44,5.84,0,0,94
datainjector-98ccb8f89-wr5hg,23/01/2025 21:17,81.2,1.181,15.44,7.65,0,0,96
postgres-7b7f6d75f9-q5dvq,23/01/2025 21:17,775.3,94.06,15.44,0.59,0,0,39
redis-65d8857849-9n6lp,23/01/2025 21:17,910.8,3.221,15.44,20.85,0,0,6
analyzer-79d4c78db5-g626p,23/01/2025 21:17,6149.3,2.113,15.44,13.68,0,0,153
crud-rest-7c7fd547c9-rs5hs,23/01/2025 21:17,5,923.6,15.44,5.84,0,0,94
datainjector-98ccb8f89-wr5hg,23/01/2025 21:17,128,1.181,15.44,7.64,0,0,95
postgres-7b7f6d75f9-q5dvq,23/01/2025 21:17,813.5,94.06,15.44,0.59,0,0,39
redis-65d8857849-9n6lp,23/01/2025 21:17,909.2,3.224,15.44,20.87,0,0,6
analyzer-79d4c78db5-g626p,23/01/2025 21:17,5613.9,2.113,15.44,13.68,0,0,152
crud-rest-7c7fd547c9-rs5hs,23/01/2025 21:17,3.8,923.6,15.44,5.84,0,0,94
datainjector-98ccb8f89-wr5hg,23/01/2025 21:17,612.4,1.181,15.44,7.64,0,0,95
postgres-7b7f6d75f9-q5dvq,23/01/2025 21:17,817.9,94.06,15.44,0.59,0,0,39
redis-65d8857849-9n6lp,23/01/2025 21:17,898.8,3.222,15.44,20.86,0,0,6
analyzer-79d4c78db5-g626p,23/01/2025 21:17,5719.5,2.113,15.44,13.68,0,0,152
crud-rest-7c7fd547c9-rs5hs,23/01/2025 21:17,7.3,923.6,15.44,5.84,0,0,94
datainjector-98ccb8f89-wr5hg,23/01/2025 21:17,363.3,1.181,15.44,7.64,0,0,95
postgres-7b7f6d75f9-q5dvq,23/01/2025 21:17,778.6,94.06,15.44,0.59,0,0,39
redis-65d8857849-9n6lp,23/01/2025 21:17,1812.9,3.28,15.44,21.24,0,0,7
analyzer-79d4c78db5-g626p,23/01/2025 21:17,4658.6,2.11,15.44,13.66,0,0,151
crud-rest-7c7fd547c9-rs5hs,23/01/2025 21:17,5.1,923.6,15.44,5.84,0,0,94
datainjector-98ccb8f89-wr5hg,23/01/2025 21:17,260.3,1.181,15.44,7.64,0,0,95
postgres-7b7f6d75f9-q5dvq,23/01/2025 21:17,589.3,94.06,15.44,0.59,0,0,39
redis-65d8857849-9n6lp,23/01/2025 21:17,1802.4,3.373,15.44,21.84,0,0,7
analyzer-79d4c78db5-g626p,23/01/2025 21:17,4973.1,2.11,15.44,13.66,0,0,153
crud-rest-7c7fd547c9-rs5hs,23/01/2025 21:17,10.1,923.5,15.44,5.84,0,0,93
datainjector-98ccb8f89-wr5hg,23/01/2025 21:17,665.1,1.181,15.44,7.64,0,0,95
postgres-7b7f6d75f9-q5dvq,23/01/2025 21:17,654.3,94.06,15.44,0.59,0,0,39
redis-65d8857849-9n6lp,23/01/2025 21:18,1815.1,3.427,15.44,22.19,0,0,7
analyzer-79d4c78db5-g626p,23/01/2025 21:18,3906.2,2.11,15.44,13.66,0,0,153
crud-rest-7c7fd547c9-rs5hs,23/01/2025 21:18,6.6,923.5,15.44,5.84,0,0,93
datainjector-98ccb8f89-wr5hg,23/01/2025 21:18,1833.3,1.189,15.44,7.7,0,0,95
postgres-7b7f6d75f9-q5dvq,23/01/2025 21:18,573,94.07,15.44,0.59,0,0,39
redis-65d8857849-9n6lp,23/01/2025 21:18,1892.2,3.466,15.44,22.44,0,0,7
analyzer-79d4c78db5-g626p,23/01/2025 21:18,5102.5,2.096,15.44,13.57,0,0,153
crud-rest-7c7fd547c9-rs5hs,23/01/2025 21:18,4.2,923.5,15.44,5.84,0,0,93
datainjector-98ccb8f89-wr5hg,23/01/2025 21:18,658.7,1.178,15.44,7.63,0,0,95
postgres-7b7f6d75f9-q5dvq,23/01/2025 21:18,780.9,94.06,15.44,0.59,0,0,39
redis-65d8857849-9n6lp,23/01/2025 21:18,1876,3.491,15.44,22.6,0,0,7
analyzer-79d4c78db5-g626p,23/01/2025 21:18,4993.8,2.096,15.44,13.57,0,0,154
crud-rest-7c7fd547c9-rs5hs,23/01/2025 21:18,4.4,923.5,15.44,5.84,0,0,93
datainjector-98ccb8f89-wr5hg,23/01/2025 21:18,67.3,1.178,15.44,7.63,0,0,96
postgres-7b7f6d75f9-q5dvq,23/01/2025 21:18,826.1,94.06,15.44,0.59,0,0,39
redis-65d8857849-9n6lp,23/01/2025 21:18,1763.8,3.515,15.44,22.76,0,0,7
analyzer-79d4c78db5-g626p,23/01/2025 21:18,4287.4,2.096,15.44,13.57,0,0,154
crud-rest-7c7fd547c9-rs5hs,23/01/2025 21:18,7.9,923.5,15.44,5.84,0,0,93
datainjector-98ccb8f89-wr5hg,23/01/2025 21:18,848,1.178,15.44,7.63,0,0,96
postgres-7b7f6d75f9-q5dvq,23/01/2025 21:18,646.6,94.06,15.44,0.59,0,0,39
redis-65d8857849-9n6lp,23/01/2025 21:18,1867.3,3.535,15.44,22.89,0,0,7
analyzer-79d4c78db5-g626p,23/01/2025 21:18,4467.8,2.096,15.44,13.57,0,0,155
crud-rest-7c7fd547c9-rs5hs,23/01/2025 21:18,10.4,923.5,15.44,5.84,0,0,93
datainjector-98ccb8f89-wr5hg,23/01/2025 21:18,768.5,1.178,15.44,7.63,0,0,96
postgres-7b7f6d75f9-q5dvq,23/01/2025 21:18,649.7,94.06,15.44,0.59,0,0,39
redis-65d8857849-9n6lp,23/01/2025 21:18,1818.5,3.555,15.44,23.02,0,0,7
analyzer-79d4c78db5-g626p,23/01/2025 21:18,4769.7,2.096,15.44,13.57,0,0,155
crud-rest-7c7fd547c9-rs5hs,23/01/2025 21:18,4.3,923.5,15.44,5.84,0,0,93
datainjector-98ccb8f89-wr5hg,23/01/2025 21:18,226.3,1.178,15.44,7.63,0,0,96
postgres-7b7f6d75f9-q5dvq,23/01/2025 21:18,705.9,94.06,15.44,0.59,0,0,39
redis-65d8857849-9n6lp,23/01/2025 21:18,1955,3.573,15.44,23.13,0,0,7
analyzer-79d4c78db5-g626p,23/01/2025 21:18,5177.2,2.096,15.44,13.57,0,0,156
crud-rest-7c7fd547c9-rs5hs,23/01/2025 21:18,7.9,923.7,15.44,5.84,0,0,95
datainjector-98ccb8f89-wr5hg,23/01/2025 21:18,110.3,1.178,15.44,7.63,0,0,98
postgres-7b7f6d75f9-q5dvq,23/01/2025 21:18,679.8,94.04,15.44,0.59,0,0,39
redis-65d8857849-9n6lp,23/01/2025 21:18,1741,3.59,15.44,23.24,0,0,7
analyzer-79d4c78db5-g626p,23/01/2025 21:18,4926.7,2.096,15.44,13.57,0,0,157
crud-rest-7c7fd547c9-rs5hs,23/01/2025 21:18,6.2,923.7,15.44,5.84,0,0,95
datainjector-98ccb8f89-wr5hg,23/01/2025 21:18,213.7,1.178,15.44,7.63,0,0,96
postgres-7b7f6d75f9-q5dvq,23/01/2025 21:18,689.8,94.06,15.44,0.59,0,0,39
redis-65d8857849-9n6lp,23/01/2025 21:18,1897.9,3.609,15.44,23.37,0,0,7
analyzer-79d4c78db5-g626p,23/01/2025 21:18,5261.1,2.096,15.44,13.57,0,0,157
crud-rest-7c7fd547c9-rs5hs,23/01/2025 21:18,4.2,923.7,15.44,5.84,0,0,95
datainjector-98ccb8f89-wr5hg,23/01/2025 21:18,596.6,1.178,15.44,7.63,0,0,96
postgres-7b7f6d75f9-q5dvq,23/01/2025 21:18,850.6,94.06,15.44,0.59,0,0,39
redis-65d8857849-9n6lp,23/01/2025 21:18,848.5,3.236,15.44,20.95,0,0,6
analyzer-79d4c78db5-g626p,23/01/2025 21:18,5081.9,2.096,15.44,13.57,0,0,158
crud-rest-7c7fd547c9-rs5hs,23/01/2025 21:18,4.3,923.7,15.44,5.84,0,0,95
datainjector-98ccb8f89-wr5hg,23/01/2025 21:18,204,1.178,15.44,7.63,0,0,95
postgres-7b7f6d75f9-q5dvq,23/01/2025 21:18,711.1,94.06,15.44,0.59,0,0,39
redis-65d8857849-9n6lp,23/01/2025 21:18,860.6,3.235,15.44,20.95,0,0,6
analyzer-79d4c78db5-g626p,23/01/2025 21:18,5895.6,2.096,15.44,13.57,0,0,158
crud-rest-7c7fd547c9-rs5hs,23/01/2025 21:18,4.4,923.7,15.44,5.84,0,0,95
datainjector-98ccb8f89-wr5hg,23/01/2025 21:18,62.4,1.178,15.44,7.63,0,0,95
postgres-7b7f6d75f9-q5dvq,23/01/2025 21:18,821.9,94.06,15.44,0.59,0,0,39
redis-65d8857849-9n6lp,23/01/2025 21:18,919,3.233,15.44,20.93,0,0,6
analyzer-79d4c78db5-g626p,23/01/2025 21:18,5243.8,2.096,15.44,13.57,0,0,157
crud-rest-7c7fd547c9-rs5hs,23/01/2025 21:18,5.3,923.7,15.44,5.84,0,0,95
datainjector-98ccb8f89-wr5hg,23/01/2025 21:18,612.9,1.17,15.44,7.58,0,0,95
postgres-7b7f6d75f9-q5dvq,23/01/2025 21:18,918.5,94.06,15.44,0.59,0,0,39
redis-65d8857849-9n6lp,23/01/2025 21:18,879.7,3.239,15.44,20.97,0,0,6
analyzer-79d4c78db5-g626p,23/01/2025 21:18,6097.1,2.096,15.44,13.57,0,0,156
crud-rest-7c7fd547c9-rs5hs,23/01/2025 21:18,5.7,923.6,15.44,5.84,0,0,94
datainjector-98ccb8f89-wr5hg,23/01/2025 21:18,363.7,1.17,15.44,7.58,0,0,95
postgres-7b7f6d75f9-q5dvq,23/01/2025 21:18,912.7,94.06,15.44,0.59,0,0,39
redis-65d8857849-9n6lp,23/01/2025 21:18,709,3.242,15.44,20.99,0,0,6
analyzer-79d4c78db5-g626p,23/01/2025 21:18,6944.7,2.096,15.44,13.57,0,0,156
crud-rest-7c7fd547c9-rs5hs,23/01/2025 21:18,9.4,923.6,15.44,5.84,0,0,94
datainjector-98ccb8f89-wr5hg,23/01/2025 21:18,155.7,1.171,15.44,7.58,0,0,95
postgres-7b7f6d75f9-q5dvq,23/01/2025 21:18,698.6,94.07,15.44,0.59,0,0,39
redis-65d8857849-9n6lp,23/01/2025 21:19,806.2,3.236,15.44,20.95,0,0,6
analyzer-79d4c78db5-g626p,23/01/2025 21:19,4607.2,2.096,15.44,13.57,0,0,156
crud-rest-7c7fd547c9-rs5hs,23/01/2025 21:19,5.5,923.6,15.44,5.84,0,0,94
datainjector-98ccb8f89-wr5hg,23/01/2025 21:19,693.2,1.17,15.44,7.58,0,0,95
postgres-7b7f6d75f9-q5dvq,23/01/2025 21:19,739.9,94.06,15.44,0.59,0,0,39
redis-65d8857849-9n6lp,23/01/2025 21:19,846.2,3.239,15.44,20.97,0,0,6
analyzer-79d4c78db5-g626p,23/01/2025 21:19,5924.7,2.096,15.44,13.57,0,0,154
crud-rest-7c7fd547c9-rs5hs,23/01/2025 21:19,3.9,923.7,15.44,5.84,0,0,94
datainjector-98ccb8f89-wr5hg,23/01/2025 21:19,207.4,1.17,15.44,7.58,0,0,95
postgres-7b7f6d75f9-q5dvq,23/01/2025 21:19,858.7,94.06,15.44,0.59,0,0,39
redis-65d8857849-9n6lp,23/01/2025 21:19,866.1,3.244,15.44,21.01,0,0,6
analyzer-79d4c78db5-g626p,23/01/2025 21:19,5560.3,2.096,15.44,13.57,0,0,154
crud-rest-7c7fd547c9-rs5hs,23/01/2025 21:19,4.8,923.6,15.44,5.84,0,0,94
datainjector-98ccb8f89-wr5hg,23/01/2025 21:19,303.4,1.171,15.44,7.58,0,0,96
postgres-7b7f6d75f9-q5dvq,23/01/2025 21:19,791,94.06,15.44,0.59,0,0,39
redis-65d8857849-9n6lp,23/01/2025 21:19,863.8,3.243,15.44,21,0,0,6
analyzer-79d4c78db5-g626p,23/01/2025 21:19,5321.6,2.096,15.44,13.57,0,0,152
crud-rest-7c7fd547c9-rs5hs,23/01/2025 21:19,3.8,923.6,15.44,5.84,0,0,94
datainjector-98ccb8f89-wr5hg,23/01/2025 21:19,611.9,1.17,15.44,7.58,0,0,96
postgres-7b7f6d75f9-q5dvq,23/01/2025 21:19,795,94.06,15.44,0.59,0,0,39
redis-65d8857849-9n6lp,23/01/2025 21:19,863.6,3.236,15.44,20.96,0,0,6
analyzer-79d4c78db5-g626p,23/01/2025 21:19,5863.2,2.096,15.44,13.57,0,0,153
crud-rest-7c7fd547c9-rs5hs,23/01/2025 21:19,5.2,923.6,15.44,5.84,0,0,94
datainjector-98ccb8f89-wr5hg,23/01/2025 21:19,294.2,1.171,15.44,7.58,0,0,96
postgres-7b7f6d75f9-q5dvq,23/01/2025 21:19,787.4,94.06,15.44,0.59,0,0,39
redis-65d8857849-9n6lp,23/01/2025 21:19,844.8,3.24,15.44,20.98,0,0,6
analyzer-79d4c78db5-g626p,23/01/2025 21:19,5748.3,2.096,15.44,13.57,0,0,153
crud-rest-7c7fd547c9-rs5hs,23/01/2025 21:19,5,923.6,15.44,5.84,0,0,94
datainjector-98ccb8f89-wr5hg,23/01/2025 21:19,429,1.171,15.44,7.58,0,0,96
postgres-7b7f6d75f9-q5dvq,23/01/2025 21:19,707.6,94.06,15.44,0.59,0,0,39
redis-65d8857849-9n6lp,23/01/2025 21:19,844.4,3.255,15.44,21.08,0,0,6
analyzer-79d4c78db5-g626p,23/01/2025 21:19,5846.5,2.096,15.44,13.57,0,0,152
crud-rest-7c7fd547c9-rs5hs,23/01/2025 21:19,5.6,923.7,15.44,5.84,0,0,95
datainjector-98ccb8f89-wr5hg,23/01/2025 21:19,418.5,1.178,15.44,7.63,0,0,96
postgres-7b7f6d75f9-q5dvq,23/01/2025 21:19,873.4,94.06,15.44,0.59,0,0,39
redis-65d8857849-9n6lp,23/01/2025 21:19,937,3.245,15.44,21.01,0,0,6
analyzer-79d4c78db5-g626p,23/01/2025 21:19,6235.9,2.096,15.44,13.57,0,0,152
crud-rest-7c7fd547c9-rs5hs,23/01/2025 21:19,4.7,923.7,15.44,5.84,0,0,95
datainjector-98ccb8f89-wr5hg,23/01/2025 21:19,662.1,1.178,15.44,7.63,0,0,96
postgres-7b7f6d75f9-q5dvq,23/01/2025 21:19,887.6,94.06,15.44,0.59,0,0,39
redis-65d8857849-9n6lp,23/01/2025 21:19,941.3,3.245,15.44,21.01,0,0,6
analyzer-79d4c78db5-g626p,23/01/2025 21:19,5300.9,2.062,15.44,13.35,0,0,151
crud-rest-7c7fd547c9-rs5hs,23/01/2025 21:19,6.6,923.7,15.44,5.84,0,0,95
datainjector-98ccb8f89-wr5hg,23/01/2025 21:19,660.3,1.18,15.44,7.64,0,0,96
postgres-7b7f6d75f9-q5dvq,23/01/2025 21:19,758.8,94.06,15.44,0.59,0,0,39
redis-65d8857849-9n6lp,23/01/2025 21:19,1858.6,3.339,15.44,21.62,0,0,7
analyzer-79d4c78db5-g626p,23/01/2025 21:19,4610.2,2.062,15.44,13.35,0,0,152
crud-rest-7c7fd547c9-rs5hs,23/01/2025 21:19,4.6,923.7,15.44,5.84,0,0,95
datainjector-98ccb8f89-wr5hg,23/01/2025 21:19,385.2,1.18,15.44,7.64,0,0,95
postgres-7b7f6d75f9-q5dvq,23/01/2025 21:19,591.5,94.06,15.44,0.59,0,0,39
redis-65d8857849-9n6lp,23/01/2025 21:19,1849.9,3.397,15.44,21.99,0,0,7
analyzer-79d4c78db5-g626p,23/01/2025 21:19,4284,2.062,15.44,13.35,0,0,152
crud-rest-7c7fd547c9-rs5hs,23/01/2025 21:19,9.4,923.7,15.44,5.84,0,0,95
datainjector-98ccb8f89-wr5hg,23/01/2025 21:19,19.5,1.18,15.44,7.64,0,0,95
postgres-7b7f6d75f9-q5dvq,23/01/2025 21:19,669,94.06,15.44,0.59,0,0,39
redis-65d8857849-9n6lp,23/01/2025 21:19,1848.8,3.448,15.44,22.33,0,0,7
analyzer-79d4c78db5-g626p,23/01/2025 21:19,5240.5,2.062,15.44,13.35,0,0,151
crud-rest-7c7fd547c9-rs5hs,23/01/2025 21:19,4.4,923.7,15.44,5.84,0,0,95
datainjector-98ccb8f89-wr5hg,23/01/2025 21:19,490.1,1.18,15.44,7.64,0,0,95
postgres-7b7f6d75f9-q5dvq,23/01/2025 21:19,738.9,94.06,15.44,0.59,0,0,39
redis-65d8857849-9n6lp,23/01/2025 21:19,1864.7,3.479,15.44,22.53,0,0,7
analyzer-79d4c78db5-g626p,23/01/2025 21:19,5103.9,2.062,15.44,13.35,0,0,152
crud-rest-7c7fd547c9-rs5hs,23/01/2025 21:19,5,923.6,15.44,5.84,0,0,94
datainjector-98ccb8f89-wr5hg,23/01/2025 21:19,732.7,1.18,15.44,7.64,0,0,95
postgres-7b7f6d75f9-q5dvq,23/01/2025 21:19,754.8,94.06,15.44,0.59,0,0,39
redis-65d8857849-9n6lp,23/01/2025 21:19,1820.7,3.504,15.44,22.69,0,0,7
analyzer-79d4c78db5-g626p,23/01/2025 21:19,4860.3,2.062,15.44,13.35,0,0,152
crud-rest-7c7fd547c9-rs5hs,23/01/2025 21:19,4.6,923.6,15.44,5.84,0,0,94
datainjector-98ccb8f89-wr5hg,23/01/2025 21:19,720,1.18,15.44,7.64,0,0,95
postgres-7b7f6d75f9-q5dvq,23/01/2025 21:19,715.6,94.06,15.44,0.59,0,0,39
redis-65d8857849-9n6lp,23/01/2025 21:20,1888.1,3.512,15.44,22.74,0,0,7
analyzer-79d4c78db5-g626p,23/01/2025 21:20,4743.9,2.062,15.44,13.35,0,0,153
crud-rest-7c7fd547c9-rs5hs,23/01/2025 21:20,6.2,923.6,15.44,5.84,0,0,94
datainjector-98ccb8f89-wr5hg,23/01/2025 21:20,519.8,1.18,15.44,7.64,0,0,95
postgres-7b7f6d75f9-q5dvq,23/01/2025 21:20,705.5,94.06,15.44,0.59,0,0,39
redis-65d8857849-9n6lp,23/01/2025 21:20,1874.6,3.54,15.44,22.92,0,0,7
analyzer-79d4c78db5-g626p,23/01/2025 21:20,4637.6,2.062,15.44,13.35,0,0,153
crud-rest-7c7fd547c9-rs5hs,23/01/2025 21:20,6.4,923.6,15.44,5.84,0,0,94
datainjector-98ccb8f89-wr5hg,23/01/2025 21:20,687.9,1.18,15.44,7.64,0,0,95
postgres-7b7f6d75f9-q5dvq,23/01/2025 21:20,666.9,94.06,15.44,0.59,0,0,39
redis-65d8857849-9n6lp,23/01/2025 21:20,1724,3.554,15.44,23.01,0,0,7
analyzer-79d4c78db5-g626p,23/01/2025 21:20,4551.2,2.062,15.44,13.35,0,0,153
crud-rest-7c7fd547c9-rs5hs,23/01/2025 21:20,4.1,923.6,15.44,5.84,0,0,94
datainjector-98ccb8f89-wr5hg,23/01/2025 21:20,595,1.18,15.44,7.64,0,0,96
postgres-7b7f6d75f9-q5dvq,23/01/2025 21:20,646.5,94.06,15.44,0.59,0,0,39
redis-65d8857849-9n6lp,23/01/2025 21:20,1803.4,3.567,15.44,23.09,0,0,7
analyzer-79d4c78db5-g626p,23/01/2025 21:20,4978.4,2.062,15.44,13.35,0,0,154
crud-rest-7c7fd547c9-rs5hs,23/01/2025 21:20,8.4,923.6,15.44,5.84,0,0,94
datainjector-98ccb8f89-wr5hg,23/01/2025 21:20,282.5,1.18,15.44,7.64,0,0,96
postgres-7b7f6d75f9-q5dvq,23/01/2025 21:20,703.6,94.06,15.44,0.59,0,0,39
redis-65d8857849-9n6lp,23/01/2025 21:20,1759,3.566,15.44,23.09,0,0,7
analyzer-79d4c78db5-g626p,23/01/2025 21:20,4897.8,2.062,15.44,13.35,0,0,156
crud-rest-7c7fd547c9-rs5hs,23/01/2025 21:20,3.6,923.6,15.44,5.84,0,0,94
datainjector-98ccb8f89-wr5hg,23/01/2025 21:20,303.2,1.18,15.44,7.64,0,0,96
postgres-7b7f6d75f9-q5dvq,23/01/2025 21:20,686.7,94.06,15.44,0.59,0,0,39
redis-65d8857849-9n6lp,23/01/2025 21:20,1805.8,3.594,15.44,23.27,0,0,7
analyzer-79d4c78db5-g626p,23/01/2025 21:20,5513.5,2.063,15.44,13.36,0,0,156
crud-rest-7c7fd547c9-rs5hs,23/01/2025 21:20,11.9,923.7,15.44,5.84,0,0,95
datainjector-98ccb8f89-wr5hg,23/01/2025 21:20,110.2,1.18,15.44,7.64,0,0,96
postgres-7b7f6d75f9-q5dvq,23/01/2025 21:20,663,94.06,15.44,0.59,0,0,39
redis-65d8857849-9n6lp,23/01/2025 21:20,892,3.253,15.44,21.06,0,0,6
analyzer-79d4c78db5-g626p,23/01/2025 21:20,5824.6,2.062,15.44,13.35,0,0,155
crud-rest-7c7fd547c9-rs5hs,23/01/2025 21:20,3.6,923.7,15.44,5.84,0,0,95
datainjector-98ccb8f89-wr5hg,23/01/2025 21:20,414.3,1.18,15.44,7.64,0,0,96
postgres-7b7f6d75f9-q5dvq,23/01/2025 21:20,852,94.06,15.44,0.59,0,0,39
redis-65d8857849-9n6lp,23/01/2025 21:20,847.7,3.256,15.44,21.08,0,0,6
analyzer-79d4c78db5-g626p,23/01/2025 21:20,6217.6,2.063,15.44,13.35,0,0,156
crud-rest-7c7fd547c9-rs5hs,23/01/2025 21:20,3.9,923.7,15.44,5.84,0,0,95
datainjector-98ccb8f89-wr5hg,23/01/2025 21:20,507.4,1.18,15.44,7.64,0,0,96
postgres-7b7f6d75f9-q5dvq,23/01/2025 21:20,863.9,94.06,15.44,0.59,0,0,39
redis-65d8857849-9n6lp,23/01/2025 21:20,819,3.256,15.44,21.08,0,0,6
analyzer-79d4c78db5-g626p,23/01/2025 21:20,5936.2,2.063,15.44,13.35,0,0,156
crud-rest-7c7fd547c9-rs5hs,23/01/2025 21:20,4.5,923.7,15.44,5.84,0,0,95
datainjector-98ccb8f89-wr5hg,23/01/2025 21:20,176.3,1.18,15.44,7.64,0,0,95
postgres-7b7f6d75f9-q5dvq,23/01/2025 21:20,837.2,94.06,15.44,0.59,0,0,39
redis-65d8857849-9n6lp,23/01/2025 21:20,805.8,3.264,15.44,21.14,0,0,6
analyzer-79d4c78db5-g626p,23/01/2025 21:20,5859.5,2.063,15.44,13.36,0,0,155
crud-rest-7c7fd547c9-rs5hs,23/01/2025 21:20,3.9,923.7,15.44,5.84,0,0,95
datainjector-98ccb8f89-wr5hg,23/01/2025 21:20,658.4,1.18,15.44,7.64,0,0,95
postgres-7b7f6d75f9-q5dvq,23/01/2025 21:20,720.8,94.06,15.44,0.59,0,0,39
redis-65d8857849-9n6lp,23/01/2025 21:20,911.6,3.256,15.44,21.08,0,0,6
analyzer-79d4c78db5-g626p,23/01/2025 21:20,5929.4,2.063,15.44,13.35,0,0,154
crud-rest-7c7fd547c9-rs5hs,23/01/2025 21:20,6.4,923.7,15.44,5.84,0,0,95
datainjector-98ccb8f89-wr5hg,23/01/2025 21:20,366.6,1.18,15.44,7.64,0,0,95
postgres-7b7f6d75f9-q5dvq,23/01/2025 21:20,831.1,94.06,15.44,0.59,0,0,39
redis-65d8857849-9n6lp,23/01/2025 21:20,783.4,3.249,15.44,21.04,0,0,6
analyzer-79d4c78db5-g626p,23/01/2025 21:20,4801.8,2.062,15.44,13.35,0,0,154
crud-rest-7c7fd547c9-rs5hs,23/01/2025 21:20,8.6,923.7,15.44,5.84,0,0,95
datainjector-98ccb8f89-wr5hg,23/01/2025 21:20,353.7,1.18,15.44,7.64,0,0,95
postgres-7b7f6d75f9-q5dvq,23/01/2025 21:20,631.5,94.06,15.44,0.59,0,0,39
redis-65d8857849-9n6lp,23/01/2025 21:20,896,3.265,15.44,21.14,0,0,6
analyzer-79d4c78db5-g626p,23/01/2025 21:20,6687.6,2.063,15.44,13.35,0,0,154
crud-rest-7c7fd547c9-rs5hs,23/01/2025 21:20,4,923.6,15.44,5.84,0,0,94
datainjector-98ccb8f89-wr5hg,23/01/2025 21:20,514.5,1.18,15.44,7.64,0,0,95
postgres-7b7f6d75f9-q5dvq,23/01/2025 21:20,842.8,94.19,15.44,0.6,0,0,39
redis-65d8857849-9n6lp,23/01/2025 21:21,890.9,3.265,15.44,21.14,0,0,6
analyzer-79d4c78db5-g626p,23/01/2025 21:21,5992.9,2.063,15.44,13.35,0,0,153
crud-rest-7c7fd547c9-rs5hs,23/01/2025 21:21,5.7,923.6,15.44,5.84,0,0,94
datainjector-98ccb8f89-wr5hg,23/01/2025 21:21,89.4,1.18,15.44,7.64,0,0,95
postgres-7b7f6d75f9-q5dvq,23/01/2025 21:21,830.6,94.07,15.44,0.59,0,0,39
redis-65d8857849-9n6lp,23/01/2025 21:21,921.4,3.247,15.44,21.03,0,0,6
analyzer-79d4c78db5-g626p,23/01/2025 21:21,6283.8,2.063,15.44,13.35,0,0,153
crud-rest-7c7fd547c9-rs5hs,23/01/2025 21:21,4,923.6,15.44,5.84,0,0,94
datainjector-98ccb8f89-wr5hg,23/01/2025 21:21,311.6,1.18,15.44,7.64,0,0,95
postgres-7b7f6d75f9-q5dvq,23/01/2025 21:21,869.8,94.06,15.44,0.59,0,0,39
redis-65d8857849-9n6lp,23/01/2025 21:21,907.6,3.265,15.44,21.14,0,0,6
analyzer-79d4c78db5-g626p,23/01/2025 21:21,5336.7,2.063,15.44,13.35,0,0,153
crud-rest-7c7fd547c9-rs5hs,23/01/2025 21:21,4.3,923.6,15.44,5.84,0,0,94
datainjector-98ccb8f89-wr5hg,23/01/2025 21:21,602.4,1.18,15.44,7.64,0,0,95
postgres-7b7f6d75f9-q5dvq,23/01/2025 21:21,775.6,94.06,15.44,0.59,0,0,39
redis-65d8857849-9n6lp,23/01/2025 21:21,835.6,3.268,15.44,21.16,0,0,6
analyzer-79d4c78db5-g626p,23/01/2025 21:21,5462,2.063,15.44,13.35,0,0,152
crud-rest-7c7fd547c9-rs5hs,23/01/2025 21:21,4.5,923.6,15.44,5.84,0,0,94
datainjector-98ccb8f89-wr5hg,23/01/2025 21:21,372.4,1.18,15.44,7.64,0,0,95
postgres-7b7f6d75f9-q5dvq,23/01/2025 21:21,784.7,94.06,15.44,0.59,0,0,39
redis-65d8857849-9n6lp,23/01/2025 21:21,805.1,3.264,15.44,21.13,0,0,6
analyzer-79d4c78db5-g626p,23/01/2025 21:21,6109.8,2.062,15.44,13.35,0,0,151
crud-rest-7c7fd547c9-rs5hs,23/01/2025 21:21,4.5,923.6,15.44,5.84,0,0,94
datainjector-98ccb8f89-wr5hg,23/01/2025 21:21,530.1,1.18,15.44,7.64,0,0,95
postgres-7b7f6d75f9-q5dvq,23/01/2025 21:21,808.2,94.06,15.44,0.59,0,0,39
redis-65d8857849-9n6lp,23/01/2025 21:21,860.4,3.258,15.44,21.09,0,0,6
analyzer-79d4c78db5-g626p,23/01/2025 21:21,6323.5,2.063,15.44,13.35,0,0,152
crud-rest-7c7fd547c9-rs5hs,23/01/2025 21:21,3.3,923.6,15.44,5.84,0,0,94
datainjector-98ccb8f89-wr5hg,23/01/2025 21:21,201.1,1.182,15.44,7.65,0,0,95
postgres-7b7f6d75f9-q5dvq,23/01/2025 21:21,700.9,94.06,15.44,0.59,0,0,39
redis-65d8857849-9n6lp,23/01/2025 21:21,862.3,3.261,15.44,21.11,0,0,6
analyzer-79d4c78db5-g626p,23/01/2025 21:21,5847.5,2.063,15.44,13.35,0,0,153
crud-rest-7c7fd547c9-rs5hs,23/01/2025 21:21,6.1,923.6,15.44,5.84,0,0,94
datainjector-98ccb8f89-wr5hg,23/01/2025 21:21,306.7,1.182,15.44,7.65,0,0,95
postgres-7b7f6d75f9-q5dvq,23/01/2025 21:21,751.3,94.06,15.44,0.59,0,0,39
redis-65d8857849-9n6lp,23/01/2025 21:21,1832.6,3.384,15.44,21.91,0,0,7
analyzer-79d4c78db5-g626p,23/01/2025 21:21,4620.8,2.063,15.44,13.35,0,0,153
crud-rest-7c7fd547c9-rs5hs,23/01/2025 21:21,4,923.6,15.44,5.84,0,0,94
datainjector-98ccb8f89-wr5hg,23/01/2025 21:21,678.3,1.182,15.44,7.65,0,0,95
postgres-7b7f6d75f9-q5dvq,23/01/2025 21:21,635,94.06,15.44,0.59,0,0,39
redis-65d8857849-9n6lp,23/01/2025 21:21,1760.3,3.413,15.44,22.1,0,0,7
analyzer-79d4c78db5-g626p,23/01/2025 21:21,4835.4,2.063,15.44,13.35,0,0,153
crud-rest-7c7fd547c9-rs5hs,23/01/2025 21:21,3.9,923.6,15.44,5.84,0,0,94
datainjector-98ccb8f89-wr5hg,23/01/2025 21:21,536.8,1.182,15.44,7.65,0,0,95
postgres-7b7f6d75f9-q5dvq,23/01/2025 21:21,677.3,94.06,15.44,0.59,0,0,39
redis-65d8857849-9n6lp,23/01/2025 21:21,1898.8,3.449,15.44,22.33,0,0,7
analyzer-79d4c78db5-g626p,23/01/2025 21:21,5259.2,2.063,15.44,13.35,0,0,153
crud-rest-7c7fd547c9-rs5hs,23/01/2025 21:21,3.8,923.6,15.44,5.84,0,0,94
datainjector-98ccb8f89-wr5hg,23/01/2025 21:21,673.2,1.182,15.44,7.65,0,0,94
postgres-7b7f6d75f9-q5dvq,23/01/2025 21:21,727.8,94.06,15.44,0.59,0,0,39
redis-65d8857849-9n6lp,23/01/2025 21:21,1806.7,3.464,15.44,22.43,0,0,7
analyzer-79d4c78db5-g626p,23/01/2025 21:21,5539.5,2.063,15.44,13.35,0,0,153
crud-rest-7c7fd547c9-rs5hs,23/01/2025 21:21,4.1,923.6,15.44,5.84,0,0,94
datainjector-98ccb8f89-wr5hg,23/01/2025 21:21,213.6,1.182,15.44,7.65,0,0,94
postgres-7b7f6d75f9-q5dvq,23/01/2025 21:21,710.8,94.06,15.44,0.59,0,0,39
redis-65d8857849-9n6lp,23/01/2025 21:21,1691.9,3.472,15.44,22.48,0,0,7
analyzer-79d4c78db5-g626p,23/01/2025 21:21,4967,2.063,15.44,13.35,0,0,153
crud-rest-7c7fd547c9-rs5hs,23/01/2025 21:21,8.1,923.6,15.44,5.84,0,0,94
datainjector-98ccb8f89-wr5hg,23/01/2025 21:21,221.2,1.182,15.44,7.65,0,0,94
postgres-7b7f6d75f9-q5dvq,23/01/2025 21:21,649.3,94.06,15.44,0.59,0,0,39
redis-65d8857849-9n6lp,23/01/2025 21:21,1909.4,3.51,15.44,22.73,0,0,7
analyzer-79d4c78db5-g626p,23/01/2025 21:21,4641.2,2.063,15.44,13.35,0,0,154
crud-rest-7c7fd547c9-rs5hs,23/01/2025 21:21,10,923.6,15.44,5.84,0,0,94
datainjector-98ccb8f89-wr5hg,23/01/2025 21:21,524.3,1.182,15.44,7.65,0,0,94
postgres-7b7f6d75f9-q5dvq,23/01/2025 21:21,672.5,94.06,15.44,0.59,0,0,39
redis-65d8857849-9n6lp,23/01/2025 21:21,1769.3,3.532,15.44,22.87,0,0,7
analyzer-79d4c78db5-g626p,23/01/2025 21:21,5035.1,2.063,15.44,13.35,0,0,154
crud-rest-7c7fd547c9-rs5hs,23/01/2025 21:21,5.8,923.5,15.44,5.84,0,0,93
datainjector-98ccb8f89-wr5hg,23/01/2025 21:21,580.1,1.182,15.44,7.65,0,0,94
postgres-7b7f6d75f9-q5dvq,23/01/2025 21:21,727.4,94.06,15.44,0.59,0,0,39
redis-65d8857849-9n6lp,23/01/2025 21:22,1847.4,3.571,15.44,23.12,0,0,7
analyzer-79d4c78db5-g626p,23/01/2025 21:22,4804.2,2.063,15.44,13.36,0,0,154
crud-rest-7c7fd547c9-rs5hs,23/01/2025 21:22,3.9,923.6,15.44,5.84,0,0,93
datainjector-98ccb8f89-wr5hg,23/01/2025 21:22,595.4,1.182,15.44,7.65,0,0,94
postgres-7b7f6d75f9-q5dvq,23/01/2025 21:22,740.7,94.07,15.44,0.59,0,0,39
redis-65d8857849-9n6lp,23/01/2025 21:22,1879.5,3.595,15.44,23.28,0,0,7
analyzer-79d4c78db5-g626p,23/01/2025 21:22,4695.5,2.063,15.44,13.36,0,0,154
crud-rest-7c7fd547c9-rs5hs,23/01/2025 21:22,5.4,923.6,15.44,5.84,0,0,93
datainjector-98ccb8f89-wr5hg,23/01/2025 21:22,643.6,1.182,15.44,7.65,0,0,94
postgres-7b7f6d75f9-q5dvq,23/01/2025 21:22,704.5,94.06,15.44,0.59,0,0,39
redis-65d8857849-9n6lp,23/01/2025 21:22,1795.1,3.61,15.44,23.37,0,0,7
analyzer-79d4c78db5-g626p,23/01/2025 21:22,4679.1,2.063,15.44,13.36,0,0,154
crud-rest-7c7fd547c9-rs5hs,23/01/2025 21:22,10.2,923.7,15.44,5.84,0,0,95
datainjector-98ccb8f89-wr5hg,23/01/2025 21:22,313.7,1.182,15.44,7.65,0,0,96
postgres-7b7f6d75f9-q5dvq,23/01/2025 21:22,665.1,94.06,15.44,0.59,0,0,39
redis-65d8857849-9n6lp,23/01/2025 21:22,1605.2,3.315,15.44,21.47,0,0,6
analyzer-79d4c78db5-g626p,23/01/2025 21:22,5034.4,2.063,15.44,13.36,0,0,156
crud-rest-7c7fd547c9-rs5hs,23/01/2025 21:22,3.9,923.7,15.44,5.84,0,0,95
datainjector-98ccb8f89-wr5hg,23/01/2025 21:22,156.6,1.182,15.44,7.65,0,0,96
postgres-7b7f6d75f9-q5dvq,23/01/2025 21:22,652.1,94.06,15.44,0.59,0,0,39
redis-65d8857849-9n6lp,23/01/2025 21:22,875.3,3.323,15.44,21.51,0,0,6
analyzer-79d4c78db5-g626p,23/01/2025 21:22,6419.5,2.063,15.44,13.36,0,0,155
crud-rest-7c7fd547c9-rs5hs,23/01/2025 21:22,4.2,923.6,15.44,5.84,0,0,93
datainjector-98ccb8f89-wr5hg,23/01/2025 21:22,270.5,1.182,15.44,7.66,0,0,96
postgres-7b7f6d75f9-q5dvq,23/01/2025 21:22,931.2,94.06,15.44,0.59,0,0,39
redis-65d8857849-9n6lp,23/01/2025 21:22,822,3.331,15.44,21.57,0,0,6
analyzer-79d4c78db5-g626p,23/01/2025 21:22,5482.3,2.063,15.44,13.36,0,0,155
crud-rest-7c7fd547c9-rs5hs,23/01/2025 21:22,7.8,923.8,15.44,5.84,0,0,95
datainjector-98ccb8f89-wr5hg,23/01/2025 21:22,296.4,1.182,15.44,7.66,0,0,96
postgres-7b7f6d75f9-q5dvq,23/01/2025 21:22,754,94.06,15.44,0.59,0,0,39
redis-65d8857849-9n6lp,23/01/2025 21:22,896.9,3.344,15.44,21.65,0,0,6
analyzer-79d4c78db5-g626p,23/01/2025 21:22,5334.9,2.063,15.44,13.36,0,0,154
crud-rest-7c7fd547c9-rs5hs,23/01/2025 21:22,8.3,923.7,15.44,5.84,0,0,95
datainjector-98ccb8f89-wr5hg,23/01/2025 21:22,224.9,1.182,15.44,7.66,0,0,96
postgres-7b7f6d75f9-q5dvq,23/01/2025 21:22,777.3,94.06,15.44,0.59,0,0,39
redis-65d8857849-9n6lp,23/01/2025 21:22,755.8,3.357,15.44,21.73,0,0,6
analyzer-79d4c78db5-g626p,23/01/2025 21:22,4486.3,2.063,15.44,13.36,0,0,154
crud-rest-7c7fd547c9-rs5hs,23/01/2025 21:22,5.6,923.7,15.44,5.84,0,0,95
datainjector-98ccb8f89-wr5hg,23/01/2025 21:22,742.5,1.182,15.44,7.66,0,0,96
postgres-7b7f6d75f9-q5dvq,23/01/2025 21:22,575.2,94.06,15.44,0.59,0,0,39
redis-65d8857849-9n6lp,23/01/2025 21:22,926.1,3.367,15.44,21.8,0,0,6
analyzer-79d4c78db5-g626p,23/01/2025 21:22,6003.3,2.063,15.44,13.36,0,0,154
crud-rest-7c7fd547c9-rs5hs,23/01/2025 21:22,3.9,923.7,15.44,5.84,0,0,95
datainjector-98ccb8f89-wr5hg,23/01/2025 21:22,307.4,1.182,15.44,7.66,0,0,96
postgres-7b7f6d75f9-q5dvq,23/01/2025 21:22,858.6,94.06,15.44,0.59,0,0,39
redis-65d8857849-9n6lp,23/01/2025 21:22,925.8,3.375,15.44,21.85,0,0,6
analyzer-79d4c78db5-g626p,23/01/2025 21:22,6279.9,2.063,15.44,13.36,0,0,154
crud-rest-7c7fd547c9-rs5hs,23/01/2025 21:22,5.1,923.7,15.44,5.84,0,0,95
datainjector-98ccb8f89-wr5hg,23/01/2025 21:22,51.5,1.182,15.44,7.65,0,0,95
postgres-7b7f6d75f9-q5dvq,23/01/2025 21:22,841.8,94.07,15.44,0.59,0,0,39
redis-65d8857849-9n6lp,23/01/2025 21:22,905.3,3.39,15.44,21.95,0,0,6
analyzer-79d4c78db5-g626p,23/01/2025 21:22,6171.4,2.063,15.44,13.36,0,0,153
crud-rest-7c7fd547c9-rs5hs,23/01/2025 21:22,5,923.7,15.44,5.84,0,0,95
datainjector-98ccb8f89-wr5hg,23/01/2025 21:22,111.9,1.184,15.44,7.67,0,0,95
postgres-7b7f6d75f9-q5dvq,23/01/2025 21:22,804.3,94.06,15.44,0.59,0,0,39
redis-65d8857849-9n6lp,23/01/2025 21:22,867,3.395,15.44,21.98,0,0,6
analyzer-79d4c78db5-g626p,23/01/2025 21:22,6296.8,2.057,15.44,13.32,0,0,151
crud-rest-7c7fd547c9-rs5hs,23/01/2025 21:22,4.6,923.7,15.44,5.84,0,0,95
datainjector-98ccb8f89-wr5hg,23/01/2025 21:22,512.3,1.184,15.44,7.67,0,0,95
postgres-7b7f6d75f9-q5dvq,23/01/2025 21:22,761,94.06,15.44,0.59,0,0,39
redis-65d8857849-9n6lp,23/01/2025 21:22,819.2,3.412,15.44,22.09,0,0,6
analyzer-79d4c78db5-g626p,23/01/2025 21:22,5995.5,2.057,15.44,13.32,0,0,150
crud-rest-7c7fd547c9-rs5hs,23/01/2025 21:22,5.3,923.7,15.44,5.84,0,0,94
datainjector-98ccb8f89-wr5hg,23/01/2025 21:22,59.3,1.184,15.44,7.67,0,0,95
postgres-7b7f6d75f9-q5dvq,23/01/2025 21:22,798.1,94.06,15.44,0.59,0,0,39
redis-65d8857849-9n6lp,23/01/2025 21:22,855.9,3.413,15.44,22.1,0,0,6
analyzer-79d4c78db5-g626p,23/01/2025 21:22,6145,2.057,15.44,13.32,0,0,149
crud-rest-7c7fd547c9-rs5hs,23/01/2025 21:22,7.8,923.7,15.44,5.84,0,0,94
datainjector-98ccb8f89-wr5hg,23/01/2025 21:22,615.9,1.185,15.44,7.67,0,0,95
postgres-7b7f6d75f9-q5dvq,23/01/2025 21:22,716.4,94.06,15.44,0.59,0,0,39
redis-65d8857849-9n6lp,23/01/2025 21:23,839.9,3.432,15.44,22.22,0,0,6
analyzer-79d4c78db5-g626p,23/01/2025 21:23,5096.1,2.057,15.44,13.32,0,0,148
crud-rest-7c7fd547c9-rs5hs,23/01/2025 21:23,5.2,923.7,15.44,5.84,0,0,94
datainjector-98ccb8f89-wr5hg,23/01/2025 21:23,724.4,1.184,15.44,7.67,0,0,95
postgres-7b7f6d75f9-q5dvq,23/01/2025 21:23,648.3,94.06,15.44,0.59,0,0,39
redis-65d8857849-9n6lp,23/01/2025 21:23,914.9,3.441,15.44,22.28,0,0,6
analyzer-79d4c78db5-g626p,23/01/2025 21:23,6162.1,2.057,15.44,13.32,0,0,148
crud-rest-7c7fd547c9-rs5hs,23/01/2025 21:23,3.5,923.7,15.44,5.84,0,0,94
datainjector-98ccb8f89-wr5hg,23/01/2025 21:23,334.4,1.184,15.44,7.67,0,0,95
postgres-7b7f6d75f9-q5dvq,23/01/2025 21:23,833.6,94.06,15.44,0.59,0,0,39
redis-65d8857849-9n6lp,23/01/2025 21:23,939.4,3.432,15.44,22.22,0,0,6
analyzer-79d4c78db5-g626p,23/01/2025 21:23,5536.6,2.057,15.44,13.32,0,0,148
crud-rest-7c7fd547c9-rs5hs,23/01/2025 21:23,6.3,923.7,15.44,5.84,0,0,94
datainjector-98ccb8f89-wr5hg,23/01/2025 21:23,613.7,1.184,15.44,7.67,0,0,95
postgres-7b7f6d75f9-q5dvq,23/01/2025 21:23,735.3,94.06,15.44,0.59,0,0,39
redis-65d8857849-9n6lp,23/01/2025 21:23,1155.7,3.479,15.44,22.52,0,0,7
analyzer-79d4c78db5-g626p,23/01/2025 21:23,3885.6,2.057,15.44,13.32,0,0,148
crud-rest-7c7fd547c9-rs5hs,23/01/2025 21:23,5.2,923.7,15.44,5.84,0,0,94
datainjector-98ccb8f89-wr5hg,23/01/2025 21:23,486.4,1.185,15.44,7.67,0,0,95
postgres-7b7f6d75f9-q5dvq,23/01/2025 21:23,525.3,94.06,15.44,0.59,0,0,39
redis-65d8857849-9n6lp,23/01/2025 21:23,1871.1,3.548,15.44,22.97,0,0,7
analyzer-79d4c78db5-g626p,23/01/2025 21:23,4704.1,2.057,15.44,13.32,0,0,148
crud-rest-7c7fd547c9-rs5hs,23/01/2025 21:23,4.3,923.7,15.44,5.84,0,0,94
datainjector-98ccb8f89-wr5hg,23/01/2025 21:23,776.2,1.185,15.44,7.67,0,0,95
postgres-7b7f6d75f9-q5dvq,23/01/2025 21:23,697.6,94.07,15.44,0.59,0,0,39
redis-65d8857849-9n6lp,23/01/2025 21:23,1939.5,3.574,15.44,23.14,0,0,7
analyzer-79d4c78db5-g626p,23/01/2025 21:23,4906.8,2.057,15.44,13.32,0,0,148
crud-rest-7c7fd547c9-rs5hs,23/01/2025 21:23,3.8,923.7,15.44,5.84,0,0,95
datainjector-98ccb8f89-wr5hg,23/01/2025 21:23,658.8,1.186,15.44,7.68,0,0,95
postgres-7b7f6d75f9-q5dvq,23/01/2025 21:23,689.7,94.07,15.44,0.59,0,0,39
redis-65d8857849-9n6lp,23/01/2025 21:23,1930.9,3.596,15.44,23.28,0,0,7
analyzer-79d4c78db5-g626p,23/01/2025 21:23,5156.2,2.057,15.44,13.32,0,0,149
crud-rest-7c7fd547c9-rs5hs,23/01/2025 21:23,9.8,923.7,15.44,5.84,0,0,95
datainjector-98ccb8f89-wr5hg,23/01/2025 21:23,344.7,1.186,15.44,7.68,0,0,95
postgres-7b7f6d75f9-q5dvq,23/01/2025 21:23,696.5,94.06,15.44,0.59,0,0,39
